id,loudness,dissonance_mean,dynamic_complexity,pitch_salience_mean,spectral_centroid_mean,spectral_complexity_mean,spectral_decrease_mean,spectral_energyband_high_mean,spectral_energyband_low_mean,spectral_energyband_middle_mean,spectral_energyband_middle_high_mean,spectral_energyband_middle_low_mean,spectral_entropy_mean,spectral_kurtosis_mean,spectral_rms_mean,spectral_rolloff_mean,spectral_skewness_mean,spectral_spread_mean,zerocr_mean,mfcc1_mean,mfcc2_mean,mfcc3_mean,mfcc4_mean,mfcc5_mean,mfcc6_mean,mfcc7_mean,mfcc8_mean,mfcc9_mean,mfcc10_mean,mfcc11_mean,mfcc12_mean,mfcc13_mean,onset_rate,chords_changes_rate,chords_number_rate,chord,chord_strength,chord_scale,key,key_scale,key_strength,meter,pulse_clarity_low_mean,pulse_clarity_middle_low_mean,pulse_clarity_middle_mean,pulse_clarity_middle_high_mean,pulse_clarity_high_mean,attack_slope_low_mean,attack_slope_middle_low_mean,attack_slope_middle_mean,attack_slope_middle_high_mean,attack_slope_high_mean,spectral_flatness_low_mean,spectral_flatness_middle_low_mean,spectral_flatness_middle_mean,spectral_flatness_middle_high_mean,spectral_flatness_high_mean,entropia_clarity_low,entropia_clarity_middle_low,entropia_clarity_middle,entropia_clarity_middle_high,entropia_clarity_high,attack_time_low_mean,attack_time_middle_low_mean,attack_time_middle_mean,attack_time_middle_high_mean,attack_time_high_mean,spectral_flux_low_mean,spectral_flux_middle_low_mean,spectral_flux_middle_mean,spectral_flux_middle_high_mean,spectral_flux_high_mean,bpm
4nem26iLmAMLICncKCGcxJ,0.976653516293,0.490947663784,1.30958020687,54.0044021606,0.00233826972544,2820.53515625,35.4068603516,0.040177706629,0.00565872434527,0.0216342285275,0.00918730907142,0.00398154882714,8.25346851349,2.13330411911,0.00615037279204,3884.4465332,1.19121348858,6276134.5,0.113763444126,-580.547668457,38.792175293,-0.5664884448049999,18.9655380249,12.4443511963,16.8071308136,20.4655475616,22.490146637,20.3669052124,17.7361736298,9.91901016235,6.76394891739,4.77764987946,3.19134831429,0.063862927258,0.00934579409659,10.0,2.86137056351,1.0,10.0,1.0,0.665725648403,4,0.496337413787841,0.039680626243352,0.248563975095748,0.129236280918121,0.091088227927684,19.98224078577582,9.877902957277731,12.955440725567833,9.884092795499638,10.847860601369796,5.684223618121628e-05,0.000639935258366,0.004051568655521,0.009492700977889,0.053538531327685,6.048872470855713,4.831200122833252,5.948299407958984,5.925443649291992,5.907772541046143,0.003653862547525,0.001576219460215,0.000758187986974,0.000740684333434,0.000797542897756,0.247198322656708,0.1529481606077,0.262213773220917,0.201153822126616,0.209023832645214,72.4
1r8ujfJ0hvXJifOQSlTLXR,0.978641092777,0.486261487007,1.92860758305,28.60896492,0.0077942321077,2525.13256836,22.4715518951,0.0382382795215,0.00254644267261,0.0262182708829999,0.00342600909062,0.00675104279071,8.01445007324,2.09967923164,0.00577235268429,1891.50231934,1.00681722164,5264511.0,0.06873691082,-620.60369873,66.7543792725,11.1484603882,34.4138259888,5.71908807755,16.6349105835,15.2175827026,11.1128616333,7.1702170372,10.5979824066,5.51586532593,13.6818647385,5.48354244232,3.96399044991,0.0763239860535,0.0124610587955,8.0,2.61282253265,1.0,8.0,0.0,0.445632100105,4,0.62319278717041,0.143122598528862,0.112017452716827,0.116163484752178,0.059836644679307,16.841962540382895,7.982323810474172,7.937977527630842,6.280788856388986,5.7676291492939065,2.777124057877028e-05,0.000262603703089,0.002733535327438,0.005298935091466,0.0218226716582,5.975178241729736,5.196388244628906,5.37429666519165,5.61485481262207,5.362226486206055,0.004021655999677,0.002123468716875,0.000786539467858,0.000744139865018,0.000746957560144,0.259843228632622,0.175336769723707,0.159573583040205,0.124028368915703,0.121379256822716,72.77
4Yog4fmOWvBVgBNCBi8yeJ,0.983765721321,0.4842757284639999,1.8357950449,46.0401268005,0.021823849529,2437.92236328,28.4692134857,0.0405342876911,0.00517152622342,0.0185524653643,0.00705327838659,0.0107075395063,8.06081581116,1.89018332958,0.00596795417368,3400.05078125,0.989539325237,5632981.5,0.10868691653,-595.645629883,48.7339401245,-0.8279324173929999,19.1974430084,0.567592680454,5.41239929199,-6.21009635925,0.320089221001,8.64542770386,14.0702772141,6.20713043213,4.8553519249,7.23128700256,3.22494149208,0.0887850448489,0.010903426446,10.0,2.4761838913,1.0,10.0,1.0,0.499215722084,4,0.448049932718277,0.291211247444152,0.18229404091835,0.096243031322956,0.075744837522506,10.56302943208393,8.660703877063678,12.61932375385817,9.945081235537945,9.960802674388756,0.000178669562904,0.000314307088511,0.002962520138529,0.00488451339491,0.017014935206971,5.754668235778809,5.4568867683410645,5.140913486480713,5.654025077819824,5.231872081756592,0.002716990410622,0.001359451411086,0.00083244542797,0.000798841625003,0.000775482883916,0.22348095992134,0.201349830138314,0.214864538128433,0.15098992254037,0.157045316219283,74.95
7tyYNJGa6LoV9QAk3r0Xbo,0.980387806892,0.4818710982799999,2.27469420433,26.2613601685,0.0428682789207,1843.44702148,20.4925956726,0.0486009977758,0.00255117774941,0.0339004695415,0.00476987147704,0.00869465153664,7.99362707138,2.22311258316,0.00626423023641,1971.37329102,1.15184831619,5978386.5,0.0718915164471,-633.291931152,77.6521072388,16.8094291687,30.262550354,14.149887085,17.0786075592,8.10760307312,9.98076152802,7.14498853683,4.35458898544,0.0184386912733,4.54050588608,2.2994146347,4.40070152283,0.079439252615,0.0124610587955,10.0,2.98393630981,0.0,10.0,1.0,0.5788975954059999,4,0.6729654073715211,0.146439328789711,0.127121165394783,0.046209331601858,0.028082625940442,17.689114122654274,10.084122583159608,7.869439051043329,5.782930875752207,6.193560384699388,0.000229609998684,0.000353156982346,0.003698002072934,0.009985127052018,0.033376325756097,6.009175777435303,5.568377494812012,5.32337760925293,5.454879760742188,5.497886657714844,0.003512592413691,0.002044975781239,0.000828134014947,0.00075863086852,0.000786673643816,0.344771475444805,0.199019376132404,0.173331090802959,0.114111280087702,0.117286019851067,75.07
2WGQOJ6qsTCLhkV010XBqF,0.982919812202,0.490756958723,1.46988415718,35.6643295288,0.00545596238226,2422.86157227,31.4442710876,0.0444783382118,0.00232288590632,0.0282688420266,0.0078235482797,0.00690870592371,8.01769733429,2.64719581604,0.00638001598418,2065.25488281,1.13019895554,4720956.0,0.074391528964,-596.157104492,58.8740081787,-9.4315032959,32.3299713135,19.908952713,23.4272861481,14.810292244,14.1202926636,6.25426149368,11.5696468353,3.52831220627,5.45162153244,-0.854077577591,2.62026500702,0.0763239860535,0.0155763244256,2.0,2.3992292881,0.0,10.0,0.0,0.56014251709,2,0.540546357631683,0.251773357391357,0.168716713786125,0.055953942239284,0.019945194944739,15.840167698571058,7.533824140790692,13.246297364905976,8.239318570041801,7.728892747358434,8.751340092808529e-05,0.000226819959637,0.001592900774888,0.004394431162018,0.017854458890424,5.137560367584228,4.390197277069092,5.142641544342041,4.943385601043701,4.732034683227539,0.004303583752341,0.001392637200599,0.000789788442849,0.000764371682739,0.000696718247738,0.259348049574037,0.173561862996358,0.173695391705711,0.113703269313245,0.108805735544512,87.69
7r2J0SfMm3NIekpg6g96Dx,0.984396338463,0.490639686584,1.76451277733,33.2147216797,0.0077942321077,2570.22583008,31.8643798828,0.0498682782054,0.00426921248436,0.0355024076998,0.00460513401777,0.00685470690951,8.30784225464,1.34441184998,0.00672474130988,2486.10522461,0.961324572563,6235484.5,0.0908621773124,-581.76373291,57.6711273193,16.8107070923,27.3579559326,15.6949338913,18.696428299,6.20656347275,9.91427898407,5.6623134613,11.3157815933,6.58889532089,9.62340736389,6.64217376709,3.25853466988,0.0872274115682,0.0124610587955,10.0,3.12624335289,1.0,10.0,1.0,0.553076386452,4,0.629108667373657,0.162755772471427,0.103686116635799,0.071475997567176,0.069543711841106,12.334237720818466,6.102378383251377,7.749052694126341,6.028546441725744,6.23660540115353,8.93812330707776e-05,0.00059602957468,0.0046680506354,0.008551732612463,0.016861466936233,5.915323257446289,5.411604881286621,5.776706695556641,5.631310939788818,5.234296321868896,0.004104064564894,0.001502236930808,0.000755776184347,0.000724404457123,0.000768891340319,0.185334766509538,0.118218683378977,0.115164650604128,0.093013221397995,0.099225668915793,70.08
2FXnfgUmPm5PdQ5MkjIZ7Z,0.982758283615,0.487729519606,1.0764580965,47.9191932678,0.00155884644482,2651.14233398,40.0709266663,0.0472795255482,0.00604340620339,0.0255807414651,0.00900651142001,0.00730626983568,8.23122406006,1.77927732468,0.00665422203019,3230.68359375,1.00863003731,5497327.5,0.104054145515,-560.583618164,48.9044075012,-0.799093782902,19.7360076904,6.72589111328,17.7353248596,9.35846805573,11.1488542557,6.47642564774,8.40896224976,6.62691116333,10.2239313126,5.1081776619,2.31792664528,0.0451713390648,0.00778816221282,10.0,2.60259580612,1.0,10.0,1.0,0.625806033611,4,0.532136917114257,0.078073062002658,0.187201932072639,0.125251993536949,0.112879119813442,18.830594432178053,11.686677758048631,18.28685121777932,14.25400888810302,14.282097484164549,9.33656729294385e-05,0.000364341713807,0.003385774241433,0.008052065244308,0.058210380263797,5.87917423248291,4.941807746887207,5.678848743438721,5.827913761138916,5.168601036071777,0.003400660675792,0.001204735472921,0.000786138586313,0.000741343572193,0.000758872055979,0.276028740329082,0.189701810933894,0.263901846288048,0.197944160510023,0.201449153953594,70.69
0ftS7xC955F1Wk1OwbsmBK,0.986560761929,0.4888587296009999,1.2403216362,35.3005027771,0.00155884644482,2651.15893555,34.7918930054,0.0504102706909,0.00457995105535,0.0298424009234,0.00927900243551,0.00675449986011,8.19260787964,2.12011027336,0.00692115956917,2468.98120117,1.20578050613,6013018.0,0.0918417796493,-572.634033203,49.922416687,-1.7196816206,12.1836605072,10.5532941818,13.6404924393,20.5962181091,16.9014892578,13.1604633331,15.6683511734,10.8330259323,12.0854597092,9.72501087189,4.26632881165,0.0841121524572,0.0155763244256,2.0,2.33991670609,0.0,10.0,1.0,0.540480196476,4,0.525598883628845,0.173063114285469,0.183003157377243,0.069655500352382,0.058553930371999,14.90197251247756,8.533981195654093,12.802262290754904,8.558477448108249,8.612664412829545,5.1327506224551656e-05,0.000476714995807,0.002492577531807,0.006803618144754,0.025226985225597,6.013040542602539,4.94409704208374,5.946646213531494,5.947562217712402,5.976736068725586,0.004860414110999,0.001312741312741,0.000772813629956,0.000733880508725,0.000694690919846,0.150946179224128,0.124791815337697,0.180910690219749,0.124029925877173,0.134544788456065,70.07
7ei0ySZ1R4rwtc49s0kZpN,0.939679443836,0.4925038218499999,2.38999199867,38.459236145,0.0724863633513,2638.82788086,33.2268104553,0.0558863990009,0.0048556770198,0.0380014851689,0.00955123454332,0.00332878762856,8.15662097931,2.37399101257,0.00654324889183,2968.92578125,1.15851342678,5067841.0,0.0995812118053,-601.769226074,39.7326660156,-27.5077190399,4.91627788544,7.52797031403,24.7982788086,15.1716346741,13.6954193115,3.37736415863,7.2577662468,0.16914947331,5.41728591919,3.69291639328,3.39290714264,0.079439252615,0.010903426446,1.0,2.77048683167,1.0,10.0,1.0,0.558225035667,4,0.514185428619384,0.037674620747566,0.282775789499282,0.104000225663185,0.062541559338569,9.68047622491962,6.114667284907287,11.03254226534222,6.825198652854763,7.051127173455321,0.001444134853481,0.001137017845978,0.002614253724908,0.006754060925149,0.027474417603602,5.647326946258545,5.068179607391357,5.511567115783691,5.593523979187012,5.585336208343506,0.003330247286291,0.001200874827248,0.000815516682863,0.000734747547934,0.00074078546606,0.192916173796885,0.097740904058596,0.156540289993437,0.112680606800532,0.119766442466626,72.68
2z4TKCcjas1rXrKfqH5lxN,0.976331114769,0.48499673605,1.42325162888,45.1409873962,0.00233826972544,2749.07617188,28.747467041,0.0465948171914,0.0060527427122,0.0275860968977,0.00825140718371,0.00522449798882,8.10830116272,1.57493770123,0.0065321600996,3568.53588867,1.02809715271,6133889.5,0.115226000547,-586.793823242,32.001033783,-1.33489561081,14.540599823,8.81697750092,19.5720272064,16.6903648376,17.749130249,12.5762386322,14.9331388474,10.7165431976,9.28946590424,10.2633695602,3.96399044991,0.124610595405,0.0155763244256,5.0,2.14799571037,0.0,9.0,0.0,0.58193552494,8,0.462610840797424,0.207777947187423,0.15753598511219,0.100127540528774,0.099327698349952,11.45785062335644,6.173978394760359,11.339994956962984,8.420799007103845,8.73574874375598,0.000275010395935,0.000547724216912,0.00272062353156,0.005569026171733,0.022029924556301,5.686733722686768,4.992980480194092,5.505056381225586,5.735398769378662,5.8520026206970215,0.003936846769359,0.001407709750566,0.000843148688046,0.000742986718496,0.000716164561062,0.278796540816636,0.161707805933107,0.196801480179847,0.152205978714057,0.163020798607098,75.04
4uWVsQ8aM9GVENQalbvq75,0.986043572426,0.4943538904189999,1.19573533535,53.3286056519,0.00311769288965,2956.85839844,42.3125495911,0.0359077006578,0.00424647051841,0.0192946288735,0.0102227181196,0.00261321733706,8.1906080246,3.04048061371,0.00584428757429,3345.87133789,1.26669812202,4794099.5,0.103030391037,-576.353759766,37.4611434937,-19.0325889587,21.4110832214,12.7541246414,15.6036510468,18.8527374268,20.2323970795,14.0750055313,16.4485874176,10.7858915329,14.5336236954,9.19495391846,3.29212760925,0.0451713390648,0.00623052939773,10.0,3.16973161697,1.0,10.0,1.0,0.567229270935,2,0.449046730995178,0.101265311241149,0.293593436479568,0.142850369215011,0.070788651704788,14.45508082015304,7.339089363759728,16.39697473858102,12.3750577781835,11.481343463508844,0.000120884569748,0.000663829421564,0.002529756632522,0.005968976185875,0.033514905879725,6.00831937789917,5.128821849822998,5.987484455108643,6.085340976715088,5.958913326263428,0.003936414748547,0.001343967472046,0.000780449165967,0.000739541793728,0.000743607787942,0.162722160684087,0.109739880635751,0.241248969647432,0.176778549194359,0.170241185695702,77.84
4GHc8mQeCVWq8MlD1CEmv2,0.976745545864,0.4946158230299999,1.99944877625,89.2882003784,0.0148090412839999,3456.32617188,27.1200313568,0.017765564844,0.00484235072508,0.00725439470261,0.00489206053317,0.000806043623015,8.29315185547,1.90914690495,0.00401693582535,5665.234375,1.08334684372,5484464.5,0.162427917123,-612.382385254,14.0416812897,-7.79351139069,20.5513687134,13.7752447128,22.0486984253,15.409078598,12.9503650665,12.1132583618,15.7095861435,16.8172206879,13.1767864227,7.01178264618,3.29212760925,0.0607476644218,0.00467289704829,10.0,3.20033836365,1.0,10.0,1.0,0.578546345234,4,0.500729799270629,0.03873499110341,0.144584506750106,0.21061997115612,0.126198500394821,6.503280188317979,2.6767531782601592,9.22140455554936,7.813214751794153,7.643635226303424,0.0003138024316,0.002248628058649,0.003914437857257,0.005155032339729,0.014084756956629,5.946645736694336,4.956804275512695,5.744370937347412,5.804682731628418,5.844982147216797,0.004819825072886,0.001113054745707,0.000806997084548,0.000773436993845,0.000698542274052,0.054932438310072,0.042799971145118,0.12763517322558,0.124878196946472,0.129393547761701,70.3
2alDalhotF1t7ldnToc0Ec,0.974770367146,0.48996040225,1.47965049744,51.6190071106,0.0077942321077,2743.41259766,34.0943107605,0.035080909729,0.0048624179326,0.0182165894657,0.0084467679262199,0.00335245300084,8.25480937958,2.20375370979,0.0056687691249,4096.99902344,1.18577754498,6111843.0,0.123562179506,-585.071105957,45.9845199585,-2.33105063438,9.74813938141,5.5175809860200005,13.0117340088,13.4838314056,13.9525680542,9.57400226593,8.12854003906,2.34981560707,4.00859832764,4.35096073151,3.0905687809,0.1074766367669999,0.0155763244256,10.0,2.73011136055,0.0,10.0,0.0,0.597987115383,3,0.466439008712768,0.035305574536323,0.27069267630577,0.111950330436229,0.114426910877227,16.60378555511761,11.466561596230068,21.36160667075056,14.373252281496177,14.40071215218228,0.000184243891919,0.000548258863183,0.005029729798887,0.011748939382093,0.080319423744083,5.450071811676025,4.427671432495117,5.45096492767334,5.48263692855835,5.306694507598877,0.003593027527584,0.00127710260134,0.000760274147112,0.000754286733419,0.000744095390965,0.341457879896594,0.203176087570115,0.350236590409502,0.246368740616783,0.267814835909526,73.15
2GXNlNNpML4DTIiE55qFhE,0.985470175743,0.481594830751,1.21909189224,22.3655529022,0.00233826972544,1877.52819824,27.1839447021,0.0533104389906,0.00259882956743,0.0377927049994,0.00657025538385,0.00709155807272,8.01455593109,2.93611121178,0.00710200006142,1314.78686523,1.34385359287,5907873.0,0.0622008666396,-591.696350098,92.6667556763,7.45542430878,20.4462890625,21.8034095764,20.0645084381,6.98423194885,12.1435136795,4.63418483734,6.90939378738,5.52829313278,7.10576629639,7.46598911285,3.89680433273,0.0295950155705,0.010903426446,7.0,2.02853059769,0.0,0.0,0.0,0.5680234432219999,8,0.487270474433898,0.394274950027465,0.133666858077049,0.038059506565332,0.024748738855123,15.494748096377965,7.128588569278335,7.559391346037522,4.032289035166143,4.281041284982272,2.474534283495161e-05,0.000203133738998,0.002505295771994,0.008861789113554,0.016024940135252,5.853959560394287,5.646383762359619,5.951124668121338,5.640665531158447,5.35180139541626,0.004345154235264,0.001494451824122,0.00078144078144,0.000768694065397,0.000683626507802,0.153576873583902,0.110172887278811,0.125929506970729,0.080742177933874,0.089056744769285,69.96
42sPBDV0oxrfng1VALIfdb,0.972478985786,0.48517587781,1.35402524471,33.2446365356,0.0319563522935,2694.7487793,32.8713951111,0.0534619726241,0.00450892699882,0.0367016084492,0.0067205526866,0.00499710766599,8.1394367218,2.07226634026,0.00695908255875,2166.29541016,1.04629898071,5372452.5,0.0844075754285,-586.472106934,45.0507202148,-5.29582023621,19.8641147614,2.71258378029,6.23245668411,5.04362154007,14.319231987,13.9117593765,20.3656387329,16.8162231445,14.1004161835,8.29045581818,1.88121581078,0.0576323978603,0.010903426446,10.0,2.3210337162,0.0,10.0,0.0,0.635656297207,2,0.523709118366241,0.061844490468502,0.196363016963005,0.137673139572143,0.08313837647438,17.198780267517456,8.304909449232973,11.788605157386248,8.776298464200076,8.633652240164736,0.000135338432325,0.00029107392021,0.00288493696818,0.006710035308908,0.042514123693886,4.610702991485596,4.102299690246582,4.568272590637207,4.564123153686523,4.371530532836914,0.004158100277147,0.001292263646613,0.000778363779968,0.000726007917291,0.000745096532021,0.205480788112945,0.138199303526553,0.18922821434101,0.14572319017318,0.152326804855386,69.65
3vaqtMy2vzK4898GznpZTY,0.98211234808,0.489011973143,1.20493888855,37.3122673035,0.00389711605385,2676.20629883,33.4925956726,0.0575827583671,0.00691134296358,0.0374877750874,0.00735718477517,0.00699543673545,8.29034233093,1.83101534843,0.00720779458061,3570.58642578,1.1757683754,7155167.0,0.116408459842,-571.14465332,49.6360054016,8.66567897797,19.161687851,21.2550392151,16.8444919586,15.9972219467,12.6900205612,4.02022981644,13.7781839371,7.69886112213,8.86859989166,7.68612766266,4.36710834503,0.130841121078,0.0140186911449,1.0,2.77520275116,1.0,10.0,0.0,0.459489405155,2,0.507232367992401,0.314112514257431,0.124873138964176,0.063813470304012,0.098785996437072,15.612048875788446,8.013578761767574,11.199461111173472,8.463601079410822,10.611246079341951,6.908508738288984e-05,0.000649432719646,0.004660530126972,0.009579893210438,0.024097895103788,5.256765842437744,5.053975105285644,4.94154167175293,5.076552391052246,5.242312431335449,0.003725967154538,0.001531655607028,0.000774731160357,0.000723675973456,0.000738205851446,0.267911130818939,0.150612223427014,0.163649127120516,0.12655649647548,0.163637870325122,85.8
5ooGpe7SVkEb3HWzCLfGzt,0.969788730145,0.488179534674,2.09295225143,52.9788589478,0.0140296183527,2661.53613281,33.8799705505,0.0374566689134,0.00567946024239,0.0200310610235,0.00823096930981,0.00378844304942,8.24022483826,2.24194073677,0.00571304559708,3900.6496582,1.18891584873,5949168.0,0.119222827256,-584.39251709,52.4660568237,-2.93601417542,9.02486419678,10.7397451401,14.8221321106,10.2692089081,14.0312824249,8.73000717163,12.7222108841,9.21604442596,9.89189147949,1.97848725319,3.29212760925,0.079439252615,0.00778816221282,5.0,2.22745323181,0.0,10.0,0.0,0.6547121405599999,4,0.429466038942337,0.077692195773124,0.297486782073974,0.112145274877548,0.098809897899627,14.402828805925417,9.088491274714242,16.336362277368327,11.462286165952044,12.116208785726302,0.000190735706616,0.000595234084424,0.003458548278437,0.009493760843176,0.046982960305038,5.652046203613281,5.2471604347229,5.646430492401123,5.669890880584717,5.560204029083252,0.003630168379408,0.001335456168282,0.000836962651021,0.000713450292397,0.000725263650433,0.168067690235721,0.13326658211147,0.241267278761324,0.175126617647567,0.194184917736512,64.7
4uatUqDR0kWUQzpTJ4Z9wA,0.973490953445,0.463607102633,3.55850625038,15.7321128845,0.106780983508,1389.50891113,9.71005439758,0.0624073632061,0.0010991821764,0.0516272448003,0.0022611443419,0.00835307966918,7.5525302887,5.74133872986,0.00686194607988,1104.70910645,1.59614121914,5337491.5,0.0423967428505,-712.77746582,114.340934753,22.1532878876,28.4269199371,10.1562452316,12.8030261993,8.00996780396,12.5627756119,8.61058330536,8.66344547272,12.4583644867,14.6135473251,10.109919548,5.87879943848,0.141744554043,0.00934579409659,10.0,2.35293865204,1.0,10.0,1.0,0.575402498245,4,0.6866428256034851,0.140590950846672,0.134083777666091,0.037140905857086,0.018968600779771,12.55875907613134,6.211348296077678,3.938052885114286,1.9943777156965847,2.3984452549970943,0.00013815025969,0.00051632185558,0.004865753345463,0.01348835825262,0.022190126972914,5.831828594207764,5.015375137329102,4.949685573577881,5.035993576049805,5.13300085067749,0.00451407374544,0.00252255249926,0.00093840779555,0.000848245095139,0.000795366795366,0.284492853742547,0.165402384796245,0.108037588081624,0.063273810898136,0.068320118008161,70.48
4qXQi1FQEMTqYUeKLxOily,0.983820259571,0.446546852589,3.38678836823,6.5644493103,0.0303975064307,780.666931152,11.1402959824,0.134778350592,0.000969381420873,0.120674088597,0.00283562252298,0.0100571634248,6.89688682556,17.0182991028,0.010563839227,401.592010498,2.76422286034,4283597.5,0.0176028627902,-747.381225586,168.648239136,34.4626960754,26.223274231,20.9484615326,3.90009188652,2.4335603714,12.9337491989,17.2882137299,19.6827259064,13.8152427673,12.0441493988,8.66447162628,5.61005449295,0.0981308445334,0.00934579409659,5.0,1.96495556831,1.0,10.0,0.0,0.601820349693,4,0.7568095326423641,0.10414882749319,0.099352486431598,0.027271784842014,0.013266982510685,-inf,5.027502136736144,2.823299270316271,0.994857305341826,1.065303220192558,3.626052327922727e-05,0.000211568749381,0.003673076800543,0.024959887827729,0.026308133179623,5.964742660522461,5.277707099914551,5.284738540649414,4.193399429321289,4.284885406494141,0.004981059090302,0.002665199413098,0.001334133653461,0.001050420168067,0.001056555955715,0.160237035139118,0.094375666070595,0.064794280791454,0.031663529045809,0.035413623779446,70.03
3UQLxlYcYczjBI7UBkY8X9,0.977008283138,0.480478703976,1.94378995895,27.0561733246,0.0265003889799,2019.58984375,21.8939990997,0.0517381727695,0.00213256361894,0.0359116606414,0.00615695398301,0.00812565069646,7.98478984833,2.44810342789,0.00661726947874,1548.22814941,1.30454289913,5676934.5,0.0621989630163,-605.876342773,72.5663146973,-3.31797766685,12.258597374,17.1347827911,10.1957159042,3.42719817162,16.616355896,7.29031467438,5.68717002869,8.43786621094,8.29248905182,3.24062895775,5.20693683624,0.0778816193342,0.0124610587955,2.0,2.37304925919,0.0,10.0,1.0,0.543975114822,8,0.639858305454254,0.071433499455451,0.184309259057044,0.058111563324928,0.048910494893789,11.767762821665736,8.620809907549049,9.5115133966998,5.327181232091544,5.454985755002525,0.000166530806906,0.000289477389685,0.002026978541821,0.007188567682248,0.019765994319858,5.847334384918213,5.064994812011719,5.441112518310547,5.2269697189331055,5.46672248840332,0.004141392668178,0.001245646024732,0.000765100513435,0.000739135032251,0.00074465710291,0.234865395871103,0.149071528510728,0.146033483165343,0.087530300000767,0.094114795265972,70.11
4Y3wfes2jxXw8BAyHm7SAS,0.965607881546,0.474912405014,2.89311432838,38.1376457214,0.0943102091551,2321.46777344,18.3717842102,0.0405304767191,0.00379067589529,0.0257058292627,0.00484378030524,0.00681273732334,8.01030635834,3.56461834908,0.00551261939108,3271.55151367,1.14455485344,6597216.0,0.110957063735,-656.666931152,51.1500587463,10.703584671,13.53627491,0.8584292531009999,6.90127944946,5.45879936218,10.4125566483,8.25271320343,4.2225394249,0.5995793938639999,6.60670042038,5.29676294327,6.38269662857,0.0872274115682,0.0155763244256,8.0,2.4687538147,1.0,1.0,1.0,0.439637571573,2,0.5783834457397461,0.049452278763055,0.213404834270477,0.09492915123701,0.07460793852806,12.5049722945599,9.33378703215551,9.821832459604352,7.795048512654678,8.536354870503976,0.004871332662964,0.004384167422476,0.007908592124676,0.014113371886531,0.026330169576368,5.749305248260498,4.82067346572876,5.329026699066162,5.313889980316162,5.502381324768066,0.002665633910329,0.001527735472298,0.000820500671246,0.000737694746223,0.000729233650342,0.251826487264522,0.168167718749745,0.164286657066721,0.120045966722897,0.136199088805065,75.31
1VNaye4eFtGxZsIXvMzHi3,0.985519707203,0.475015878677,1.63219797611,17.8479614258,0.00857365503907,1658.17248535,19.7201862335,0.0665027350187,0.00131764961407,0.0526616312563,0.00710200145841,0.00554470811039,7.4690656662,9.50876235962,0.00779624516144,1079.13110352,1.63797259331,3795803.5,0.0340868271887,-681.734924316,102.787445068,-8.06669235229,43.9443016052,18.048784256,25.9045543671,12.884305954,17.5254402161,14.8902730942,17.2143383026,12.561337471,12.0095052719,6.98666667938,5.07256412506,0.0809968858957,0.00934579409659,10.0,2.44127202034,1.0,10.0,0.0,0.578991889954,4,0.298038631677627,0.174142286181449,0.457791149616241,0.079151704907417,0.018540009856224,24.8183403569702,11.560409439478375,11.161765076457415,6.511845071664866,5.70326761336292,6.0596760522206376e-05,0.00019793717061,0.001534811567406,0.005632384520631,0.018649832860218,3.993835687637329,3.40991735458374,4.597218990325928,4.633833885192871,4.319222927093506,0.004749445565772,0.002262340833769,0.001009070294784,0.000837382572076,0.00080486407017,0.449755241689221,0.200313231014356,0.248793410093571,0.137635382635632,0.128270545045966,71.28
60tKKSUCyuDSoQHkW5yHGM,0.96025621891,0.493317425251,2.03712248802,63.4851303101,0.0116913486272,2917.97851562,37.3522987366,0.040175780654,0.00782368704677,0.0203603208065,0.00809658505023,0.00456468202174,8.35115337372,1.58566582203,0.00597571581602,5053.85693359,1.08274173737,6368483.5,0.146305888891,-572.692932129,33.7814216614,-1.4283387661,13.2483100891,13.6171512604,22.0392436981,17.3198776245,20.6732368469,17.684797287,12.1170749664,9.63163757324,3.637591362,-4.59162569046,2.68745112419,0.0965732112527,0.00934579409659,10.0,2.95590472221,1.0,10.0,0.0,0.572119116783,16,0.473473697900772,0.083969041705131,0.197117209434509,0.137456282973289,0.112813740968704,10.311047609043356,5.895587976877923,11.338462018160095,9.048625837939328,9.85937128290869,0.000170219142984,0.000914585227205,0.003901435393504,0.007645037137222,0.022667763513779,5.850790500640869,5.410277843475342,5.8549675941467285,5.7205729484558105,5.532562255859375,0.003956699452604,0.001252157047305,0.000780734234622,0.000809581216452,0.000807859008582,0.148230748216101,0.117414932444411,0.179359674162241,0.152786973607325,0.172901259213452,75.12
1mHm12W5zx16s8EIFyUrdM,0.974709093571,0.4834106266499999,2.85680317879,36.9137878418,0.0436476990581,2405.32861328,25.1613407135,0.0358273796737,0.00363818765618,0.0196550879627,0.00586100900546,0.00681005371734,8.1352481842,1.91192173958,0.00547224655747,2729.41113281,1.04083573818,6043848.0,0.101434245706,-621.936035156,56.4173431396,15.7292175293,25.6475067139,10.10887146,13.6603298187,5.03452348709,11.4226942062,4.44708156586,6.62547397614,1.82266557217,4.74100446701,1.93429303169,4.60226011276,0.0934579446912,0.0140186911449,10.0,2.84034562111,1.0,10.0,1.0,0.517727732658,2,0.46621635556221,0.146296650171279,0.245199128985404,0.106999106705188,0.071047954261302,14.374196634328577,10.361037635708076,13.545825642517435,10.364800921844846,10.214479497241255,0.007738804695058,0.005180194098131,0.006457935335312,0.011294724670073,0.045720607721001,5.8987016677856445,5.315229415893555,5.816091060638428,5.90562629699707,5.958672046661377,0.003225364595922,0.001348688375519,0.000804240477917,0.000687063319405,0.000723897003809,0.264662662869886,0.191603241164779,0.22321233697398,0.159639041226995,0.166507584497577,146.16
70067f5mpmsXDXUHx5FM3m,0.98098051548,0.407917410135,2.77902722359,9.39183330536,0.0436476990581,929.465698242,10.4699926376,0.101800575852,0.000704093487002,0.0879032164812,0.00165807525627,0.0138563076034,6.84197425842,11.7038135529,0.00912326388061,622.366821289,2.35154128075,4086393.25,0.0248323176056,-714.196289062,147.316513062,52.8584747314,43.8871612549,1.09781229496,10.8014297485,6.37073087692,11.4263792038,1.97371101379,7.13548707962,-1.00736021996,9.02537155151,11.9373264313,4.73663282394,0.0685358271003,0.00934579409659,5.0,1.95387816429,0.0,5.0,0.0,0.569784104824,4,0.8486506342887871,0.090749762952327,0.052634220570325,0.016500057652592,0.007885381579399,11.350242508834333,5.641549424841267,2.9338034281025003,1.002390927143472,1.001574708762373,0.000342558853889,0.000294048945282,0.002109864044285,0.011175394974159,0.017786870043716,6.083069324493408,5.852049827575684,5.174513339996338,4.071337223052978,4.125967502593994,0.00435931749749,0.001713743468401,0.001101621808143,0.000831238292418,0.00088916001183,0.275166134047577,0.143686761270701,0.071672406315756,0.036304682686324,0.036454284017838,69.96
1OcDoQaHG1UfDEf5ykzBH0,0.969254076481,0.492238938808,1.38073003292,55.2523193359,0.00701480917633,2674.75317383,33.7030410767,0.0348691232502,0.0061304718256,0.016517162323,0.00677662296221,0.0064973034896,8.19978141785,2.19542145729,0.00560126360506,4510.87939453,1.13775122166,5917727.0,0.126859888434,-587.878845215,40.4063987732,-4.58009624481,19.2619590759,15.907699585,16.465461731,8.14892673492,12.9039974213,3.96679878235,7.66645860672,1.4442435503,4.34573602676,5.18406391144,3.35931396484,0.0934579446912,0.0202492214739,5.0,2.97346878052,0.0,10.0,0.0,0.541269421577,4,0.29971557855606,0.35680204629898,0.164528891444206,0.130857840180397,0.140023306012153,11.88391698768281,8.79302618491843,14.001536820551312,11.555989638508825,13.336022698794038,0.000161482389365,0.000545569130493,0.004016543194743,0.008453617358252,0.041296573202859,5.691785335540772,5.578745365142822,5.83482551574707,5.60326099395752,5.851210594177246,0.002597085454228,0.001380228017132,0.000773337112622,0.000725308641975,0.000765778533635,0.264840906060334,0.200164221600281,0.223673701178463,0.190016682278685,0.224341603952091,74.75
0gjnx24XntzkQW4tw5WUv4,0.972245573997,0.440957218409,4.03968811035,16.5708122253,0.169134840369,1166.33032227,7.2961807251,0.0350026525557,0.00119320035446,0.0301691200584,0.00117062812205,0.0033592840191,7.12470293045,6.32363319397,0.00511381728575,1120.05236816,1.75990629196,4706442.5,0.0382313169539,-774.773742676,116.200637817,36.3762283325,38.5605316162,10.4759721756,14.9088773727,15.6720275879,11.5110816956,0.528824388981,7.07337236404,12.5916061401,11.5479183197,3.86514258385,4.29992198944,0.104361370206,0.021806852892,9.0,2.32376885414,1.0,2.0,0.0,0.571681916714,16,0.7313735485076901,0.049503151327371,0.066973462700843,0.131581664085388,0.030989142134785,13.444680801402924,4.648615727346272,3.189939882326135,1.707784991173801,1.649397039399888,0.00047751904803,0.000625310976289,0.003987777806505,0.016749128485816,0.025966132006072,5.841300010681152,5.179437160491943,4.826687812805176,4.633892059326172,4.744548320770264,0.004326329687993,0.002395017078561,0.001045380177387,0.000757627945693,0.000790780447199,0.192007769414781,0.104051239373882,0.075465242090927,0.064783343528062,0.060617233865022,70.51
0sVCo3fM1PBy6b2YJWdfuf,0.983647704124,0.483352541924,1.79212641716,15.7866983414,0.0171473100781,1971.41271973,24.9610290527,0.0553003065288,0.00237338757142,0.0406405068934,0.00382922869176,0.00998668000102,8.02927207947,1.74183106422,0.00715363910422,942.459350586,1.01962995529,5582651.0,0.0533440597355,-601.110717773,78.8240814209,17.0172767639,30.7857646942,10.370798111,22.0609226227,12.9653596878,17.4995384216,9.9126329422,9.26450061798,4.09687042236,2.89936637878,-0.991404056549,3.29212760925,0.0825545191765,0.010903426446,5.0,2.26247787476,0.0,8.0,1.0,0.389789551497,8,0.5104016065597531,0.444998979568481,0.09062860161066,0.029541067779064,0.018195796757936,22.343334594969384,10.12118315053686,9.846549359583417,6.856060874440563,6.709130090724189,1.959415857122989e-05,0.000133223259626,0.002359161600619,0.006892897332592,0.031298477197059,5.771172046661377,5.38499641418457,5.623314380645752,5.389347553253174,5.816781044006348,0.004031048316762,0.001681347752776,0.000779640943426,0.000731111977699,0.000750321359966,0.319220637354609,0.203830187618499,0.157401186304752,0.108548415230123,0.114804224456559,69.76
3cAKXrQ5ZnSvIaZgogddh1,0.947108864784,0.48822876811,2.2388689518,56.2739143372,0.0475448183715,3051.30859375,24.0896339417,0.0355170741677,0.00548620941117,0.0215719137341,0.00528166117147,0.00350803788751,8.03650951385,1.81773328781,0.00539468973875,4582.98242188,0.967777609825,5711308.5,0.136770889163,-624.856323242,17.8981208801,-7.77172088623,18.1329631805,4.05877733231,12.6556520462,3.74086427689,9.2598657608,0.486747562885,3.58491253853,2.95677566528,7.26213884354,2.24169850349,4.60226011276,0.0420560762286,0.0140186911449,10.0,2.6787815094000003,1.0,10.0,1.0,0.477241635323,8,0.421205908060073,0.051604073494672,0.249943763017654,0.182486534118652,0.101649470627307,10.610385581200834,5.212232566720996,10.462798736022824,9.764704189887492,9.91860472581251,0.005892121605709,0.004258942168955,0.003878419205142,0.00613468161858,0.027371170436818,5.299601078033447,4.667164325714111,5.601611614227295,5.593456268310547,5.739529132843018,0.002804988662131,0.00138975590236,0.000779378418033,0.000776577297585,0.000754266618928,0.161863678697697,0.117390975015327,0.187607881803275,0.16973916767748,0.18058730659537,75.4
3LEleiIm32pj5NYXKkmD0K,0.948472082615,0.488167256117,1.73541378975,16.5141525269,0.00389711605385,1765.27966309,14.1691350937,0.0741058439016,0.00259425886907,0.0629586055875,0.00255556358024,0.00732710817829,8.14543628693,1.6757079362899998,0.00792667549103,1141.07543945,1.11147475243,7245085.5,0.0585046932101,-630.794616699,71.8743438721,29.6134357452,40.5282402039,31.5294818878,26.9060611725,19.0283317566,10.9731969833,5.02061605453,2.83856844902,0.998215079308,1.98924183846,2.98712134361,4.29992198944,0.0763239860535,0.010903426446,10.0,3.55322504044,1.0,10.0,1.0,0.570325553417,4,0.678043961524963,0.117994241416454,0.085328139364719,0.055880915373563,0.093662075698375,19.708163738193186,8.413748645833559,5.2550523435180985,3.548411283850494,4.049545950597797,0.00014017129203,0.000281744428532,0.00663601243239,0.015100551961561,0.035313570171873,5.623122692108154,5.4312849044799805,4.320419788360596,4.560189247131348,5.139906883239746,0.004146002487016,0.002169655741084,0.000954455856416,0.000800320128051,0.000763268270271,0.237383580220067,0.139608641404291,0.094313789605044,0.076321808908408,0.098233496388405,60.25
1MfhbtzIoja7HQ08YdOWgg,0.975128173828,0.4847272336479999,3.06009984016,13.4358043671,0.0756040513515,1810.59741211,9.36009311676,0.121415615082,0.00203619268723,0.111690603197,0.00190675863996,0.00509338825941,7.95217514038,2.15135169029,0.0101266279817,1315.51477051,1.16889798641,6130883.5,0.0496242940426,-673.62286377,62.8783073425,15.2940568924,27.0163898468,23.7671127319,29.9447879791,19.9427967072,25.8098144531,12.919757843,17.3838043213,20.0891914368,11.9778823853,13.0470409393,4.19914245605,0.0763239860535,0.0124610587955,2.0,2.95981860161,0.0,10.0,1.0,0.728903710842,8,0.715941250324249,0.030054140836,0.086527898907661,0.089419871568679,0.076887615025043,18.14521680305444,5.896350001780093,3.348396392432554,2.18613180091231,2.317135854259602,0.010002377156646,0.004359864591886,0.005866630734828,0.013545537566816,0.022671910694255,5.916196346282959,5.52517032623291,4.490546226501465,4.882662773132324,4.971691131591797,0.003944123103786,0.00333609281455,0.000859980355778,0.000680757151345,0.000686577661367,0.20337409462523,0.090416941296142,0.061379256161987,0.046978576644433,0.053293425901698,69.87
5xSdj3XWAvxLNwX9sD0gxT,0.969770431519,0.492407947779,1.80727779865,15.6013784409,0.00233826972544,2062.2746582,18.964925766,0.0917691215873,0.00245566549711,0.0828344076872,0.00451748119667,0.00266206637025,7.77371931076,3.14712500572,0.00882575195283,909.244812012,1.03664040565,4290803.0,0.0388634577394,-658.736877441,69.5558547974,-16.0128479004,46.3703460693,29.2344551086,53.648853302,21.7958221436,22.387468338,12.3922977448,21.4615764618,13.1888551712,16.8138027191,9.65438556671,5.24053001404,0.118380062282,0.0171339567751,7.0,2.91900920868,1.0,8.0,1.0,0.665758252144,8,0.815539479255676,0.020652027800679,0.085349902510643,0.070346891880035,0.015702178701758,13.24043386658932,3.613779605880176,4.3014840091015785,2.965159110144869,2.864210619995462,2.592933723002569e-05,0.000333692676074,0.002479725745295,0.00738480586868,0.013640289903567,6.022624492645264,3.635207176208496,5.268307209014893,5.355287551879883,5.369827747344971,0.005223450491307,0.002752858087679,0.000856245275888,0.000747945011337,0.000737433862433,0.152627848036272,0.061256599972528,0.080382976218976,0.058991919497555,0.056320200467275,68.21
1bKmLi3hH7h5aMjPonouge,0.94315546751,0.479639708996,3.07660293579,22.038236618,0.0904130935669,1688.92321777,14.8729543686,0.0973687171936,0.00256834854372,0.0852351784706,0.00293733016588,0.00732673704624,7.9377822876,2.00424408913,0.00836480408907,1769.52392578,1.23897230625,6662100.0,0.0666540041566,-663.138427734,75.2348098755,24.5333976746,19.3811206818,13.6920900345,19.1979236603,8.83336544037,5.19688892365,1.4814478159,2.83326458931,2.60099887848,7.68834352493,6.63755989075,4.26632881165,0.0841121524572,0.00778816221282,10.0,2.2532813549,1.0,10.0,1.0,0.5890349149699999,8,0.6468267440795891,0.093488112092018,0.093657225370407,0.101742766797542,0.069464273750782,12.935110659019792,5.534661425996616,4.744666901029852,2.488256250499987,2.697204645419379,0.002850119179858,0.001988102674328,0.004568264148323,0.018567581603575,0.028060746199173,5.649428367614746,4.889816761016846,4.975776672363281,4.469009876251221,4.236427307128906,0.004052724403601,0.001902761104441,0.000916766706682,0.000767773776177,0.000735227424303,0.161726890312921,0.096050899987384,0.075762252302196,0.062737335658636,0.069325796275651,69.76
3ykrBzDD5jNTBghis7BOTW,0.970228433609,0.441830456257,5.01068592072,15.7376508713,0.153546378016,1269.04992676,7.57209682465,0.0610047765076,0.000842009379994,0.0521203950047,0.00147034996189,0.00810967665166,6.79825496674,45.1610527039,0.00682704616338,1770.61181641,3.28862857819,4624161.0,0.0634788423777,-808.959594727,117.976409912,60.0016021729,44.8027496338,15.335018158,18.0157489777,16.0034008026,7.9604344368,-1.90552008152,5.04176330566,2.12571883202,-0.663825213909,3.6761200428,3.12416195869,0.0280373822898,0.00778816221282,5.0,2.29585766792,0.0,10.0,1.0,0.554792106152,8,0.709321677684783,0.098107047379016,0.100176759064197,0.037086177617311,0.084627464413642,13.406010081355106,5.303809330864455,1.8504036792469032,0.7969016384737011,0.880908567517061,0.03070243140011,0.017208817392325,0.009166875530246,0.0175598303887,0.022579404850007,6.020529270172119,5.556130409240723,4.780274868011475,5.226296424865723,4.517436027526856,0.004169899364704,0.002916976314335,0.001736504125459,0.00115341374645,0.001308713961775,0.16364896552965,0.103797216079183,0.059066206648678,0.033876462723287,0.040444067856268,69.92
3F9JcvVxuCZWQ6wvF0HG7P,0.988480865955,0.474236220121,1.90876352787,17.5274677277,0.0116913486272,1582.30419922,25.6695251465,0.114506118,0.00313994777389,0.0958633348346,0.00711617525667,0.00925628561527,7.79291296005,3.81914329529,0.0098390635103,1104.12329102,1.51151204109,5200780.0,0.0474363528192,-603.826904297,121.177719116,14.4483175278,12.0548439026,10.4318780899,10.9033250809,9.81470680237,21.3552055359,2.5478181839,14.6217393875,9.8528547287,4.83326292038,14.6847629547,3.9975836277,0.0919003114104,0.00934579409659,0.0,2.20574402809,1.0,10.0,1.0,0.5444747209549999,2,0.8165208101272581,0.023088188841938,0.101087354123592,0.031469196081161,0.029008779674768,13.519091083030617,6.142428142429847,5.573077949375861,2.6967084008015743,2.926112058505613,2.6272522598605905e-05,0.000207550284833,0.002408764346161,0.008003521321004,0.01258631208211,6.090717315673828,5.908639430999756,5.745331287384033,5.386587142944336,5.82108211517334,0.003861297891025,0.001528056309228,0.000873736777948,0.000742269933021,0.000804792051695,0.254388729428088,0.097766955177618,0.088689895719872,0.054566398175529,0.070020156414051,70.06
67nvNSOMzlFpqfwT7rSOcQ,0.976116836071,0.4886463284489999,2.20163607597,55.0866699219,0.0241621192545,3112.35888672,36.9267349243,0.0434231348336,0.00658067828044,0.0245838817209,0.00708593986928,0.00543391751125,8.18230247498,1.64663755894,0.00616227276623,3933.32299805,0.852194905281,5123254.0,0.114718690515,-589.422668457,27.5117645264,-8.10814857483,17.1219501495,-5.85124492645,17.7384357452,12.7533025742,18.4126300812,12.1799240112,17.6651287079,14.3167638779,17.1451377869,12.1769371033,2.25074028969,0.0560747645795,0.010903426446,9.0,2.15696287155,0.0,5.0,1.0,0.76158207655,8,0.5154511332511901,0.151760771870613,0.15681055188179,0.119830049574375,0.058971371501684,13.045918580430817,6.964992064544665,11.184835284706674,10.485580539522491,9.101783437367436,0.001523656840049,0.000904196613709,0.003146229207206,0.005599643945474,0.02483092363567,5.8000335693359375,4.205853939056396,5.705777645111084,5.89323616027832,5.819255352020264,0.00357996696621,0.001340667954424,0.000767195767195,0.000691050082584,0.000718204977464,0.203427197909837,0.130912344967975,0.16975166854931,0.15612100940092,0.148441072941447,70.2
7JwdwhiW3N1eiMfdF6ipmD,0.982515692711,0.468317717314,2.36607718468,9.27009391785,0.00701480917633,1443.46179199,10.9812936783,0.0794351473451,0.00215745321475,0.066646784544,0.00141245615669,0.0102735692635,7.47903680801,2.96254825592,0.00850517023355,846.362792969,1.17191147804,5658853.0,0.0346748195589,-702.44543457,85.0261077881,52.0767745972,63.0952796936,14.4970273972,20.6542472839,16.4407463074,13.4937992096,5.07462930679,11.5123577118,4.63895511627,5.42976379395,4.53041505814,5.13975048065,0.1199376955629999,0.0124610587955,1.0,2.7188847065,1.0,10.0,0.0,0.531532824039,4,0.691269993782043,0.180631622672081,0.035088207572698,0.07189043611288,0.03095974959433,20.120734969913208,8.672647263148434,4.528247011937615,2.923527974653526,2.818946990265621,2.600459844019348e-05,0.000118375178853,0.00365687136293,0.011130443652385,0.021955666473327,5.928185939788818,5.02357292175293,4.652360439300537,5.5221943855285645,5.403140068054199,0.004299468421248,0.002798235236123,0.001282851938589,0.000742847229966,0.000818309108707,0.256209168967926,0.160316602224906,0.083739524819423,0.071855389919344,0.071228595619586,72.12
7ndyqLBqQGj37G0528hR55,0.980166494846,0.488313883543,1.43013644218,35.7502555847,0.0148090412839999,2881.08691406,31.1792678833,0.0526545196772,0.0066589070484,0.0354839973152,0.00537403393537,0.00566007941961,8.34014511108,1.32143449783,0.00695114163682,3591.12548828,1.02235329151,7166910.0,0.111376836896,-578.261779785,46.3747138977,16.5274524689,20.335231781,15.4717645645,15.520283699,10.5874643326,10.4815855026,8.87355613708,8.39764308929,8.28446769714,7.95293617249,7.78960227966,3.32572078705,0.0654205605388,0.0171339567751,10.0,2.77363419533,0.0,9.0,0.0,0.5397580266,4,0.568541407585144,0.234481289982795,0.147070452570915,0.062462855130434,0.066679023206233,16.864793451487266,7.2793772952678655,10.688212127978344,9.471475032448396,10.7048131532981,0.000170786344399,0.00052573469787,0.005490237863733,0.0092072990359,0.035549193506764,5.861744403839111,5.197739124298096,5.542200565338135,5.49936056137085,5.553679466247559,0.004740415546063,0.001679053124139,0.000796927634252,0.000730706075533,0.000719759168035,0.17924824450165,0.127084309398451,0.160724558181046,0.145689072399305,0.178708172355179,70.13
1SIQqSE0P63y5z97Y7BNFm,0.982387959957,0.480036377907,2.14032530785,33.0595664978,0.0452065467834,2197.15112305,16.3328132629,0.0315171666443,0.00294941756874,0.0217048805207,0.0026525715366,0.00463751656935,8.07027816772,1.82491099834,0.0051699327305,2710.66723633,1.03051590919,6281468.5,0.0891697481275,-644.6328125,65.9459075928,24.8865795135,29.7351055145,6.58702230453,17.5106315613,8.59909629822,7.49262571335,4.00631523132,4.32237386703,2.64701962471,4.66527748108,2.40086483955,4.36710834503,0.0311526488513,0.00467289704829,10.0,2.6959195137,0.0,10.0,0.0,0.5470233559609999,4,0.6370527148246761,0.06412286311388,0.128403142094612,0.145483970642089,0.035574987530708,14.314569936267931,9.680904214417916,10.167653792020923,7.512221344222711,7.534241693425253,0.000108915330526,0.000291948297264,0.004405083005832,0.00979629687335,0.047205519271727,4.874876499176025,4.739620208740234,4.305130481719971,4.069613456726074,4.430368900299072,0.00307234291566,0.001851803086826,0.000786482334869,0.000700021944261,0.000793504498573,0.36920329242076,0.21222248577246,0.202861001939514,0.181545405784193,0.185780703190696,76.28
1kCDTqvIr80hSlGEaMbRqe,0.934299826622,0.4777850508689999,5.32370853424,21.695854187,0.242400616407,1694.48474121,13.9360876083,0.0391961298883,0.000654368312098,0.0283230636269,0.00485099665821,0.00572791649029,7.76078081131,4.44998216629,0.00512257823721,1486.92077637,1.35379064083,4077014.5,0.0547236539423,-699.810058594,90.2185745239,-17.138710022,13.6651096344,1.84037864208,11.8103466034,1.55993616581,7.78825426102,0.0249072127044,4.64537477493,-0.991566956043,4.47177124023,0.7794413566589999,5.50927495956,0.0903426781297,0.010903426446,2.0,2.49270510674,0.0,10.0,1.0,0.7494052648539999,8,0.5618184804916381,0.083559237420558,0.31374916434288,0.035878702998161,0.01516034360975,7.860279055775558,6.712163137151661,7.7851564050312945,4.01856922638946,3.466835604121568,0.01610366728749,0.009873304313487,0.004049593408955,0.019582889802619,0.028182986493291,5.620723247528076,5.505838871002197,5.21501874923706,5.054946422576904,3.8765478134155273,0.002613527086227,0.001438187840581,0.000820719212641,0.000792819745699,0.000733815341145,0.22149977422968,0.138417776865962,0.13203866861468,0.062292405510317,0.058804145559651,70.43
3aetXK7HY44B5szDUJv5ZD,0.970355272293,0.479660600424,1.47533893585,29.0630760193,0.0155884642154,2090.67578125,23.3749027252,0.0672540068626,0.00466164434329,0.0474211238325,0.00614110892639,0.00772585486993,8.11122989655,2.33214426041,0.00773020833731,2193.92285156,1.24277353287,6761599.0,0.0817621797323,-602.673339844,70.4611129761,13.9053077698,18.8363819122,7.8283162117,8.44181728363,5.60547780991,10.2155294418,-0.0959031507373,0.549532771111,6.3880033493,10.1974029541,11.6822872162,5.74442672729,0.0825545191765,0.0140186911449,5.0,2.21646022797,0.0,10.0,0.0,0.5930957794189999,16,0.649207949638366,0.06144443526864,0.160974323749542,0.069099090993404,0.050939638167619,11.85583858930191,7.733136755021775,8.72936651741539,5.753802076783641,6.377904901581546,0.00027762133659,0.000450174202472,0.004652385979949,0.012000749716813,0.019679818237551,5.865140438079834,4.717881202697754,5.332294940948486,5.286520004272461,5.253150939941406,0.004351000473449,0.001276105285576,0.000772220976302,0.000733971244175,0.000730358077296,0.122228881989857,0.10944365851103,0.129931323959,0.097160391172857,0.111000703471379,70.16
3twjwSVN9Yx6BqKATHq2po,0.972744107246,0.465250074863,4.02595424652,7.52258825302,0.0779423192143,1230.36328125,7.94544029236,0.1289892792699999,0.00114031764679,0.122089266777,0.0022069697734,0.00419475929812,7.15235805511,7.7771229744,0.0100670466199999,519.281616211,1.6064172983199998,5105138.0,0.0218234695494,-772.515441895,100.908828735,18.9202919006,33.2431793213,27.7502250671,49.598991394,39.8729705811,28.3947315216,9.50715065002,0.344132751226,8.55516052246,22.5074081421,22.5801277161,4.63585329056,0.0809968858957,0.0155763244256,10.0,2.01505327225,1.0,10.0,0.0,0.581079006195,2,0.9294522404670712,0.01575319468975,0.03907460719347,0.015546642243862,0.00890926644206,9.714729470715186,2.570323649793422,2.621145391952418,1.037870101790428,1.109880124466226,0.000943843204657,0.000745720137015,0.003732294035458,0.015418347131112,0.020473460398181,6.023287773132324,5.296594619750977,4.176289081573486,3.918712615966797,2.856599330902099,0.005496166720656,0.003150539127215,0.001194409736683,0.000891248391248,0.000918980204694,0.258314724909746,0.090762343751565,0.05866223099315,0.041840184264519,0.042950593363125,137.61
0PX92t6zyTWC2QsOPoDu6l,0.954050481319,0.4843507409099999,4.15402698517,13.5029850006,0.184723302722,1739.91992188,7.82073259354,0.0787134468555,0.00104399793781,0.071929268539,0.00264668301679,0.00223239744082,7.62633037567,4.82480621338,0.00756673235446,1135.43029785,1.4243694543799998,4449630.5,0.0425938814878,-761.430358887,79.3607025146,-27.1786003113,8.62884044647,7.54680252075,19.0570297241,11.9981594086,22.2382717133,16.1420555115,20.5647926331,18.2817516327,13.9738941193,10.9519681931,4.63585329056,0.079439252615,0.0171339567751,10.0,2.67556214333,1.0,10.0,1.0,0.566181361675,16,0.691974520683288,0.015961330384016,0.180853754281997,0.092274606227874,0.016901699826121,-inf,2.795836005939986,2.533616765021084,1.442605626863953,1.4505178499080271,0.005984451986849,0.002444734141487,0.003440233878297,0.015389685014142,0.021965298729452,5.683867454528809,5.221590042114258,4.54560661315918,4.2983174324035645,3.344705581665039,0.005313986866422,0.00376469361691,0.00098404879193,0.000799906169364,0.000847212448197,0.139754754046804,0.055398259448552,0.063409248648972,0.041029751201977,0.040550311025325,69.85
3J8yzIWjH4lXfjivYEmPpm,0.98136472702,0.476219832897,4.5597319603,13.3564081192,0.1137957945469999,1240.88049316,5.420109272,0.0927959159017,0.00100854726043,0.0859465003014,0.000874858698808,0.00577723234892,7.40854930878,3.92110085487,0.00822427775711,1072.58850098,1.46682167053,5569861.0,0.0402894839644,-755.936706543,98.8801422119,33.4598999023,39.4203071594,18.9315376282,25.2867507935,15.0152044296,16.0332889557,10.8008317947,7.62572908401,10.7014331818,9.42857265472,12.6155700684,5.87879943848,0.0919003114104,0.010903426446,5.0,2.60956525803,1.0,10.0,1.0,0.5814951658249999,2,0.9584072232246392,0.017148731276392,0.011616952717304,0.012248925864696,0.007221948355436,-inf,3.669829330433317,2.16323753711819,1.237577037599434,1.283778233394408,0.006175710027839,0.006332698927616,0.007349606705133,0.021841386627946,0.033401009224757,6.084650993347168,3.973023653030395,4.682296752929688,4.278000354766846,4.174596309661865,0.004474495299738,0.002897761046166,0.001317274091601,0.000862444816896,0.000844917677215,0.375882729448353,0.159257430997068,0.070825457079037,0.043024272384928,0.045222714062833,140.3
16Y19VNOxx6kosVKfNNRBW,0.980071485043,0.452867537737,3.30958271027,14.0493869781,0.0740452036262,1126.71313477,11.5339050293,0.15098747611,0.00209878128953,0.1301955431699999,0.0026758145541,0.0152677865699,7.23582792282,6.80651140213,0.0110337417573,1030.46069336,1.61884725094,4673493.5,0.0364555418491,-682.291137695,112.188293457,21.9357852936,45.5958900452,19.5530261993,16.7294158936,-6.02831459045,5.1289768219,6.70135974884,5.81045913696,8.97708320618,13.8193445206,10.8417644501,5.40849542618,0.0404984429479,0.00934579409659,8.0,2.63215517998,0.0,10.0,1.0,0.62315762043,2,0.593583047389984,0.022199559956789,0.17367972433567,0.097640216350555,0.116929844021797,16.595831000969024,7.935870590461323,3.793862518789706,1.3445359467085751,1.298520167336804,0.006463946976678,0.006999891936633,0.012552083886853,0.028244410034704,0.03514202725233,5.855678081512451,5.16872501373291,5.349947452545166,5.1507649421691895,4.932135105133057,0.005840411840411,0.00155553130343,0.000919935350026,0.000771457519177,0.000819583152409,0.21636358107624,0.11274905671113,0.06953212283795,0.045909580619117,0.051889926250129,70.29
0TCiocLUJEGqXfsRZq3O4C,0.981124222279,0.466232180595,0.8377028703689999,28.6173152924,0.00233826972544,1452.6126709,24.7755260468,0.0466738604009,0.00236127222888,0.0184600055218,0.0105928741395,0.0164367109537,7.85874700546,1.95683908463,0.00664674956352,1547.75646973,1.2282242775,5808830.0,0.0686177909374,-575.577087402,100.065818787,13.1935348511,5.78985881805,2.43509721756,22.7589206696,6.84110021591,1.14751112461,0.102677434683,7.23775243759,-7.04465723038,2.09769105911,3.33237862587,2.88900995255,0.0981308445334,0.0202492214739,1.0,2.17482042313,0.0,1.0,0.0,0.554652929306,8,0.4442940056324,0.270437598228454,0.246659979224205,0.039433740079402,0.036431312561035,16.74019839681503,15.717201423753298,15.396863703036392,7.085020096634166,6.968714230297955,2.1974537755045392e-05,7.200182582016846e-05,0.001157779531538,0.005500651098381,0.016253579217612,5.925339221954346,5.680925369262695,5.778958797454834,5.668595790863037,5.283652305603027,0.002817927170868,0.001288115246098,0.00081379218354,0.000706149126317,0.000709617180205,0.262850299051996,0.267465312861734,0.241631433443517,0.119610612025609,0.12140721053538,70.34
15too0qKnymmFk9TYQPmkY,0.972639262676,0.485482305288,1.30422186852,55.8115921021,0.00155884644482,2944.75634766,31.8051433563,0.0452374406159,0.00678132893518,0.0250668730587,0.00662033213302,0.00739825377241,8.02149009705,1.59230411053,0.00628336332738,4169.37158203,0.78773868084,4946135.0,0.127547204494,-585.407836914,37.0333404541,-1.64565527439,35.2741203308,-3.99388861656,5.99805545807,-4.89145898819,11.2119188309,0.786476314068,9.60244846344,3.81248927116,13.4375915527,7.94116735458,2.88900995255,0.073208719492,0.0124610587955,10.0,2.31519913673,1.0,10.0,1.0,0.739397406578,8,0.455935299396514,0.278382837772369,0.1642577201128,0.113912627100944,0.067080959677696,8.966133787666768,6.202851705913731,9.484806334941103,8.633701344944086,8.541330012114118,0.000545486502146,0.000617925986889,0.002672250138111,0.004277021413648,0.021965638558299,5.763761043548584,5.200123786926269,5.3101301193237305,5.482741832733154,5.43424654006958,0.002883884588318,0.00128896910238,0.000804603020346,0.000754469588288,0.000660527249448,0.112803935217605,0.095590272991216,0.140415357813495,0.13678695419468,0.14363932283668,69.53
0Z4wYAPCL1xsUpWj9lC3kh,0.96145015955,0.469424426556,2.7007727623,26.2003059387,0.0249415431172,1894.56140137,15.0623540878,0.0565323382616,0.00462052458897,0.0418397970498,0.00321958377026,0.00620507914573,7.71597576141,6.53216123581,0.00689946068451,2034.38244629,1.45269417763,6434499.5,0.0691886544228,-660.936401367,91.9730453491,23.985042572,23.3019981384,16.1861686707,20.3427429199,17.3184528351,12.2779760361,6.02102851868,9.92895507812,1.56376159191,5.92789077759,1.75533246994,5.87879943848,0.059190031141,0.00934579409659,10.0,2.31141209602,0.0,10.0,0.0,0.592365801334,8,0.586901783943176,0.125414922833442,0.120596759021282,0.062125377357006,0.105061404407024,12.21689564693336,5.953423403315608,6.888273422152532,5.333399336696603,7.11433496535996,7.45017412529256e-05,0.000313267445714,0.003963154662518,0.010471464487242,0.023978931418715,5.608371257781982,5.454239845275879,5.297054767608643,4.650081157684326,4.921628952026367,0.004768352838765,0.001654033041788,0.000831443688586,0.000703595724003,0.000765900010797,0.200560865575427,0.134428814371263,0.134468675604168,0.106766245234611,0.148698368595099,59.97
16z62Q5uyucvc8CkwqX9nP,0.980678141117,0.47100687027,2.19593548775,7.26035785675,0.00155884644482,1347.90441895,14.8222913742,0.154059708118,0.00227147224359,0.136941432953,0.0052987174131,0.00977715663612,7.65509319305,3.80346775055,0.0120604690164,264.673980713,1.32731604576,5861560.5,0.0270533692092,-651.435913086,98.4177780151,22.9908218384,39.9684867859,31.5696487427,22.8451976776,13.9991083145,32.876499176,24.5471916199,19.6646156311,9.6557264328,1.7775965929000002,2.55966424942,5.24053001404,0.0607476644218,0.00934579409659,5.0,1.96763694286,0.0,10.0,1.0,0.556528627872,4,0.8238065242767331,0.041231140494346,0.104136511683464,0.020244276151061,0.013028326444327,19.61041001391506,7.050408537131109,4.908948572152546,2.5984908692898143,2.6961058027430163,7.715048707651402e-06,0.000139881888065,0.003199458846792,0.010616048581805,0.019912683390498,6.061100482940674,5.193960666656494,4.857742786407471,5.286959171295166,5.707088470458984,0.005312965422855,0.002800588489363,0.001018653493143,0.000891372421984,0.000828609221466,0.169270257646267,0.083112338475492,0.098070322610991,0.070073066121885,0.077761325219475,70.25
06powZ8RRRD7YS2UwQOvkY,0.968229174614,0.4651122093199999,3.95247626305,9.5914068222,0.0452065467834,793.481567383,9.03273582458,0.0595554746687,0.00116640841588,0.051891900599,0.00238135107793,0.00539619335905,6.98664999008,10.9250087738,0.00683610606939,600.632507324,2.17774891853,3875694.25,0.0238367263228,-779.812805176,147.268966675,19.5389194489,32.1539955139,23.4086952209,29.5057640076,20.048707962,24.7236366272,20.9196567535,16.9268779755,9.87806224823,6.24383115768,3.51248860359,4.50148057938,0.127725854516,0.0140186911449,1.0,2.30132555962,1.0,10.0,0.0,0.588689684868,4,0.8750163912773131,0.024660412222146,0.068905025720596,0.028828531503677,0.008405374363064,11.532320864475476,3.872566796723385,2.172879400267589,0.723601083770513,0.7272283846360861,1.71106600448313e-05,0.000168560436774,0.002785647827551,0.022723233292878,0.030591818591653,6.084504127502441,4.9272332191467285,4.832039833068848,4.319480895996094,4.527543544769287,0.005445029164705,0.003369129622498,0.001320041643491,0.001049929405724,0.001080306336371,0.281438969100456,0.13458745975553,0.085240624974924,0.05071082684671,0.049358129872587,140.75
1b2NXn5Gis2taU21k0Ig3p,0.972285091877,0.4654058516029999,2.2056221962,3.81219363213,0.00389711605385,463.871002197,7.15588474274,0.167088642716,0.000449148588814,0.15348765254,0.000959323253483,0.015279026702,6.91835975647,5.04518127441,0.0114162405953,213.450485229,1.79383397102,5519883.0,0.0169010777026,-727.708679199,124.484153748,58.7691268921,50.4498748779,29.2214775085,32.9769935608,17.1237220764,23.4330024719,4.41188573837,7.09186220169,1.05990695953,-0.0896353274584,-1.24718701839,6.78581428528,0.102803736925,0.00934579409659,1.0,2.94745445251,1.0,8.0,1.0,0.463381618261,2,0.910513341426849,0.008880656212568,0.066550582647323,0.010162914171814,0.00510505773127,13.4650780736762,6.599784178752572,2.566567091394994,1.270704717012101,1.376483664598473,1.8450829745954865e-05,7.877993460727684e-05,0.003660707067424,0.023898681901551,0.032301222203836,5.899010181427002,4.709109783172607,3.664853811264038,3.8580069541931152,3.802056074142456,0.004259852701411,0.00237239017322,0.00137512819789,0.000884259651301,0.00085137085137,0.242640300124813,0.116098460110257,0.042927083282415,0.025306062535302,0.027388226796168,126.68
0Y9n7KowWgGGbPbb21EJhz,0.948742806911,0.4490876793859999,4.64053201675,3.76298832893,0.112236946821,641.13269043,4.7373342514,0.118309132755,0.00101280887611,0.110825277865,0.000396166142309,0.00608299393207,6.89223480225,7.47182035446,0.00896657817066,251.651626587,2.07858967781,5797271.0,0.0178308282048,-786.91607666,130.018661499,82.6211853027,35.416217804,7.90572881699,19.4681968689,14.94942379,25.2626781464,10.9673376083,12.1980276108,1.28784930706,4.24978542328,4.61382007599,4.63585329056,0.0841121524572,0.00778816221282,10.0,2.53632116318,0.0,10.0,0.0,0.567623019218,2,0.808612346649169,0.088836498558521,0.064133003354072,0.017059199512004,0.02018548361957,11.608680004342284,4.773693052824516,2.371874456044765,1.157466207844234,1.322613916136737,7.277953177336849e-05,0.000193229519937,0.004675919854347,0.028614470392267,0.034204999684597,5.856489658355713,4.154828071594238,3.985544204711914,5.352224349975586,5.081339359283447,0.0047940287226,0.00254697116942,0.00122340999892,0.000825234855847,0.000867256955692,0.238681441120488,0.110125030954958,0.047205192442831,0.033167189370268,0.035303063258705,128.03
7wqvbAS59X1xHEr56MYgkc,0.983160972595,0.486827105284,2.13374948502,18.7129421234,0.0132501944899999,1548.47045898,14.2556505203,0.0867167413235,0.00421192217618,0.0740466937423,0.00203191488981,0.00825636088848,7.89968347549,1.69021296501,0.00818609073758,1475.38684082,1.13500452042,7000386.5,0.0680107623339,-634.311645508,69.0534820557,31.5404396057,36.5852622986,30.7473602295,19.390958786,13.8126411438,12.6763143539,11.8933525085,16.0813369751,6.44110012054,4.94775152206,3.92814087868,6.21473073959,0.010903426446,0.00311526469886,2.0,2.7229719162,0.0,2.0,0.0,0.747794210911,2,0.6411000490188591,0.035269077867269,0.074299342930316,0.12947592139244,0.137056767940521,-inf,4.974454532729819,3.377489112315159,3.239253013067458,3.682073706425702,9.498582632594026e-05,0.000285659010575,0.005705707738722,0.012280367966377,0.018786267817708,5.855949401855469,5.804653167724609,5.516133785247803,5.599247932434082,5.731620788574219,0.004539360370742,0.002522582803613,0.000703805846662,0.000773794202365,0.000733345590488,0.336754961351751,0.139618864851378,0.081639990228022,0.070834673573853,0.082812577244098,127.54
4nK9wo3U18big8WR3T5kJQ,0.986369371414,0.481493592262,1.2024667263,7.77984285355,0.00155884644482,1397.74291992,18.1426353455,0.131914362311,0.002848302247,0.118038646877,0.00312881264836,0.00905589200556,7.721453666689999,3.00360703468,0.0110109075904,404.093933105,1.2998316288,6311800.5,0.0328396745026,-628.116455078,111.021957397,43.7046546936,33.1562347412,9.548869133,20.2740364075,18.5340099335,17.9034614563,7.914828777309999,15.2173871994,11.0227479935,8.89582633972,7.25860929489,6.01317214966,0.177570089698,0.0124610587955,5.0,2.40772271156,0.0,9.0,0.0,0.382390618324,2,0.829261243343353,0.021509444341063,0.042577318847179,0.065879493951797,0.0464898198843,21.431398622715022,6.855252241205585,4.422164162274374,3.466775060721071,3.893506529486823,7.196030829553294e-06,0.000123122472066,0.004305642223899,0.013648432569177,0.01760389884745,5.965240955352783,5.558894157409668,5.464924335479736,5.375154495239258,5.271596431732178,0.004878440827807,0.002647129175158,0.000809533377345,0.00074131481003,0.000714237875178,0.364000446132511,0.138078702071532,0.092082706386447,0.06590975608665,0.075247977437605,130.01
0iHgclZd4CP00gi67HB4fD,0.988298118114,0.471842467785,1.80986046791,8.04952430725,0.00155884644482,1177.00109863,12.1512079239,0.0876722186804,0.00215206667781,0.0783254653215,0.00260053621605,0.00695549603552,7.82324743271,2.90743041039,0.00883921049535,665.030578613,1.3857839107499998,7069736.0,0.0426323190331,-657.011169434,93.1844100952,34.1875267029,19.3094577789,23.5796070099,36.6069831848,25.9233875275,24.1261978149,11.7772893906,10.2335786819,9.62581253052,5.23251342773,2.30707812309,4.97178459167,0.0420560762286,0.00467289704829,3.0,2.32228708267,1.0,5.0,0.0,0.580302000046,2,0.8086194992065431,0.044042136520147,0.054688185453414,0.029974143952131,0.068125084042549,19.60343231256856,8.06984385612942,6.498826931654359,3.866659615111364,4.42832222787384,7.634435081857452e-06,0.000130831119192,0.004830759966834,0.015658908325527,0.027137828498004,5.923648834228516,5.29460334777832,5.6125264167785645,5.847894668579103,5.8359012603759775,0.003580956639306,0.002547986330682,0.000873707855599,0.000768313585214,0.000720087722099,0.423798101095713,0.179560508310841,0.101270296874693,0.066640981375378,0.080545937266428,125.27
3v9uodZVJMJQZ12u3Q6AC7,0.987598359585,0.459061056376,2.17944431305,1.62076473236,0.00233826972544,456.321411133,5.67653942108,0.14919872582,0.000128787040012,0.143325552344,0.000583309389185,0.00697796745226,6.57347106934,12.0684566498,0.0114360041916,135.207550049,2.29947543144,3587845.75,0.00805606972426,-758.740844727,158.564865112,36.1948318481,70.8812408447,33.0360946655,30.9721908569,17.5213470459,16.6329421997,8.02058124542,5.99195861816,3.47052693367,5.78820896149,4.62263345718,4.93819141388,0.0747663527727,0.00934579409659,1.0,3.05826973915,1.0,5.0,0.0,0.490824639797,2,0.960026860237121,0.062563695013523,0.002295445185154,0.000387655512895,0.000125966224004,-inf,6.15582045599255,2.441720238902802,0.922679931054403,0.860568011426675,3.265506482131534e-06,4.235105194044037e-05,0.001679482582637,0.015329467133866,0.020755964874183,5.9770588874816895,5.712594509124756,5.643956184387207,4.748629570007324,3.338739156723022,0.004319825631401,0.003660274454609,0.001804089451872,0.00091308937368,0.000967530690437,0.348618013466561,0.132018742292932,0.04637850385818,0.018005977149,0.016654491714961,128.03
703nAL44cRgyGLviMInLef,0.985480546951,0.450867712498,2.93702030182,6.53996133804,0.0077942321077,870.468322754,9.08106040955,0.211838230491,0.00223825429566,0.2038577049969999,0.000497554428875,0.00658537074924,6.90443181992,7.14154672623,0.0123887974769,957.953125,2.194917202,6142962.0,0.0370355434716,-722.487426758,133.051696777,70.2612762451,47.4874649048,7.70041370392,-6.28452396393,13.8361825943,10.7923116684,25.3319149017,18.8255653381,23.3867149353,17.4129962921,7.3791217804,4.70303964615,0.0872274115682,0.010903426446,1.0,1.85898351669,1.0,9.0,0.0,0.432290732861,2,0.766631722450256,0.0121063683182,0.047637499868869,0.046216063201427,0.128096908330917,13.78077883089634,4.385867159013316,2.119348229781107,0.8758154707780521,1.134616464442121,2.058230524066221e-05,0.000215660855303,0.005980293348947,0.027621677017338,0.031956447325897,5.918142795562744,5.567434787750244,5.52753210067749,5.370365142822266,5.469866752624512,0.004320495794599,0.002298560858606,0.001261529844341,0.000777841016884,0.000765825586542,0.306923288869466,0.098536022613772,0.041940612123815,0.027464683344718,0.04029746551259,127.27
19X1QtW9NXyds9ebcdSzhp,0.982057631016,0.4729820191859999,1.97841393948,6.74206638336,0.0374123156071,814.23248291,13.3733434677,0.166759088635,0.00128660036717,0.157280266285,0.00255819875747,0.00645390572026,6.98136901855,24.5933113098,0.0118730859831,437.728424072,3.16421246529,4030986.0,0.0194989014417,-726.288513184,170.230560303,49.2877731323,4.91961717606,6.79210948944,25.8210010529,11.9207000732,22.6000843048,9.95234012604,14.2097072601,13.1372318268,7.63306999207,12.1070518494,4.40070152283,0.0529595017433,0.010903426446,0.0,2.47525882721,1.0,5.0,0.0,0.578728318214,2,0.911757469177246,0.03773058950901,0.050386063754558,0.006839531008154,0.00351674016565,14.338158676798102,5.035487412363913,2.798270246298698,0.6595382773775531,0.708231296591976,7.7532742213881e-05,0.000117166952124,0.002722523418113,0.014781813350571,0.020343693649566,5.926163196563721,4.643349647521973,4.250064849853516,2.890348434448242,2.9068963527679443,0.005310258275217,0.002697699624923,0.001187695203867,0.001018554172192,0.001029392889231,0.272910765501931,0.100644091833586,0.065698307211596,0.041271117216352,0.042556569555188,128.12
5EQdnbH3F2Tu8XUsFjfjT5,0.98554444313,0.447576880455,2.43303704262,9.79743003845,0.00311769288965,921.46484375,8.88542461395,0.0626033619046,0.00147478748113,0.0472318418324,0.000556233280804,0.0141689581797,7.05621433258,8.19796657562,0.00729509769008,1007.73217773,1.99840152264,5443423.0,0.0435624495149,-711.758361816,136.841064453,67.2383422852,54.0981903076,4.00283050537,9.63615703583,-12.5298261642,7.58401155472,-2.59283328056,9.01101112366,8.24161243439,8.71502685547,7.42758083344,4.66944646835,0.0825545191765,0.00778816221282,8.0,2.19746637344,1.0,9.0,0.0,0.710040390491,2,0.477670848369598,0.210717171430587,0.051121100783348,0.110697761178016,0.162729695439338,13.661526489468551,8.747800497699824,4.193244641263672,1.9050810903231752,2.160307359294853,1.526964050450214e-05,6.842764252221436e-05,0.003075363927037,0.011530544887831,0.017602858540763,5.8450798988342285,5.710546016693115,5.4529361724853525,5.728498458862305,5.710352897644043,0.003665910808767,0.001353835978835,0.000950869236583,0.000804516250944,0.000779289493575,0.267080468086289,0.154578555375337,0.072954375346385,0.046183912482124,0.054130234167486,128.3
1E2LOSBUUFqUMJetfIm0qX,0.96664506197,0.476958781481,1.97950851917,17.1308288574,0.00233826972544,1588.05297852,16.6173038483,0.1158207058909999,0.00393579434603,0.103577777743,0.00218336773105,0.009371698834,8.00003623962,1.11363255978,0.00948208104819,1660.22387695,1.01920115948,7406321.5,0.0646590143442,-617.201843262,79.248008728,51.0703659058,28.1017818451,7.62867546082,18.9251670837,12.7225599289,15.8821353912,3.26348924637,5.40296268463,4.20757961273,2.87726712227,4.12167739868,8.53265762329,0.0155763244256,0.00467289704829,5.0,2.59280943871,0.0,5.0,0.0,0.7294493317599999,3,0.6965391635894771,0.060137942433357,0.072603985667228,0.083062134683132,0.107961431145668,14.653051772670372,9.754425151256386,7.418064250955793,6.360562026596153,7.294830346113818,5.984661528089416e-05,0.000247240286957,0.00725926002779,0.014193126259217,0.024141510252605,5.898562431335449,5.2103590965271,5.35094690322876,5.463837623596191,5.538839817047119,0.003172741733509,0.00190416962805,0.000758621856702,0.000789166412833,0.000715808711544,0.285929774349564,0.123012465607019,0.079691820965966,0.075429775118128,0.087992963574954,136.33
1pY30830dQrG3PU7bpayAJ,0.985680937767,0.438681036234,1.50540435314,5.03749656677,0.00155884644482,508.265625,13.0865163803,0.1110801324249999,0.000472446263302,0.0919532254338,0.00145260500722,0.0236779563129,6.72913980484,15.3663330078,0.00969607103616,306.717559814,2.78097486496,3423759.25,0.0155663909391,-694.764648438,189.125442505,34.2422904968,42.5453720093,15.8623056412,18.5560531616,-3.00376343727,0.3878622949119999,0.183929443359,5.27207183838,15.1014852524,7.28673171997,-1.96298098564,7.96157407761,0.0295950155705,0.00311526469886,8.0,2.07603764534,0.0,3.0,1.0,0.4160059690479999,3,0.9474966526031492,0.058803893625736,0.017369367182254,0.000336145341861,8.050051110330969e-05,11.158983105624792,7.695887062120973,3.626872640619617,1.503490800013191,1.923241242908426,8.223174510784257e-06,3.811541610095178e-05,0.001991426817016,0.017193559293793,0.024800479705714,5.949796676635742,5.414831161499023,4.982972621917725,3.768215417861938,1.187193393707275,0.00379956860793,0.001462216322843,0.000927953837361,0.000778902346846,0.00081992146452,0.222541688864173,0.110472221936045,0.055156309705618,0.026975964953181,0.030170845001183,125.92
0kARYOLouIWaLR5AybrVtB,0.988237321377,0.480107963085,1.87453496456,6.52481079102,0.00701480917633,1137.17810059,8.96024894714,0.1485786885019999,0.00144162820652,0.140635967255,0.00126793107484,0.00671105599031,7.70158052444,1.73506617546,0.011706485413,355.772491455,1.06389451027,6659420.5,0.0304157733917,-677.680725098,86.2175750732,52.2439842224,50.6034088135,20.8902664185,31.729850769,18.3186988831,24.3005809784,15.7987442017,14.5383787155,8.99565219879,8.49367141724,4.55774211884,4.33351516724,0.0763239860535,0.00934579409659,4.0,3.05547308922,0.0,10.0,1.0,0.586495161057,3,0.947205424308776,0.093812994658946,0.00648105610162,0.009058625437319,0.004695425275713,24.394162017046725,6.329526794707732,2.513648814673247,1.562569388014022,1.568879207853133,5.420224739169704e-05,0.000158805641985,0.005248418687577,0.013932226522434,0.027714601870564,5.99285364151001,4.771730422973633,3.343977212905884,3.053914785385132,2.855695724487304,0.005397242741677,0.003315804849547,0.001228361263204,0.000806588484064,0.0008036670701,0.479370619979262,0.165219039576061,0.081190465504947,0.057722249119331,0.059889256770552,130.11
4Tw2QkXxu2GHKtjvFAveG6,0.982508003712,0.453255146742,1.22894597054,5.26832532883,0.0109119247645,941.330078125,14.1091194153,0.225201547146,0.00191606639419,0.212420806289,0.0017813249724,0.0128648392856,7.17698669434,11.4947042465,0.0140188122168,378.261657715,1.90239036083,4186400.5,0.0200967881829,-682.617004395,147.986572266,30.5485191345,57.2774429321,18.8895225525,22.7539291382,13.2477378845,17.9832839966,6.55399036407,7.52089834213,7.14867115021,10.4258117676,3.65511322021,9.33889293671,0.0140186911449,0.00467289704829,1.0,2.32972931862,0.0,1.0,0.0,0.583122313023,2,0.721513152122497,0.123736634850502,0.065144941210746,0.084773503243923,0.051130555570125,19.90541567994674,10.176900374576682,6.124095246354392,4.809897501442402,4.401371535579288,1.5742780630219682e-05,7.170986412054492e-05,0.002983596820209,0.00998732535492,0.020098210450958,6.050570011138916,5.808115005493164,5.767961025238037,5.799865245819092,5.808554172515869,0.003883877222386,0.001716865490157,0.000846314371159,0.000764402379309,0.000777054783265,0.323435694871234,0.142174813843948,0.083370349074076,0.069114828955947,0.063236234732939,140.15
3EAMJnZrEy5fGWfO4MHfNE,0.986504435539,0.4852877259249999,1.39145565033,40.4316711426,0.00623538577929,2526.26074219,10.0709276199,0.0826116651297,0.0083795292303,0.066099382937,0.00108956173062,0.00846925284714,8.22566699982,-0.243371233344,0.00841756910086,3112.21972656,0.3476428985599999,8275169.0,0.113541565835,-629.333435059,31.3377513885,72.8810958862,40.0754928589,26.8726520538,39.602809906,5.11969804764,12.5433912277,3.34846377373,10.3296737671,-9.3363275528,0.187887758017,5.27594947815,4.23273563385,0.163551405072,0.00467289704829,7.0,2.45981049538,1.0,5.0,0.0,0.447044312954,2,0.398183912038803,0.093868918716907,0.014786354266107,0.20267729461193,0.298855304718017,17.621674831783405,12.795635458554663,6.640507634423073,7.042141268633273,7.932258048451715,8.41299395601822e-05,0.00023206894849,0.006004912773449,0.005323720297727,0.009156955087704,5.849874973297119,5.893930912017822,5.776363849639893,5.925268173217773,5.913000106811523,0.003297016017562,0.002140734115691,0.000820753268106,0.000734928765662,0.000803769050781,0.271812907514834,0.141225066324564,0.085334659788716,0.106324573031426,0.123378276964868,126.77
039kdZF8tqJ6IbEXLa4rrT,0.977924466133,0.481479197741,2.07666254044,21.1610431671,0.00311769288965,1990.62255859,12.4785661697,0.0620869733393,0.00413443660364,0.0499338880181,0.00149838184007,0.00821825582534,8.14337730408,0.328981339931,0.00733025139198,2056.56518555,0.743927240372,8669060.0,0.0858324617147,-637.188842773,53.0267982483,65.5917510986,35.2550163269,22.1594276428,21.4102878571,8.47347450256,9.89514732361,6.44219398499,11.7260065079,4.50418710709,2.95419478416,2.0811085701,5.13975048065,0.063862927258,0.00778816221282,10.0,2.76094889641,1.0,10.0,0.0,0.587401926517,2,0.6567089557647701,0.101579338312149,0.044438116252422,0.091974578797817,0.116673894226551,15.73210362167192,6.983885469845057,5.36983438672645,4.014681876654965,4.543098353091279,3.075027819071759e-05,0.0002102205277,0.007670264585614,0.009102986582936,0.019900076754917,5.794302463531494,5.187770366668701,5.630599498748779,5.546425819396973,5.53685712814331,0.00422425110395,0.002065274435829,0.000774555436209,0.00073447507658,0.000761725742928,0.2733245851918,0.155641713105317,0.09636885985289,0.10031495914621,0.119888275867569,127.88
1HKcIQ3D2Gno50l0vjMYFD,0.892635762691,0.474681168795,2.78845405579,21.3184452057,0.0779423192143,1831.67553711,15.1738109589,0.0414777994156,0.0014465469867,0.0328744389117,0.00180452782661,0.00770889641717,7.71087646484,3.32631850243,0.00548568088561,1393.12719727,1.10623145103,4809688.0,0.0496330484748,-669.089172363,102.032714844,9.49181175232,46.071308136,13.3151245117,15.4892072678,4.93572092056,13.8645830154,9.48869800568,12.251244545,7.10256052017,5.03588962555,3.70141077042,6.21473073959,0.0467289723456,0.00467289704829,1.0,2.34927344322,0.0,1.0,0.0,0.722363233566,2,0.5712921619415281,0.044135868549346,0.130343049764633,0.154565200209617,0.116075858473777,11.880939481079656,7.445670464991215,4.538953204899153,2.728540364420397,2.6259498341099983,5.164402280951019e-05,0.000275932487969,0.002913471782372,0.007030263023649,0.012888946986278,5.731651782989502,4.631466388702393,5.405468463897705,5.533881664276123,5.594784259796143,0.002990166363575,0.002197312422505,0.001013259162449,0.000762443591297,0.00079679396511,0.24087415482843,0.138704164548309,0.088470161829802,0.06862061677416,0.06790423425168,129.93
4wD2H7lbOlrfid5srNlWTg,0.988136291504,0.470697134733,2.34249639511,15.6032876968,0.0148090412839999,1351.65466309,13.7045984268,0.0877375081182,0.00345500558615,0.0752112269402,0.00292397337034,0.00768931768835,7.57718515396,3.16284441948,0.00839415751398,1297.86999512,1.22993850708,4778093.5,0.0368954911828,-678.420898438,117.095161438,22.4217128754,36.2006645203,10.6502122879,42.1506309509,1.66131830215,30.5544681549,3.87199902534,20.795841217,-2.11433124542,13.6007814407,-4.98898124695,8.53265762329,0.171339556575,0.010903426446,5.0,2.76613640785,1.0,0.0,0.0,0.406802088022,2,0.7221101522445671,0.014103196561336,0.088929012417793,0.083248496055603,0.09627366811037,15.63194756161857,8.876983969688123,11.36161395052464,9.285864102661009,9.203198866207032,1.561942542005386e-05,0.00016338193161,0.002218847559835,0.006210799461144,0.015695809644327,5.949585437774658,5.819333076477051,5.45790433883667,5.728742599487305,5.752262115478516,0.003071491063617,0.001733086935561,0.000838288071133,0.000745799632188,0.000750352634492,0.392901489490727,0.182126810771292,0.145689008847835,0.127366700502628,0.127898030373645,128.06
0ZGqJnbgoKo4M2G2yRA5qT,0.987651288509,0.46081879735,2.10460042953,14.2434635162,0.00155884644482,1221.07189941,11.6087293625,0.119318827987,0.00336482026614,0.103239007294,0.00290197692811,0.0118260243908,7.78246116638,0.794684529305,0.0100250337273,1117.83447266,1.02187538147,8545225.0,0.0595326349139,-646.324462891,80.0971832275,67.680480957,25.0408096313,25.4999809265,44.7173080444,8.06245517731,8.08249950409,1.57553064823,0.207393273711,7.39446878433,19.0690155029,7.98960208893,6.34910345078,0.127725854516,0.00934579409659,8.0,2.37035989761,1.0,5.0,1.0,0.700943589211,3,0.6760449409484861,0.141807541251182,0.104278348386287,0.03786689415574,0.057055499404668,17.2871291341464,8.559388197046122,6.312009898947911,4.718878167883016,5.12276959571983,1.5531208745884352e-05,0.000183856216154,0.004986732618348,0.013865999372261,0.021133490807335,5.976668357849121,5.466662406921387,5.589836120605469,5.730167865753174,5.707918643951416,0.003861743867671,0.002407407407407,0.000972883597883,0.00071730914588,0.000682823129251,0.381812600835761,0.157919076631349,0.096047520923176,0.062104152327517,0.072778044427352,131.15
1MgXHiNj7wdZk0ci3uYTfY,0.957697451115,0.445262730122,4.22727489471,6.0445599556,0.0833982825279,481.271728516,6.68745136261,0.0374009944499,0.000558517174795,0.0268305893987,0.00107807514723,0.010498534888,6.83954000473,8.90456008911,0.00529077230021,462.954315186,2.34969449043,5498591.5,0.0269464273006,-773.921691895,150.114822388,66.6153640747,14.7041025162,13.0856266022,17.7638664246,5.92715072632,27.094575882,8.800944328309999,4.70093727112,-2.54671549797,5.43870925903,1.49434483051,4.19914245605,0.0981308445334,0.00623052939773,4.0,2.24514865875,0.0,3.0,0.0,0.5215067267419999,2,0.531068384647369,0.415749579668045,0.066381976008415,0.005545007996261,0.018397506326436,6.583426035922451,2.607595618569621,1.15573858397168,0.305218335439205,0.33822479932867,3.8092939804877983e-05,0.00020491039405,0.004641601791618,0.0342738746698,0.042684432430424,5.665071964263916,5.55730390548706,5.675016403198242,5.165760517120361,5.036358833312988,0.003360798342325,0.002730666979435,0.001432950862748,0.000946055103014,0.000939826574406,0.161444563849308,0.115306670352647,0.054159762287521,0.024954903030408,0.02935427944092,126.02
0GAq2xrV81lDigwQUWxicv,0.98802536726,0.469115883112,1.64818072319,4.78590774536,0.00155884644482,1108.81506348,7.83943891525,0.194402128458,0.00415319716558,0.185489997268,0.00105901458301,0.00576814590022,7.34553623199,3.77515268326,0.0130301900208,862.910339355,1.34627366066,8952245.0,0.0349005013704,-720.338623047,82.7375106812,84.0011138916,52.8639793396,31.3069915771,36.643699646,19.205532074,22.874414444,8.07100963593,18.5534172058,6.32926845551,14.6060438156,10.8352231979,8.29750537872,0.0451713390648,0.00778816221282,0.0,2.25851106644,0.0,0.0,0.0,0.578771948814,2,0.971471548080444,0.018716679885983,0.004094971809536,0.009319114498794,0.004504339303821,19.212044996024133,6.903947445809418,3.844577447816204,3.108076300013674,3.886941861301783,5.284254516664599e-06,0.000116915322507,0.008175302519254,0.017925325377362,0.018868974290408,5.976837635040283,5.145470142364502,4.898186683654785,4.894119739532471,4.954346179962158,0.004299612318045,0.002794862952861,0.001567133765948,0.000928764747066,0.000918001609245,0.262143781592308,0.10160322311292,0.062132243913815,0.069705445054883,0.104562964525032,127.88
0kNbatMboaGdyVNdLDzKYe,0.988619685173,0.486687064171,1.5994194746,4.91273403168,0.00155884644482,1257.59057617,21.2065467834,0.146810114384,0.00124949216843,0.13435973227,0.00317090679891,0.00937232561409,7.54877471924,3.73078846931,0.0114707555622,152.695877075,1.15380644798,3489543.0,0.0197245832533,-649.015258789,143.439666748,-10.4816436768,53.049949646,20.0281391144,31.1905345917,17.3782863617,20.8612232208,10.5637731552,9.44574832916,6.5380887985200005,11.2229499817,1.31913948059,4.56866693497,0.1401869207619999,0.00778816221282,10.0,3.16360163689,0.0,10.0,1.0,0.51629447937,2,0.903486549854278,0.013549139723181,0.034768357872962,0.030864810571074,0.01454107183963,-inf,6.121053894372888,3.57130224016409,1.428109483413408,1.258211163378419,6.692356526638508e-06,0.000128705278235,0.001720215919211,0.006418704134153,0.009443838237217,5.967927932739258,4.77385139465332,5.50847864151001,5.415927410125732,5.08745813369751,0.00481486357984,0.002362988485437,0.000817651736019,0.000803074476543,0.000751685955767,0.276894212783502,0.115022748393911,0.062644601698982,0.0388771870825,0.037512698388587,130.44
2kg1xXDpoPJLUTRIoEXEMw,0.989110767841,0.4616512358189999,1.40804755688,8.8829460144,0.00155884644482,842.891296387,9.57521438599,0.0721843987703,0.000756585097406,0.0615471340716,0.00262092938647,0.00971664953977,7.26198148727,4.9480509758,0.007977665402,733.959838867,1.7755122184799998,5308296.0,0.031272072345,-689.021179199,123.945777893,47.4270019531,29.8432254791,18.5825786591,30.0941390991,11.1032276154,14.9063520432,11.128993988,15.9864273071,11.229388237,4.89563465118,-2.84184551239,6.88659381866,0.0872274115682,0.00311526469886,1.0,2.53662967682,1.0,6.0,0.0,0.5058932304379999,5,0.6050477623939511,0.043916076421737,0.113512486219406,0.093176871538162,0.16482625901699,15.25097926379816,7.501960499800455,9.933525985936974,3.646928516535668,3.739075800177704,7.912189912024449e-06,9.20826255191477e-05,0.001991723023773,0.013533653074278,0.020191262577872,5.898369312286377,5.767436504364014,5.732893943786621,5.778412818908691,5.785007953643799,0.003571658082936,0.001666437155158,0.000901704811479,0.000822844657431,0.00084010392281,0.305868609731139,0.156711477617236,0.125290421806917,0.052663621591791,0.054914221345375,125.14
68rD3W0GlqsVBlN492uyCs,0.98635840416,0.490964621305,2.63545179367,19.5277023315,0.00233826972544,1830.69897461,14.0389709473,0.0590260140598,0.00164867355488,0.0481659956276,0.00251230737194,0.00773818930611,8.01152801514,1.22173273563,0.00671580573544,1122.04296875,0.809639751911,5485379.0,0.0599878057837,-642.553100586,67.0509109497,24.0442085266,55.1018867493,32.2892799377,34.2179641724,4.82742643356,17.7846240997,1.00867605209,5.56635808945,-3.94042015076,3.96182227135,2.45159769058,8.26391220093,0.0124610587955,0.00311526469886,8.0,3.12159800529,1.0,10.0,1.0,0.48930183053,2,0.92752456665039,0.03349270671606,0.017455982044339,0.021665342152118,0.009120212867856,12.37720132526091,5.5544435496341045,3.838541799934572,3.407646519582543,3.106511566346291,4.588717826466543e-05,0.000306657205058,0.004867537530668,0.009203440542905,0.016436814626922,6.04198408126831,5.600066184997559,5.487895965576172,5.5973005294799805,5.544708251953125,0.003045822102425,0.002095922645787,0.000792966243101,0.000729131904334,0.000767038891028,0.228295544141988,0.105495080978541,0.06690631894007,0.051306949701037,0.050804372617453,134.04
0h7P6JS3TygunZK4YO7Kz1,0.940154075623,0.486074268818,2.26127052307,19.1267700195,0.00233826972544,1705.3918457,25.3717842102,0.142755225301,0.00242906552739,0.126492366195,0.00622044783086,0.00824347790331,8.13038253784,2.02237081528,0.0103791756555,1034.34936523,1.27281343937,6410615.5,0.0548971965909,-584.273498535,89.1662216187,17.3136253357,3.32506513596,11.2928943634,31.8713741302,13.1211061478,15.6874074936,11.9340629578,14.3262605667,10.5786180496,12.9161434174,4.47915887833,3.25853466988,0.132398754358,0.00623052939773,1.0,3.08883309364,1.0,10.0,1.0,0.553828835487,2,0.796022117137908,0.043888568878173,0.106915988028049,0.015414179302752,0.045082699507474,12.80361779292855,5.041940972746818,5.31903793106874,2.905383288057282,3.1601778371554072,5.2615505593870986e-05,0.000334417805468,0.00308443481255,0.012525117617126,0.019766448031277,5.8889031410217285,5.643311023712158,5.183483123779297,5.459892272949219,4.655656337738037,0.004566024991556,0.002032939491586,0.000782847170281,0.000730016264795,0.000748061877456,0.198008507152025,0.089965992480376,0.084859877649887,0.048660114104385,0.053840329549938,125.02
7b6M4QLsWTQ6WntdWzEmFQ,0.985591650009,0.4819197356699999,2.45185685158,6.10166740417,0.00233826972544,1013.23413086,12.1862821579,0.0815104618669,0.00119273329619,0.0717496499419,0.00164836051408,0.00866361428052,7.79356384277,2.70274925232,0.00838052853942,310.292907715,1.41524672508,6900025.0,0.0392581187189,-651.086120605,101.513961792,35.6512336731,34.2229347229,29.2325572968,17.1503925323,16.2855472565,10.9406042099,10.7646389008,5.52687263489,9.92124271393,9.53202724457,2.97445750237,5.27412319183,0.0919003114104,0.00623052939773,1.0,2.90351772308,1.0,10.0,0.0,0.5896784067149999,2,0.8258839845657341,0.147296845912933,0.042819660156965,0.011923659592866,0.011279397644102,14.446724040752482,6.810637645057639,4.144457398116344,2.672873718869407,3.666749315125198,1.7376661837997294e-05,0.000115267278174,0.005279209049028,0.018545041755373,0.025908926573379,5.943869113922119,5.731563091278076,5.631232738494873,5.365360736846924,5.452514171600342,0.004148308968977,0.002210257152506,0.000900082018623,0.000738457084961,0.000740290442418,0.260964497766444,0.115830883981313,0.067957082104538,0.041777558546041,0.056583949613948,125.97
56XMeiOTubtJUbRZjV8Rtr,0.96567183733,0.480049401522,2.94517540932,19.0202503204,0.00233826972544,1543.63818359,11.0592365265,0.0670505017042,0.00270592118613,0.0571319982409,0.00175035081338,0.00700036808848,7.70098304749,2.76525235176,0.00711439410225,1258.19140625,1.20213007927,6030901.5,0.051809951663,-676.176940918,90.7601394653,33.9243888855,45.4260749817,28.1163902283,26.9128475189,11.2506914139,16.6982402802,3.69400167465,13.3794240952,-0.569661855698,2.24318385124,4.81099700928,5.7108335495,0.0809968858957,0.00934579409659,9.0,2.5742585659,0.0,5.0,1.0,0.738935351372,4,0.613285660743713,0.11637919396162,0.05585466697812,0.150017172098159,0.10095764696598,11.682780256913768,4.960507100208689,3.914977229127577,3.373050277123929,3.379166286933985,2.9728372653222693e-05,0.000314982958354,0.005570075537537,0.01169065833976,0.019273355718156,5.873507499694824,5.031009674072266,5.38054609298706,5.468354225158691,5.434088706970215,0.003551252979824,0.002182103610675,0.000862259433688,0.00073248444677,0.000808186522472,0.255130603285695,0.117912218575139,0.072551450078522,0.060740793059712,0.062427264392661,124.64
3p7inN5GDZ8jQqtaFbfjHn,0.91861897707,0.4883352816099999,1.95529544353,30.1143226624,0.00233826972544,2118.50341797,19.7388935089,0.105682238936,0.00450176140293,0.0919604077935,0.00290263700299,0.00747985579073,8.13202667236,0.696061134338,0.00911767967045,2570.11914062,0.7586849927899999,6681192.0,0.0887602418661,-603.545288086,59.683391571,36.8387107849,32.8967247009,12.5115423203,30.4464302063,23.0277919769,19.6892433167,9.72275543213,7.32959461212,4.95041799545,1.67382073402,-0.0128386607394,3.35931396484,0.0685358271003,0.00778816221282,10.0,3.27734136581,1.0,10.0,1.0,0.536778390408,2,0.583143413066864,0.306286305189132,0.070439457893371,0.068479716777801,0.076222002506256,16.341353951520517,5.832045225190412,4.578751083245004,3.805207194401442,4.122726959880517,8.22017326303201e-05,0.000461047494756,0.004703356093188,0.007070135125034,0.012304171932402,5.884542942047119,5.548272132873535,5.021122932434082,5.243832111358643,4.873310089111328,0.003430251965422,0.002453560548798,0.000800751276941,0.000759179092512,0.000755972422639,0.268430849344867,0.117367118873949,0.071971088615778,0.063733392116702,0.070817565181072,123.08
5poXbxArnETB0rdBn2YYOG,0.985971450806,0.464530676603,1.94096374512,7.07628393173,0.00155884644482,760.797668457,14.5806703568,0.1022369638089999,0.000515628955327,0.0899476706982,0.00263674068265,0.0104537578299999,7.41911363602,4.96945285797,0.00895750056952,388.95513916,1.74393033981,4501552.5,0.0227981302887,-657.679321289,144.917053223,21.353887558,32.0335426331,17.1645812988,15.8119668961,-0.196033418179,12.8282089233,15.2404994965,8.5786151886,2.02678489685,7.11572599411,13.9339466095,8.4654712677,0.0996884703636,0.0124610587955,1.0,2.33903646469,1.0,2.0,0.0,0.342267900705,2,0.938197374343872,0.033668179064989,0.036244329065084,0.001065884018316,0.000797286396846,-inf,10.018235019475116,7.581803865119669,3.033594041384547,2.873818445686388,1.1123482362470442e-05,7.931195616249109e-05,0.002249927223462,0.017961905988428,0.028477032400809,5.94957447052002,5.466318130493164,5.504504203796387,4.753380298614502,4.72006893157959,0.003270274909432,0.001616030210224,0.000894562340208,0.000769439249803,0.000773233596227,0.308980261670871,0.135038685659894,0.086048564280445,0.038003767359599,0.041714706599525,126.93
6DbVtbnrGBeGcDl9sMKGIz,0.981051743031,0.476531296968,2.8001947403000003,13.7215051651,0.0241621192545,2051.70751953,5.24318027496,0.184220567346,0.00581167172641,0.157054781914,0.000315704586683,0.00757749611512,7.5707654953,1.23203527927,0.0123847480863,1107.9173584,0.795674085617,8491632.0,0.0478188320994,-723.59375,42.645111084,94.0283966064,58.473236084,19.6113090515,44.1338615417,13.5993337631,25.029542923,12.6171178818,16.9492473602,5.79926967621,8.67141056061,4.3712682724,5.94598579407,0.0467289723456,0.010903426446,8.0,2.40227794647,1.0,10.0,0.0,0.556505084038,2,0.7413281202316281,0.005724497139453,0.005186419468373,0.06876503676176,0.118121638894081,14.20489881006741,3.7841408171298543,2.878409615071461,4.166769175876587,5.211810272347747,0.000248679794464,0.00089239451745,0.009824290499839,0.010449902019608,0.013405015703466,5.877811908721924,4.950230598449707,4.813379764556885,5.298511505126953,5.213634014129639,0.00508204595467,0.002715950091038,0.001163388179573,0.000791416730895,0.000816661640025,0.298057311467377,0.112149718205891,0.053832811624444,0.067545788703669,0.086621323328593,128.74
2tvs90kxTimQopjweKgNL8,0.933041036129,0.476943790913,2.48349070549,10.822145462,0.00233826972544,1364.36071777,11.9392051697,0.172256022692,0.00497764488682,0.150967881083,0.00225603417493,0.00659888284281,8.09115409851,0.427779793739,0.011821674183,1036.22937012,0.962866067886,12268516.0,0.0842351764441,-647.497802734,67.8916473389,73.5308151245,24.1999473572,38.8718986511,17.9253311157,20.6004581451,12.9597425461,4.91229772568,14.7479829788,12.382194519,7.90518188477,2.38502812386,4.46788740158,0.121495328844,0.010903426446,8.0,3.09576225281,1.0,1.0,0.0,0.468945741653,2,0.7122642397880551,0.031122516840696,0.083304852247238,0.030969524756073,0.049559827893972,15.469206534535036,6.361799675483146,3.761096741357851,2.938796959613048,4.490701061242537,2.3514045318237693e-05,0.000259170339871,0.010190737221286,0.018201901408393,0.010692833744587,5.832783222198486,4.985253810882568,4.940748691558838,4.719841003417969,5.478591442108154,0.004066299535687,0.002224273836518,0.001045351473922,0.000719900658676,0.000762552640103,0.212208803632356,0.099775500394438,0.062890295603885,0.051126917876618,0.080266793627227,124.2
23EUhvDE4ECOo88ZwUyuNy,0.9876729846,0.471440255642,1.66359972954,5.79280805588,0.00233826972544,872.147521973,8.99532318115,0.1309594064949999,0.00123975041788,0.120036639273,0.00157802086323,0.00993211846799,7.61360454559,2.07429170609,0.0107559431344,455.367095947,1.32527375221,7376200.0,0.0274046417326,-673.707885742,97.0433883667,59.2433509827,39.284034729,32.4602050781,28.3312587738,13.1117315292,10.618765831,1.61274838448,14.3885641098,9.1934967041,6.42311954498,9.81549739838,8.16313266754,0.021806852892,0.00311526469886,5.0,2.71333432198,1.0,10.0,0.0,0.579991519451,2,0.7788347005844111,0.08583253622055,0.098260827362537,0.021767308935523,0.027986845001578,26.35108539391313,12.237845134530716,6.156480567008727,4.3339686446031696,5.202979844768995,7.249672303615136e-06,7.912326111784186e-05,0.004025871649396,0.017384419580096,0.02701238292069,5.9720845222473145,5.646817207336426,5.486081123352051,5.434236526489258,5.461335182189941,0.00413751852447,0.002675201314121,0.001150749013516,0.000759905011873,0.000690092309889,0.488580773390701,0.207727401055313,0.113530310002011,0.061612176688472,0.070779430929204,132.55
5C9iIKOKKudfYVYF0fz0dy,0.987742066383,0.486043840647,1.99036073685,3.29597687721,0.00155884644482,1525.87072754,9.65471553802,0.160733416677,0.00120826961938,0.152074456215,0.00088763248641,0.008534793742,7.63901948929,1.74298918247,0.0119807953015,131.615844727,0.918668985367,5898017.0,0.0192092806101,-673.862060547,71.9952697754,46.0179634094,67.2231445312,35.5742492676,34.001750946,13.3112516403,12.3110027313,30.1572399139,17.1762123108,-2.15686511993,14.6079378128,6.12043905258,7.0881524086,0.073208719492,0.00311526469886,1.0,2.49777269363,1.0,1.0,0.0,0.48647069931,2,0.970396816730499,0.028727047145366,0.010412658564746,0.001698340289294,0.000506349024362,-inf,8.24490388634327,3.995009276176668,2.767149895531685,2.816161681347926,5.427290563705485e-06,0.000110984046444,0.004291513795088,0.009449140833747,0.018973741238869,5.929905891418457,4.251986026763916,4.752091884613037,5.407130241394043,5.240693092346191,0.00454290488125,0.002684787365238,0.001011457214464,0.000737856546127,0.000726618132633,0.407156792301713,0.139880984712607,0.05885565782575,0.041393237150564,0.042510397663756,124.79
4hr1SSr7qzPHPbYuyEqqSy,0.983627319336,0.481950759888,1.7044593095799998,13.0419826508,0.00701480917633,1580.90100098,15.0748243332,0.114459529519,0.00532197300345,0.0995323136449,0.00227027083747,0.0117501467466,7.86758708954,1.00635230541,0.0102124130353,1164.85998535,1.02121543884,7821426.0,0.0503059066832,-631.288818359,66.5674591064,64.5526657104,43.2750740051,23.4390487671,22.0658779144,14.6594028473,13.4091663361,2.82350468636,12.6650743484,6.20540761948,4.00054502487,7.38830280304,3.29212760925,0.127725854516,0.00623052939773,10.0,2.53627133369,0.0,10.0,0.0,0.567938745022,2,0.700378060340881,0.058116570115089,0.031579341739416,0.125389665365219,0.124093979597091,22.22651242453629,9.527579443529472,4.715929949644769,3.625697631739665,3.905686722324673,4.146286209491594e-05,0.000225268520347,0.006053630665589,0.010448237495726,0.022198138016132,5.932220458984375,5.132743835449219,5.816097259521484,5.735579013824463,5.762270450592041,0.004062222222222,0.002298560858606,0.001029171296672,0.000746853854423,0.000762302264863,0.288670584719762,0.152534671780742,0.100176526597921,0.100708664999764,0.11328329839372,130.52
0eod1mkKiF6l5zI4kroh71,0.985004544258,0.474816083908,1.32079780102,11.2602529526,0.00155884644482,1271.21594238,15.424785614,0.136198177934,0.00540869263932,0.1200774610039999,0.00228634360246,0.0116788707674,7.8215098381,1.84726154804,0.0110605405644,1214.94140625,1.09329664707,8822813.0,0.0568073168397,-630.512207031,87.5813064575,67.4042053223,22.9770622253,33.3018760681,22.6163387299,16.622467041,15.0631685257,6.61759328842,9.53164768219,1.8223310709,5.67040348053,2.21606063843,6.11395168304,0.110591903329,0.0140186911449,10.0,2.74409222603,0.0,10.0,0.0,0.536906898022,2,0.698508024215698,0.103210225701332,0.044743459671735,0.068203352391719,0.133831679821014,22.20805952468369,7.512749959664132,4.477447208808574,4.096859102128647,5.211591757472588,1.0270029890379891e-05,0.000111383698437,0.004805069110625,0.009272690352299,0.014180453620321,5.917268753051758,5.065619945526123,5.323919296264648,5.14213228225708,5.30803918838501,0.004040670031453,0.002179471176849,0.000824335850548,0.000684328777382,0.000782520959454,0.423332615870638,0.164347577018077,0.09686660955781,0.090669312687803,0.113791415202598,129.22
7ungiwVTtUGS2QeZsCAklB,0.98882740736,0.481192141771,1.4192429781,12.2082910538,0.00155884644482,2095.5168457,12.526889801,0.131878376007,0.00755482213572,0.1159288808699999,0.00168782891706,0.00671121058986,8.02422332764,0.567106127739,0.0109604028985,1439.67541504,0.807805836201,8609831.0,0.0603029243648,-640.866699219,48.2745819092,72.7355499268,46.572845459,24.9625797272,30.2423305511,17.9373664856,11.0527477264,9.96468257904,9.43449497223,6.04013156891,8.02940368652,5.97621870041,6.51706933975,0.0,0.00155763234943,8.0,2.64553904533,1.0,1.0,0.0,0.499859303236,2,0.7543565034866331,0.007158095482736,0.008127437904477,0.097085371613502,0.105063267052173,20.25833512809876,8.941835183246265,7.787190750083851,8.452988156447118,9.681301410946784,1.082263892055205e-05,0.000267631986,0.008798434333981,0.011840617013614,0.028220275331721,5.976195812225342,5.6868672370910645,5.881027698516846,5.949597835540772,5.960900783538818,0.0038331029623,0.002070177340524,0.000890316285876,0.000754713572015,0.000708458682277,0.330910540586672,0.14230570776012,0.103631012369069,0.11508369387502,0.131882746166116,127.04
3sTcHDzUKHdY3yd13thhy1,0.986407101154,0.4742913544179999,1.9668636322,14.2472734451,0.00155884644482,1376.13012695,12.252532959,0.131824955344,0.0040363217704,0.116122193635,0.00196302239783,0.0121904863045,8.04423236847,0.371746003628,0.00988378282636,1485.02270508,0.868193745613,9469604.0,0.0704072639346,-634.542236328,59.1105613708,65.4233856201,40.3217964172,34.2544059753,19.2775363922,14.856013298,10.2208757401,7.10521745682,3.08495163918,3.38949155807,3.70337629318,2.31802344322,8.39828491211,0.116822429001,0.00778816221282,8.0,3.13803219795,1.0,8.0,1.0,0.404774963856,2,0.6751884222030641,0.133035197854042,0.05201568454504,0.03156479820609,0.112525410950183,14.216878563344348,8.180599892993827,6.388581199694323,4.500097123812078,5.625984285626647,2.741706070833871e-05,0.000203138835906,0.008432103185531,0.013980537894902,0.018956050194529,5.868321895599365,5.306328296661377,5.158297061920166,5.784727573394775,5.730562686920166,0.003131871606544,0.001874226450208,0.000823192490807,0.000740891310043,0.000758507918439,0.34686947545745,0.152807682758439,0.090372068641331,0.067551750975408,0.091850724963235,127.97
5WMyeVioR4LHlX2mKOYgOS,0.989145934582,0.479901790619,1.78798115253,7.90248966217,0.00155884644482,1697.99682617,14.4006233215,0.118319302797,0.00149769173004,0.108098641038,0.0029492310714,0.00627575768158,7.52777910233,3.58492136002,0.0100167244673,637.770202637,1.00022375584,4006622.25,0.0335247144103,-665.539123535,111.899261475,2.78887963295,69.4588088989,22.8276195526,21.1459178925,21.801815033,25.7294578552,-0.572900116444,16.5805778503,18.0676269531,6.34809875488,-5.42355203629,5.13975048065,0.1074766367669999,0.0140186911449,7.0,2.35751533508,0.0,2.0,1.0,0.5704995989799999,2,0.814343571662902,0.022149052470922,0.062090132385492,0.043194606900215,0.060958441346883,16.366089250937492,7.557502152756632,6.656989220175911,3.182978375962312,3.280327446092874,6.631898116314737e-06,0.000126088137006,0.002654731670938,0.005950105152187,0.010412143344731,5.923916339874268,5.270023345947266,5.606184005737305,5.779525279998779,5.719624996185303,0.003406701940035,0.002009812774667,0.000792547107338,0.000758031826299,0.000815323179419,0.315208261007667,0.117949479505862,0.085962295094985,0.049101447395059,0.056396144503473,125.17
7GIsHjr6SEVuV0WzS51rOS,0.893830657005,0.4829865098,2.42973852158,17.4441413879,0.00233826972544,1495.76135254,26.268901825,0.090494543314,0.0019928640686,0.0762651786208,0.00617540953681,0.00723604531959,7.79348468781,4.11305618286,0.00804314389825,1089.06213379,1.48632776737,4587279.5,0.0480917058885,-611.519042969,117.223197937,1.37870907784,14.8822898865,5.07312059402,22.5701885223,4.54927206039,11.7338266373,-1.35095381737,4.91888427734,6.88601827621,-2.4049141407,4.01937007904,5.91239261627,0.073208719492,0.00934579409659,9.0,3.08971738815,0.0,2.0,0.0,0.638156533241,2,0.459771901369094,0.131268545985221,0.320067137479782,0.071642063558101,0.054627161473035,11.934453707594262,5.714823840070509,5.56828081148961,3.242746879403589,3.227242225086434,0.000113319451504,0.000167549002124,0.001895786243737,0.009247140844471,0.018083827051105,5.546562671661377,5.338034152984619,5.433926582336426,5.695562362670898,5.397472858428955,0.003169058016219,0.001715533374922,0.000848013149947,0.000795037083246,0.000785630118131,0.189557067627241,0.090454984199786,0.088014445458546,0.052404934280961,0.05344154213953,126.96
1AF4Jfkj8q5M4NelirHLkW,0.988479673862,0.481724888086,1.80021703243,6.62630367279,0.00155884644482,938.029724121,15.7077159882,0.128517061472,0.00229730526917,0.1129726246,0.00441716238856,0.0107673862949,7.56739187241,4.18396806717,0.0107844593003,441.218536377,1.77517139912,6554813.5,0.0300454720855,-644.077087402,119.550247192,45.6342277527,12.3300552368,9.83763980865,16.9320602417,23.8669376373,22.8292179108,19.5994663239,18.3648452759,11.2228002548,7.39961957932,6.49227571487,5.81161308289,0.079439252615,0.00778816221282,9.0,2.58971905708,0.0,9.0,0.0,0.578542888165,3,0.8800852298736571,0.010259048081934,0.080616027116775,0.014395693317055,0.017439898103475,16.78392704142719,6.406120190319045,4.582176017190163,2.3229996254161502,2.812952903643358,6.43709862170145e-06,0.000114761557725,0.003500831753346,0.019353986995808,0.024825475816028,6.013876914978027,5.305188655853272,5.20407772064209,5.923799514770508,5.918767929077148,0.003897825796985,0.002746520830554,0.000933351118225,0.000742874927748,0.000744030945711,0.3096656490916,0.138808040610035,0.104547077711199,0.052796329326449,0.064395758744579,132.14
2HuLvXyHbT3XzTvzf6Z6UL,0.986021697521,0.48558357358,1.18144011497,13.937338829,0.00155884644482,1791.32836914,10.7872171402,0.1454938352109999,0.00823729019612,0.1297539174559999,0.00144523952622,0.00742902280763,8.23031997681,0.193758845329,0.0115042384714,2059.43286133,0.807008445263,10988019.0,0.0815711319447,-653.817382812,41.8570976257,68.0175628662,42.9583930969,41.3662452698,27.3169059753,25.0508613586,20.854970932,8.84139251709,5.49120092392,4.24457979202,5.82922935486,7.377146244049999,6.55066251755,0.0872274115682,0.00467289704829,8.0,3.16553354263,1.0,1.0,0.0,0.635743439198,2,0.962610840797424,0.009609466418623,0.001682995003648,0.002695006085559,0.011078011244535,18.07804467013961,5.87852721103764,3.283504690980535,3.597909754334416,6.148856146788608,2.2445261310061503e-05,0.000253123669308,0.013634853649058,0.022587757457792,0.017119339400368,5.995498180389404,5.215571403503418,2.252696514129638,2.25791049003601,2.137057304382324,0.005899839610641,0.003506028427631,0.001014877495713,0.000747884519661,0.000742492118798,0.232849452323943,0.107212543263098,0.065337468157281,0.072174701841871,0.121965565208596,131.41
5tKRToQkdcAR0NnBfRw7s8,0.988926112652,0.4853864908219999,2.39926671982,4.22569084167,0.00233826972544,1454.81201172,17.172252655,0.207173749804,0.00219097873196,0.193312734365,0.00221087131649,0.00836167205125,8.02793884277,2.11945509911,0.013231142424,114.850494385,1.32229328156,6665153.0,0.0226082205772,-619.550842285,93.7818527222,31.4816036224,22.9916934967,40.5737228394,20.2971115112,8.06788635254,22.9811153412,9.00206947327,14.7525396347,7.34245204926,5.58341312408,6.15261268616,4.40070152283,0.0825545191765,0.00778816221282,10.0,3.06441998482,0.0,10.0,0.0,0.554261207581,2,0.962483406066894,0.015239162370562,0.013494972139596,0.002485757693648,0.003072285791859,15.4055177866363,5.400764347184138,3.217084414996894,2.056751700830383,2.577108584600665,9.010112449544708e-06,0.000168256051109,0.005219319602202,0.015196076919762,0.020592555730665,5.930084228515625,5.463148593902588,5.494884014129639,5.466341495513916,5.609330177307129,0.006659961475629,0.002442396313364,0.000827908224221,0.000746470631263,0.000708555823763,0.258373180984378,0.099259755243321,0.058910493279846,0.041482479509741,0.055140839392648,123.85
40yulzmzO0cVq164UHIGrT,0.935699820518,0.482930004597,2.39855360985,10.5827007294,0.0171473100781,1180.91821289,13.102104187,0.0914747044444,0.000652843096759,0.084568656981,0.00296544074081,0.00464627146721,7.46590948105,7.50035858154,0.0085662221536,654.36920166,1.70208775997,4123040.5,0.0306094884872,-691.849182129,139.27116394,6.49558973312,43.0118484497,21.5862197876,18.5447902679,8.51740264893,14.1276226044,17.480512619,12.5981082916,9.42554283142,4.984603405,4.68713283539,5.94598579407,0.118380062282,0.00778816221282,4.0,2.66015768051,0.0,5.0,0.0,0.608649015427,2,0.8055869936943051,0.115426287055015,0.107467077672481,0.018482930958271,0.002522272290661,10.931296544417751,3.867704502778523,4.422461855337331,2.473154983057123,2.482155013244657,6.6869140307861e-05,0.000202705435848,0.003488799415146,0.013228404028418,0.022357235956554,5.815827369689941,5.193854331970215,4.524448394775391,4.251427173614502,4.04791259765625,0.004556189707521,0.001978073715361,0.000828433068142,0.000730043429801,0.000759925439102,0.210759664808453,0.087253176247196,0.077890180425896,0.040896171166857,0.04063695831609,127.15
0uVixt26dwOH0rv6cV9dZU,0.975879311562,0.452713400126,3.66613602638,5.00813579559,0.021823849529,796.570129395,7.91816043854,0.0903700515628,0.000348423665855,0.0789567753673,0.000942364742514,0.0107469763607,6.96070146561,28.5696144104,0.00833136308938,245.239181519,2.88205313683,4065636.75,0.0190384015441,-744.497436523,157.410980225,44.2774620056,32.04920578,12.7926502228,19.4812679291,7.8234834671,13.3724756241,7.15057849884,7.82659673691,7.02431154251,8.41226673126,3.20407748222,4.77022600174,0.104361370206,0.00934579409659,1.0,2.33885979652,1.0,10.0,0.0,0.557593822479,2,0.8025019168853761,0.217565044760704,0.034261774271726,0.004807588644325,0.00208817073144,-inf,4.49828585368748,2.291443319898387,1.120829489199925,1.096428823778955,3.24004053836671e-05,0.000130378207323,0.002933043787584,0.015951715216442,0.021138212212962,5.971299171447754,5.183292388916016,5.429545402526856,3.847800493240356,4.212549209594727,0.005717120181405,0.002494867769593,0.00123079606596,0.00101262595768,0.00109326570865,0.282452865057742,0.143723714376722,0.057242809047161,0.027098851841735,0.026461517366876,133.81
2cXrQ6PdEp37BHRwD6JAbg,0.987108051777,0.450187951326,1.9042352438,10.2209424973,0.00233826972544,821.260925293,13.0537805557,0.0995546281338,0.00214426335879,0.0845279321074,0.00310173793696,0.0119786774739999,7.24466896057,8.58104228973,0.0090425927192,731.02355957,1.97268688679,4947798.0,0.0343825370073,-671.43963623,138.621109009,44.1465568542,27.2901153564,18.7294578552,31.6179523468,7.18891429901,6.41870498657,4.54788255692,6.91364240646,1.85774195194,1.74980413914,1.38873648643,4.70303964615,0.059190031141,0.00311526469886,5.0,2.09060096741,0.0,5.0,0.0,0.750902533531,2,0.613604605197906,0.164072453975677,0.175304278731346,0.045441418886184,0.035471335053443,13.734564137724028,7.803747990730182,3.312658712026651,1.851346576974099,1.699634982230858,1.4903524827749191e-05,7.584117092844344e-05,0.002829026998024,0.013555557709067,0.021134875251427,5.868044853210449,5.738577365875244,5.595176219940185,5.323513984680176,4.785912036895752,0.003481614868169,0.002011582410742,0.001066315415054,0.000824218576319,0.000760526432795,0.253253182422527,0.125121280755002,0.088009008467314,0.057539521346338,0.059232560820813,126.33
4YkQJnsOzN92VKObvgbW6F,0.989518463612,0.477878302336,0.914445698261,3.28649544716,0.00155884644482,1125.85693359,7.84099769592,0.161223635077,0.00318445987068,0.150220274925,0.000790908641648,0.0129067022353,7.870491504669999,-0.107962161303,0.0124313384295,111.71182251,0.808111727238,11343474.0,0.0297634638846,-655.718444824,60.8540534973,92.5158843994,41.0359230042,39.6048278809,22.7739543915,26.2411346436,26.5642089844,7.20240497589,10.531873703,0.389239192009,2.78080368042,3.41876006126,4.29992198944,0.0778816193342,0.00623052939773,4.0,2.39676475525,1.0,0.0,0.0,0.595171749592,2,0.936735987663269,0.055499486625194,0.007969855330884,0.007793692871928,0.025989288464188,27.17087480961948,8.042492919736057,3.050532112760269,3.175767162132868,4.673124709890599,4.163338811104688e-06,8.61526420956069e-05,0.007647760387777,0.011062176917037,0.010082434248628,5.973748207092285,5.292692184448242,5.208621978759766,5.761519432067871,5.7529072761535645,0.004607158178586,0.003557434986006,0.00080739988303,0.000767383876627,0.000754530040244,0.254457025373345,0.126640386765761,0.059507973521294,0.058518349996101,0.086039614515358,129.77
7oMmpMK3WzAXo3LF0Qntwa,0.984830200672,0.475659966469,1.25989687443,7.27874755859,0.0109119247645,1290.96496582,21.4536247253,0.183554247022,0.00230326829478,0.168382704258,0.00454996712506,0.00931607279927,7.80464506149,3.62485313416,0.012864375487,369.33392334,1.53570795059,6286054.0,0.0285182129592,-622.952026367,110.745307922,20.1654453278,15.5456361771,13.8907470703,13.3964509964,24.2177276611,20.8127822876,22.8903274536,16.0320301056,18.6581020355,15.3080368042,14.3659830093,6.34910345078,0.144859805703,0.0155763244256,5.0,2.40640330315,1.0,1.0,0.0,0.533391833305,2,0.8858947753906251,0.01074260380119,0.080951824784278,0.017955396324396,0.007026625797152,22.067253297866152,7.418340161019488,4.735566015529141,2.263080370064764,2.5569633813276083,2.8666746725739832e-05,0.000135435957887,0.003782898283102,0.016079346624565,0.022933777826547,5.934220790863037,5.7096028327941895,5.211227893829346,4.822312831878662,5.150506973266602,0.00438417472252,0.002469518348351,0.000854317294107,0.00079044532298,0.000712445536678,0.231002436541254,0.105468558724707,0.089793354450653,0.059920950953051,0.065802385587484,126.12
34hPRSsSe23bW8HuRvhV6o,0.969561636448,0.485636383295,1.92401123047,20.5950031281,0.00233826972544,1694.07849121,19.8581447601,0.0846046805382,0.00167953514028,0.0740615352988,0.0027070203796,0.0072066709399199,8.03071117401,1.30305349827,0.00832955073565,1526.9420166,0.998059630394,6303088.5,0.0666547641158,-612.032714844,74.4961547852,29.1858825684,33.1943321228,19.5484905243,18.591550827,8.55918693542,15.4222221375,-0.104302585125,6.02798938751,3.16321778297,2.19603919983,1.75840127468,4.36710834503,0.079439252615,0.00623052939773,7.0,3.12738919258,0.0,9.0,0.0,0.611685812473,2,0.8602414727210991,0.102675840258598,0.041697721928358,0.024640087038278,0.011798056773841,11.54496187888084,6.544492609133184,4.817842609126577,3.500069611484099,3.62160140234364,7.658813952752581e-05,0.000150050831942,0.003725313485452,0.007475215773267,0.012762344352517,5.959092140197754,4.588518142700195,5.050890445709228,4.943797111511231,4.698681831359863,0.003076050933193,0.002110287851871,0.00075248783165,0.000700203648338,0.000723745973973,0.33064934770476,0.139485781117457,0.085406205385153,0.057894816418092,0.060477572328561,130.26
4VkZfYGRXFbj5lYVABKVGW,0.989346683025,0.474204808474,1.36433124542,8.1253528595,0.00155884644482,1361.57263184,19.881526947,0.127675801516,0.00415020389482,0.109258212149,0.00311758252792,0.0134698981419,7.77576446533,3.2557144165,0.0108814081177,731.124145508,1.38782000542,6049191.5,0.0397262275219,-614.824645996,107.617591858,41.1971893311,40.591342926,20.3192272186,18.8552951813,7.53401374817,11.863079071,7.40141296387,7.23612642288,5.26885128021,6.1914024353,4.82924985886,5.44208860397,0.0996884703636,0.00778816221282,2.0,2.80576467514,0.0,1.0,0.0,0.4503286480899999,2,0.7523757219314571,0.053272828459739,0.041242729872465,0.085695810616016,0.08557353913784,16.009110607928996,6.812736447308039,4.973859560148084,3.734141574285551,4.05424473232785,1.0008883552973672e-05,0.000159489203656,0.005693488646342,0.014728599023542,0.026749628440006,6.0214524269104,5.912509441375732,5.970211982727051,6.013166427612305,6.010990142822266,0.004103138609941,0.001534000054204,0.000901360544217,0.000762156714537,0.000746319691897,0.286734139765372,0.132145548644526,0.086251136370248,0.06704870503868,0.077424072804795,131.88
78Ku7bz3MSQinpAhrcpOzy,0.97035741806,0.427882313728,0.999471724033,5.45533847809,0.00233826972544,498.564117432,12.4318008423,0.132798463106,0.000256542785792,0.104445435107,0.00415830826387,0.0260079391301,6.85999774933,12.3939704895,0.0107707912102,316.753753662,2.64946866035,4227208.5,0.0176953431219,-664.860351562,173.191757202,34.1008377075,15.1228122711,18.0789737701,11.5579004288,9.13320350647,7.76280117035,3.99819493294,-0.938241004944,-4.46989345551,2.72609162331,4.47100782394,6.28191709518,0.0778816193342,0.00934579409659,1.0,2.05596613884,0.0,1.0,0.0,0.5004439949989999,2,0.6321588754653931,0.293855339288711,0.150843605399131,0.002571906661614,0.001055388711392,16.9141892480777,10.335766151575516,5.582596991684703,1.707260396224001,1.9255144528069792,1.2994431387324504e-05,2.666167862497081e-05,0.001192181069013,0.016113412636952,0.022033036063867,5.980191707611084,5.805482864379883,5.590182304382324,5.414724826812744,5.279743671417236,0.00379162726376,0.001446773029092,0.000909978341112,0.000822834365435,0.000790396876239,0.219391217965382,0.15305111147405,0.082146565209788,0.027326917625578,0.030832495387346,137.35
7hUYbcmY91tdHASkz2uzDw,0.982077717781,0.493991494179,1.24909067154,20.0583572388,0.0257209669799,2389.28979492,29.3234615326,0.142434194684,0.00565630197525,0.128350660205,0.00588139612228,0.00330571131781,8.1815776825,1.07934880257,0.0108931725845,1427.23706055,0.873954355717,6393533.0,0.0689652562141,-583.862670898,50.754486084,16.3820953369,22.3641147614,21.6052417755,31.7579460144,16.8685493469,21.7077331543,11.828543663,15.7069320679,11.9211797714,8.00778198242,6.49094963074,3.5608727932,0.0576323978603,0.00934579409659,1.0,3.12464857101,1.0,7.0,1.0,0.490466415882,2,0.829281389713287,0.009647397324442,0.064249612390995,0.064068116247653,0.03624465689063,14.163279595478764,5.322359971291734,6.557949693742758,6.101875861731338,6.140445705323074,0.000411748082974,0.000416457057052,0.003489791572873,0.005377571994813,0.010816039077542,5.8192996978759775,4.848172187805176,4.12975549697876,4.658826351165772,4.885139465332031,0.003358820861678,0.001957034487154,0.000780680272108,0.000762539682539,0.000736145124716,0.29192673468799,0.098832982179821,0.094672542662944,0.083069734485945,0.086436046161346,128.2
3aA8KRhBN52TkA9YuecZf8,0.953264832497,0.449400424957,1.64205658436,16.4616394043,0.00311769288965,959.678222656,18.6212005615,0.0417060591279999,0.00222524208948,0.0209486596286,0.00396441109478,0.0154593326151,7.22241020203,11.0220584869,0.00593897840008,1368.39025879,2.25232315063,3839509.5,0.0468708127737,-659.295349121,155.000946045,2.03590726852,9.44900512695,-4.08432245255,1.65169918537,-4.86172056198,-2.06642270088,-4.7580447197,-1.96024024487,-1.44712412357,1.37461650372,-2.58208441734,6.147544384,0.00934579409659,0.00311526469886,2.0,2.05441093445,0.0,2.0,0.0,0.792966246605,4,0.168990984559059,0.343508809804916,0.270971089601516,0.118215471506118,0.106434404850006,10.786087256929935,11.683059152048042,9.09861324282791,4.424257305842464,4.551835112988228,4.773190048896516e-05,5.6340390764409606e-05,0.001533958485909,0.007656018245159,0.019088993713031,5.115158557891846,5.654976844787598,5.691640377044678,5.275845050811768,5.184447765350342,0.002304095679569,0.001149338791563,0.000847932093191,0.000784419962675,0.000813115806794,0.21748136004057,0.156062553116413,0.131449874312688,0.081671649524548,0.087475254870105,126.23
6iMGnxGihd6sV3BbEiS550,0.970798611641,0.470708608627,1.40140414238,18.0748233795,0.00233826972544,1107.30493164,22.2727985382,0.0849120393395,0.00288458354771,0.0652596130967,0.00600680243224,0.0117456791922,7.62561368942,7.40226554871,0.00830063968897,1682.98291016,1.98502063751,6019654.0,0.0584110729396,-625.479187012,136.962417603,20.3559589386,-3.48265695572,8.30002117157,11.8250732422,7.64249515533,10.2404880524,6.16387176514,10.3326864243,8.18063640594,5.7246222496,3.41129350662,7.96157407761,0.0747663527727,0.00778816221282,4.0,2.17947888374,1.0,4.0,1.0,0.451998919249,8,0.528704643249511,0.116153374314308,0.187827169895172,0.033369004726409,0.137424856424331,12.654196612948208,8.614552904677232,7.635924606709035,4.376365899846968,5.680034952043075,4.497917106968668e-05,0.000131279642098,0.002812484828266,0.015208708449168,0.020631740356437,5.723394393920898,5.508642673492432,5.582358837127685,5.435518264770508,5.498600959777832,0.003123032616703,0.001492197441564,0.000818527129557,0.000766382502368,0.000848474410861,0.212095602903754,0.121134529703519,0.115628013635092,0.071317294283138,0.096135487893657,123.25
0nxaleW3kD3qrm2iwZ4dWb,0.963351070881,0.441714435816,3.21143913269,18.3663101196,0.1480904072519999,1091.42858887,10.6835536957,0.0832588896155,0.00247667334042,0.0733568817377,0.00146426889114,0.00659222947434,7.2216501236,9.89816665649,0.00704602105543,1595.75671387,2.01050853729,5542348.5,0.0534274056554,-717.572998047,120.719429016,41.3821258545,17.5215969086,5.97505283356,9.06758022308,-3.39488601685,2.00858974457,3.32095122337,1.4582182169,1.62160015106,6.91858148575,5.68747854233,7.62564277649,0.0342679135501,0.00934579409659,0.0,2.06614112854,0.0,10.0,1.0,0.701011478901,8,0.433337569236755,0.172191455960273,0.12293492257595,0.203712463378906,0.119158923625946,7.510772435494769,4.209269924041864,3.399040906182072,3.126754612115772,3.240464647971434,0.00050906693494,0.000335816818236,0.005324387447881,0.019991931085467,0.028244690245122,5.349007606506348,5.138463973999023,5.224322319030762,5.440408229827881,5.4130706787109375,0.003029900332225,0.001661129568106,0.000921373200442,0.000828982755893,0.000829404630069,0.251789194814123,0.108065998051985,0.070293592652728,0.05957057126958,0.061808293273946,120.25
6gg9oxBoKWlssxGSEkjrX2,0.976043641567,0.455406278372,2.09022641182,16.5712890625,0.0116913486272,1036.42163086,16.8589248657,0.082549713552,0.00095897342544,0.0690692588687,0.00549037987366,0.00878474675119,7.42717885971,6.89984273911,0.00758409034461,971.580932617,1.88405239582,4147010.75,0.0398209914565,-658.775695801,143.228149414,6.30450963974,16.527261734,13.0016899109,18.891576767,7.685469150539999,4.93942832947,5.77902364731,10.5307188034,3.32495474815,7.11421728134,7.58324289322,5.10615730286,0.063862927258,0.00778816221282,9.0,2.0576107502,0.0,0.0,1.0,0.676297962666,2,0.946943402290344,0.025668911635875,0.029367972165346,0.004262501373887,0.001450381823815,8.092852781216832,5.747193418981397,5.398173505757293,1.5899408664834391,1.642336317641684,4.415690601697133e-05,0.000127720309358,0.001685500573807,0.013383099589872,0.021556585836749,5.889866352081299,3.798822164535522,3.682381868362426,3.550700664520263,3.406256675720215,0.003014486726277,0.001354503955876,0.000900593133905,0.000820386378714,0.000766717167216,0.216518283107482,0.100661680323883,0.090375139157933,0.047250768737444,0.047281585102507,121.86
29y1S4hlLA0ZSCaeKpqPfM,0.984102368355,0.459553331137,1.58996033669,11.9077005386,0.00233826972544,1014.00537109,17.6819953918,0.124560929835,0.00270587066188,0.107519246638,0.00404296116903,0.0113693065941,7.66636133194,3.96217393875,0.0100709144026,825.414672852,1.68030786514,6315483.5,0.0402803495526,-622.081115723,126.961235046,45.6089820862,10.0401201248,2.11158037186,14.7048425674,12.1562309265,13.4870223999,6.74565696716,11.2560863495,6.81942033768,7.95139408112,8.22492980957,7.49127006531,0.010903426446,0.00778816221282,1.0,2.23004937172,1.0,10.0,0.0,0.502615392208,2,0.664341866970062,0.101945430040359,0.135942757129669,0.055331293493509,0.060190487653017,13.900920287092903,8.598447421840163,7.233873319588281,3.076309796995862,3.491515541938453,1.91428182434367e-05,0.000119630023618,0.002939702598378,0.016452687166181,0.026612572737998,5.848252773284912,5.690989017486572,5.590771675109863,5.668529033660889,5.634164333343506,0.003633525934781,0.001464150513761,0.000872588923993,0.000793745671211,0.000759684626988,0.303675699588465,0.129189608644851,0.09907815183902,0.062787167965514,0.0733648941463,121.6
0O6crGWCEHoW6lEttcVGtU,0.975319087505,0.444356501102,1.80309033394,11.4363937378,0.00389711605385,761.268493652,16.7147312164,0.105644419789,0.00150596990716,0.0880418419838,0.00400534644723,0.01590529643,7.26408576965,9.41895675659,0.00895837787539,953.85723877,2.30411911011,5027922.0,0.0378172509372,-654.428955078,154.035369873,35.9529685974,-4.74548721313,5.6500878334,22.0933914185,7.12066745758,15.2122097015,4.47429943085,3.26112270355,3.88894057274,3.02072143555,-0.195797905326,7.76001548767,0.0498442351818,0.00467289704829,7.0,2.04753088951,0.0,0.0,0.0,0.483419001102,2,0.510339438915252,0.233728945255279,0.218609288334846,0.037069253623485,0.080161668360233,11.273216650576142,7.617691567063377,5.450137208378141,1.831566943827903,2.087276301360509,3.666207772726227e-05,9.818354149231317e-05,0.002035060270754,0.013327036466056,0.018025910865849,5.742323398590088,5.604931831359863,5.552927970886231,5.447272777557373,5.432997703552246,0.003155248152259,0.001597738118957,0.000878755965426,0.00081793944914,0.000823726980331,0.272344668050397,0.131796698195273,0.088022060176366,0.045213612749682,0.054222740520065,121.35
4rUcS0J0VDBG4lkWKJVgx4,0.98763692379,0.4801426529879999,1.8011957407,22.7621326447,0.00701480917633,2179.36499023,19.7817611694,0.106269821525,0.0051012178883,0.091073423624,0.00519470311701,0.00602920120582,7.88966846466,1.96694374084,0.0092654414475,1773.83422852,1.10374200344,6218289.5,0.0658761039376,-605.328063965,70.4121017456,13.4801120758,25.324552536,21.2620353699,29.3372917175,24.4725246429,27.7555084229,10.5750408173,8.63582515717,11.5478878021,11.7697057724,-1.2070132494,7.22252511978,0.0,0.00155763234943,5.0,2.07916522026,0.0,8.0,1.0,0.596414208412,3,0.5084623694419861,0.102747365832328,0.094682723283767,0.157353326678276,0.159216597676277,11.220878069992256,4.869826236793732,7.038887441192419,5.820792971852023,6.443445430229575,6.517521733859395e-05,0.000416427397194,0.003525424632476,0.008190679547343,0.014262079021132,5.835760116577148,5.242801666259766,5.8123393058776855,5.746870517730713,5.738165378570557,0.004124537781917,0.001802109502168,0.000759590143111,0.000737008496344,0.000768999162597,0.219680376324645,0.088266901852612,0.090268996703046,0.083462337116493,0.092257397575814,121.8
4G1VeXpDVtsWeBD36MWzuZ,0.984486579895,0.476258903742,2.33733677864,43.5894737244,0.0116913486272,2043.24243164,19.1816062927,0.0444975085557,0.00365538173355,0.0321793295443,0.00257474277169,0.00741343060508,7.96482086182,2.20250415802,0.00564926629886,2929.08105469,1.10963463783,5713348.0,0.0954371020198,-626.332824707,85.3310546875,17.7667255402,26.9130420685,6.69085597992,11.1269721985,10.8971071243,6.29781770706,1.7529714107499998,10.9034090042,6.77532529831,1.62192189693,2.28028202057,6.55066251755,0.0342679135501,0.0124610587955,0.0,2.28526163101,1.0,5.0,1.0,0.637755572796,4,0.247977375984191,0.079045765101909,0.137948215007781,0.297287106513977,0.255739986896514,8.017791014242304,6.284330205697558,6.183331399992184,5.319526093029726,5.721739894465162,0.000148671159347,0.000429665783649,0.004176390532192,0.00943138085408,0.019592959073668,5.27151346206665,5.52656364440918,5.805309295654297,5.797238826751709,5.753097057342529,0.002886011547476,0.00137226319099,0.000786790906838,0.000773261685626,0.000731435431315,0.246344380150658,0.122182216868387,0.101897677794355,0.090830298061941,0.099380888190581,122.59
29uuP2hlQgyI3SqoKmofs4,0.988017141819,0.4684176743029999,1.77447879314,8.05461406708,0.00701480917633,1117.22229004,13.6227588654,0.0843067094684,0.00144863105379,0.0735013559461,0.00222736084834,0.00826797820628,7.59701156616,3.29932022095,0.00872674770653,623.827819824,1.4529812336,5654179.5,0.0320709049702,-652.94317627,117.86656189,28.1448287964,29.7294425964,13.8098039627,19.8713150024,7.8952589035,9.53841781616,10.301158905,12.9939126968,13.0069923401,19.0466098785,3.85974216461,6.75222110748,0.0560747645795,0.00934579409659,7.0,1.72594153881,1.0,0.0,0.0,0.590491473675,4,0.7639160752296441,0.090104147791862,0.088209353387355,0.039634142071008,0.027247626334428,20.231330366131377,9.34916466567488,6.240340263227142,3.455154334955537,3.897950071297495,1.6510724519164982e-05,9.581304428363696e-05,0.002471448891877,0.011741173123049,0.022700786553299,5.913658142089844,5.764028549194336,5.651587009429932,5.714436531066895,5.379878520965576,0.004436540868076,0.001953299226026,0.000861113463365,0.000751027935378,0.000727599476858,0.384481135440964,0.181687327556556,0.106080215768261,0.065715004265868,0.07694793471568,123.0
2ycFPsx3zoBoc2ny9SDbMM,0.978944838047,0.4372475743289999,1.55471122265,9.13914012909,0.00311769288965,792.262268066,15.2727985382,0.108517311513,0.00137465097941,0.088709384203,0.00245327712037,0.0177835915238,7.38550186157,3.16272139549,0.00956415105611,652.892456055,1.586617589,6384249.5,0.0371851101518,-635.55871582,115.151321411,49.6801147461,21.3283939362,10.1042528152,14.5586395264,6.57538175583,6.56003379822,1.40675973892,3.18177318573,-1.6702048778499998,0.590665996075,3.40279364586,5.67724084854,0.0264797508717,0.00934579409659,11.0,1.90392708778,1.0,11.0,1.0,0.609462022781,2,0.8731479048728941,0.050044812262058,0.066237978637218,0.010787175968289,0.006705550942569,16.597156978678985,10.57907641148586,4.896136649862751,2.237265856070017,2.408256924761408,2.64864663265119e-05,5.588335551657195e-05,0.002507623514434,0.013309343319224,0.022646288263012,5.854918003082275,4.165762901306152,4.57781982421875,4.539975643157959,4.588900566101074,0.003311618432683,0.001663591990468,0.000906645143933,0.00073556231003,0.000746281563472,0.298957484286039,0.156964542154741,0.085612333494825,0.054093174188921,0.057699645891295,123.05
0vHVKtboJuMI4vnBrAxyuu,0.987182319164,0.479122936726,1.2035009861,14.2600364685,0.00155884644482,1456.13989258,23.0109119415,0.074984818697,0.00328064756468,0.0583033747971,0.00391862401739,0.0111366752535,7.90627813339,1.92891716957,0.00829575676471,989.910339355,1.19360172749,6286402.5,0.057329852134,-596.447265625,95.7884063721,34.0175514221,31.5250606537,16.7896194458,18.2043037415,6.52222585678,8.92505073547,2.22227549553,2.27613687515,1.68455755711,4.59137010574,4.09567785263,4.70303964615,0.0295950155705,0.00623052939773,5.0,2.47023677826,0.0,5.0,0.0,0.726936101913,2,0.572553217411041,0.177039161324501,0.092848546802997,0.116661071777343,0.070530340075492,16.891986945724216,9.560171817555643,7.744095151755945,4.40832706070816,4.440401182987833,1.7511473492927953e-05,9.805733124625848e-05,0.003041850886212,0.008128196367686,0.020178325950899,5.874411582946777,5.808279991149902,5.793010711669922,5.82822847366333,5.777710437774658,0.003958883829013,0.001532392571353,0.000817357245928,0.000754952118588,0.000763947452259,0.258629974467513,0.132217537296909,0.119027938880317,0.092051935844204,0.095526676394733,122.13
7s1E6w4oRXFppMuMIOQDtC,0.988494753838,0.464012473822,2.04490423203,15.9200973511,0.00233826972544,1059.57067871,13.146531105,0.0514084585011,0.00309073086828,0.0367541611195,0.00146489252802,0.0116079607978,7.64144802094,2.46221160889,0.00672645680606,1687.07714844,1.38227915764,7246816.0,0.0621902085841,-662.662658691,99.5357894897,56.0221633911,19.9362411499,15.2738580704,18.9247970581,2.34196734428,8.83694553375,4.24924612045,11.6073045731,-7.56613206863,4.62909936905,0.2296857088799999,4.26632881165,0.0233644861728,0.00311526469886,5.0,2.19593191147,0.0,9.0,0.0,0.558324635029,2,0.417033225297927,0.294620871543884,0.039092034101486,0.121268235146999,0.137833818793296,-inf,10.498390674039635,5.027444919681669,2.365922137912961,2.723762318031791,3.411792588917058e-05,0.000105919733432,0.004817881617748,0.014954516593385,0.022606216522449,5.19146203994751,5.298579216003418,5.836971759796143,5.721728324890137,5.716357231140137,0.003194395291835,0.001795184355052,0.000955133498486,0.000738075577051,0.000772547940177,0.288273969531082,0.180598818281656,0.095601545139587,0.08321503404796,0.096238408298909,123.31
1OLhJPfvRxAezi8n5qhqpH,0.951529145241,0.456628203392,3.06815910339,14.7168550491,0.0974279046059,1089.98388672,17.9563522339,0.0567057989538,0.000812848564237,0.0419630482793,0.00584705919027,0.00898462533951,7.48893260956,6.76397275925,0.00655990839005,749.433349609,1.8632414341,4531636.0,0.0392672494054,-653.494812012,138.930587769,9.73739337921,12.103430748,2.55551171303,9.38127613068,11.6904220581,12.6682434082,11.8683986664,9.79039764404,3.89128422737,2.71422100067,1.59221506119,7.02096605301,0.0280373822898,0.00467289704829,10.0,1.98222279549,0.0,10.0,0.0,0.718075037003,2,0.6952111124992371,0.066014222800731,0.219210609793663,0.016663620248436,0.013920853845775,10.356510565730408,5.926133998439657,6.037378220369684,2.480725545362279,2.557580649779438,0.000117999900664,0.000198183957569,0.001750488065347,0.013831181849946,0.020725569206084,5.734409809112549,5.297215938568115,5.133261680603027,5.146986484527588,4.729419231414795,0.003388445233165,0.001462782214335,0.000806763285024,0.000787045252883,0.000743172631371,0.137987090169753,0.087452462826256,0.090450831384329,0.041038598552643,0.042657621337482,123.64
1h1d1YP9sMnm1mYy9Im5NQ,0.982272624969,0.463535994291,1.7149143219,13.2246274948,0.00233826972544,987.949951172,16.8690567017,0.0903308987617,0.00177691155113,0.0761443451047,0.00236293161288,0.0115164332092,7.55434703827,3.85277509689,0.0084589170292,976.447265625,1.51982414722,4912582.5,0.0397901646793,-639.390563965,132.042541504,24.1051597595,24.261724472,1.17517781258,14.4663953781,-0.309209704399,12.501074791,3.76919436455,10.943523407,1.3261038065,8.0221118927,5.83793354034,8.19672584534,0.0560747645795,0.010903426446,10.0,2.05455088615,0.0,10.0,0.0,0.5438160896299999,8,0.501955568790435,0.199222236871719,0.182716354727745,0.076718598604202,0.065652653574943,13.395718664587184,9.032455294594138,5.6933245025327714,4.071320417151443,4.135712790470381,3.727799520923715e-05,0.000112776457879,0.002417716860756,0.011470945636956,0.01759087597756,5.740009784698486,5.703187465667725,5.637482166290283,5.520528316497803,5.571335315704346,0.002973760932944,0.001435142764588,0.00087889305382,0.000757924938682,0.000733953445323,0.268294045302276,0.121355007115477,0.072560052939797,0.051628482985676,0.053846196386619,124.44
7IT80mooIZIbJZNtMDvCxB,0.985805034637,0.4295766651629999,1.95043385029,8.00770664215,0.00155884644482,779.174804688,13.6289949417,0.120813690126,0.00204198574647,0.103535115719,0.00181962596253,0.0145760430023,6.83867692947,41.0715904236,0.00967830512673,499.475585938,3.72975277901,4292889.5,0.023650623858,-713.44354248,178.908325195,60.8250846863,15.742184639,-8.14450836182,8.97457122803,4.02861785889,11.7975692749,11.1456232071,11.5200519562,13.8136920929,9.79701042175,8.42485046387,6.95378017426,0.00934579409659,0.00467289704829,9.0,1.9684882164,0.0,9.0,0.0,0.519930005074,2,0.955990195274353,0.017794709652662,0.024393932893872,0.00490333372727,0.004516318440437,13.904046790190032,8.098809133304817,5.408265668490965,2.928628221591884,3.052341008182853,1.221888540084463e-05,9.191280702158204e-05,0.002696205944731,0.013894191169885,0.022009659076836,5.9487833976745605,5.592216491699219,4.582545757293701,4.002639770507812,4.276938438415527,0.004064322157434,0.001416018788467,0.000970804988662,0.000828069322967,0.000779579689018,0.237838557313585,0.113479323332461,0.068375079757031,0.048904489413201,0.05207642581582,127.69
051vBD5hiFyltVRw8O0m4Z,0.955322146416,0.448055416346,3.55828738213,11.2073726654,0.0717069357634,714.429443359,10.0522212982,0.0687803849578,0.00174186157528,0.054612994194,0.00181436748244,0.0112613560632,6.91492414474,18.9395294189,0.00656350981444,1007.0256958,2.69302678108,5168299.0,0.0429459139705,-730.356262207,148.190139771,36.5635986328,11.4182338715,13.7347326279,25.270401001,23.951374054,16.7832984924,8.05660057068,4.6752038002,-4.18503904343,-4.80006027222,-4.70525407791,6.68503475189,0.0623052977026,0.00934579409659,6.0,2.26953315735,0.0,11.0,1.0,0.719015538692,2,0.5340752005577081,0.313294827938079,0.073247462511062,0.02305351383984,0.067848153412342,4.998859317258556,3.053881113066765,1.754021476044612,0.85531627047196,1.04744747483378,0.000146902108604,0.000348478841221,0.00614631480044,0.030064335468783,0.035017212421852,5.725208759307861,5.445199489593506,5.23084831237793,5.145656585693359,5.079410076141357,0.002981804638119,0.001673294116358,0.000905386309113,0.000846122668068,0.000879424233461,0.124753591157816,0.065997533119066,0.03582341978341,0.022562833362789,0.03031573093701,122.9
67GTn7J0LZZIHZifT8frrd,0.974041700363,0.439355224371,1.74829947948,11.7626104355,0.00935307890177,879.022827148,11.7225255966,0.0987587273121,0.00158453080803,0.0779056251049,0.00135040609166,0.021451452747,7.16757583618,11.8110761642,0.00879363249987,1160.32714844,2.15793681145,5939252.0,0.0538224466145,-671.403564453,131.925537109,56.4516983032,31.1171665192,12.8755750656,14.4945468903,-0.806901335716,3.96738266945,2.10035252571,6.81647634506,0.2751678824419999,-0.198581263423,0.671137034893,4.29992198944,0.0685358271003,0.00623052939773,0.0,1.98313856125,0.0,5.0,0.0,0.775715231895,8,0.490876197814941,0.325883865356445,0.08768181502819,0.041723076254129,0.104810394346714,-inf,8.374791353406106,3.861160414385857,1.5096235200194932,1.705906676993846,3.9431050746625214e-05,0.000111340940398,0.003708481372198,0.012890159820173,0.017232795058351,5.6875762939453125,5.540736675262451,5.582646369934082,5.202736854553223,5.127252578735352,0.003229780801209,0.001532555879494,0.000939747327502,0.000840298023971,0.000803260986934,0.235391961022954,0.14895185637572,0.067480228946242,0.039062800433148,0.047839852460224,114.85
3541C1RfR6BYxHz9sQDq88,0.979198217392,0.456741064787,1.79045271873,14.6441450119,0.00467653945088,1006.97155762,17.7030391693,0.0822596251965,0.00124723976478,0.0657088384032,0.0030347048305,0.0132087562233,7.47702932358,4.58829879761,0.00783483311534,951.9609375,1.53725194931,4548461.0,0.0404272526503,-643.698669434,134.562026978,13.1581678391,30.6005706787,-1.01938676834,13.5192146301,2.73979663849,9.56857967377,1.13493704796,5.79696655273,0.795756220818,2.7000644207,-0.16104401648,7.28971147537,0.0373831763864,0.0140186911449,11.0,2.0123462677,0.0,11.0,0.0,0.368583083153,2,0.9059897065162652,0.059198442846536,0.041666638106107,0.002876464975997,0.001047789584845,10.539022315321407,10.182583511763196,6.8441958846797775,3.319867913525287,3.38724542418843,4.1811376764306416e-05,8.51927649518108e-05,0.002132334784897,0.011524715997841,0.021584301728128,5.831433296203613,4.031043529510498,3.778102397918701,3.349142551422119,2.717842817306518,0.002835700528468,0.001424474551725,0.000810633876981,0.000774106016186,0.000764048994772,0.246077560054514,0.118840130451186,0.087168902607637,0.054169728532899,0.052629274703818,122.22
1KHtn7XlchfNCiMKXUFqMp,0.985862493515,0.474719613791,3.17669916153,32.854511261,0.0467653945088,1931.7565918,18.1418552399,0.0420978590846,0.00339628499933,0.0275373086333,0.0040127239189999,0.00874263513833,8.00456237793,1.68659496307,0.00588945997879,2522.14135742,1.06503236294,6299129.0,0.0882118344307,-621.433349609,72.0200195312,25.8714752197,27.6201992035,14.5794830322,14.6498365402,3.92559313774,11.5075330734,4.20335006714,8.93498802185,3.52452206612,1.05894207954,2.78353333473,5.40849542618,0.0311526488513,0.00623052939773,2.0,2.19799971581,0.0,2.0,0.0,0.6006601452829999,8,0.372412860393524,0.20853167772293,0.227983638644218,0.113073460757732,0.133153662085533,15.00105390448627,10.235135401360749,8.503571812396979,6.124517111967207,6.010081751683763,0.00010974700254,0.000307041206918,0.00381755627687,0.008171161965089,0.016221332895936,5.535333156585693,5.444659233093262,5.471811294555664,5.692590236663818,5.665167331695557,0.00323055629178,0.001486978629835,0.000801994679545,0.000797692990239,0.000783638130576,0.250435122960656,0.155633881157599,0.137895440504957,0.105567513660459,0.111210825114113,120.23
1TpHhuQzg7WFg9l2r2Drr0,0.981832563877,0.4613544344899999,2.4388999939,25.2581176758,0.00311769288965,1268.93164062,16.9477787018,0.0454623550177,0.0041872067377,0.029879566282,0.00280889077112,0.011479428038,7.6539773941,4.50811815262,0.00602784520015,2198.55004883,1.54007935524,6010687.5,0.0697834938765,-643.43157959,115.617507935,35.4789161682,16.0630912781,1.17088639736,15.3328056335,1.26621317863,6.84315347672,-0.808126986027,3.64719343185,0.556335628033,5.18343257904,3.48675584793,6.1811375618,0.0280373822898,0.00778816221282,1.0,2.35398316383,0.0,1.0,0.0,0.733882546425,4,0.241694524884223,0.282219439744949,0.201016098260879,0.1150538995862,0.201526001095771,7.685464591377245,6.650780897024365,5.853649996836592,5.097916033716904,5.704353717697486,8.169459358206419e-05,0.000182712348349,0.004654053983276,0.014844868078757,0.02324763000671,5.738997936248779,5.856709957122803,5.81002140045166,5.864138603210449,5.951919555664063,0.00260874474271,0.001361574933003,0.000818490605094,0.000789059425423,0.000693162465539,0.186495720489017,0.114933024363152,0.085466202511707,0.074536043369387,0.086301934021395,135.62
7hpoDwNt4O1XZrxGcY9pF0,0.979514837265,0.462280422449,1.66956615448,15.3018865585,0.00233826972544,967.263427734,16.070148468,0.0980634391308,0.00103079655673,0.0832515656948,0.00369062973186,0.0120717221871,7.47310066223,5.96179628372,0.00866697821766,1430.64489746,1.93622851372,5467504.5,0.0499409325421,-640.338623047,141.138092041,15.5650320053,15.744395256,22.7645645142,17.3401317596,1.15093970299,0.539557814598,13.8213319778,9.21383190155,5.51756906509,5.60000991821,2.82423233986,4.53507375717,0.0155763244256,0.00311526469886,9.0,1.88503849506,0.0,9.0,0.0,0.661732554436,2,0.8632511496543881,0.060054428875446,0.073375955224037,0.00765308085829,0.004880691412836,12.780382993700732,7.176232193307929,6.255243675996692,2.364980597859031,2.73445670074837,2.865000910880049e-05,9.959287775822056e-05,0.002165457313698,0.013944844941355,0.020011126205131,5.8422136306762695,5.018025875091553,4.596004486083984,4.793327331542969,4.407952308654785,0.004022466129308,0.00166523752358,0.000790792507479,0.000787838945101,0.000804702833514,0.225527993971788,0.102727735840681,0.081727886435478,0.039881669273468,0.051533537118146,122.0
6eby7zniM3yMWT07OZGpe5,0.961770057678,0.465157866478,1.95461082458,13.7176809311,0.00935307890177,880.035827637,17.5915813446,0.0402731187642,0.00150773080532,0.0205545052886,0.00288230320439,0.0175378378481,7.53112602234,5.1354675293,0.00587900029495,1130.41650391,1.77072870731,5167283.5,0.0506518520415,-642.14831543,129.62953186,18.0113925934,14.5039339066,4.28634738922,-0.3327113091949999,-1.33791160583,-0.218752741814,-3.61992168427,2.56395125389,0.888949394226,7.49205827713,6.51888132095,7.15533876419,0.0498442351818,0.00778816221282,0.0,2.04772615433,0.0,7.0,1.0,0.818224728107,2,0.712639868259429,0.138048261404037,0.169711872935295,0.01128633506596,0.006223453208804,14.049950641498825,13.378185403466292,9.042892562016949,5.219379376207356,6.203433603380856,4.1006376720676735e-05,6.658184077724912e-05,0.002368199124279,0.012591811372548,0.029936890829654,5.879601955413818,5.573421001434326,5.407039165496826,5.394071102142334,5.272842884063721,0.002257526316759,0.001462861567391,0.000828401821433,0.000752447320391,0.000725439227181,0.233183664795891,0.19713641690303,0.119071721911127,0.072348481914282,0.084985190706621,123.83
3DrbsmkiMi84anyH1JYu6j,0.987875044346,0.460758209229,1.59232544899,12.1215181351,0.00233826972544,760.066711426,18.4169921875,0.0793994218111,0.000707012310158,0.0594700016081,0.00398667575791,0.0170794948936,7.45488405228,5.96413946152,0.00773562770337,796.428466797,2.03488898277,4748749.0,0.0382130518556,-636.217041016,142.137268066,15.9576206207,2.1240093708,0.206928163767,8.20779037476,-4.9961400032,2.4692337513,0.1933224946259999,-0.1684428304429999,-1.16574585438,2.2692656517,-0.0583957247436,7.35689783096,0.0529595017433,0.00934579409659,7.0,2.26744866371,1.0,0.0,1.0,0.690678715706,2,0.9213266968727112,0.030335085466504,0.044328417629003,0.003719363594427,0.003204469569027,-inf,10.485193723204617,8.964470698718264,2.999091226700767,3.164331797149251,3.9172890877302495e-05,5.32851380355053e-05,0.001497951390641,0.013949970275439,0.022694803950289,5.8371171951293945,4.301153659820557,3.941199541091919,3.204247951507568,2.997523784637451,0.002624834166031,0.001387454013417,0.000864030259406,0.000807670232685,0.000771727778248,0.300877714538378,0.163453112273289,0.106771494820131,0.046419576990982,0.049067270777338,122.29
32OOKC7TmVWK6bwmjD1OFV,0.975484549999,0.4393721520899999,1.94021463394,7.52043104172,0.00233826972544,756.725646973,14.4918165207,0.120189256966,0.00186343258247,0.104470185935,0.00260622124188,0.0120187774301,6.92198467255,16.3288860321,0.0104636568576,574.90435791,2.73855686188,4270500.5,0.0261883158237,-688.641235352,180.034042358,29.7226352692,25.2341136932,15.3156919479,26.3048763275,5.85881519318,3.20089793205,4.32474803925,5.42596483231,13.9001836777,8.32908439636,4.80895090103,5.50927495956,0.0295950155705,0.0124610587955,7.0,1.6268569231,1.0,0.0,0.0,0.64571917057,2,0.742045640945434,0.092904567718505,0.066179551184177,0.023482730612158,0.083715230226516,15.162348698476483,6.247200811876476,4.113159626586362,1.940640382000696,2.076931650286578,1.7888444189487684e-05,7.803717667027625e-05,0.001997802797633,0.010974142550505,0.014225004270738,5.677060127258301,5.401895046234131,4.814196586608887,4.318732738494873,4.39172887802124,0.00424567225264,0.001790266188577,0.000897981524301,0.000831221377439,0.000820105820105,0.12645458732185,0.073207214607307,0.056342901675838,0.038982134129478,0.044858040231067,120.06
6bmc3SL19T3emWL2NQDJEC,0.989813804626,0.460915416479,3.26165127754,31.5835781097,0.0818394422531,1553.75500488,11.9049100876,0.075079575181,0.00316366041079,0.0626408159733,0.00221657170914,0.00795213971287,7.55719089508,4.74627923965,0.00701799569651,3430.93017578,1.58384490013,7021210.5,0.1040031462909999,-692.726379395,90.1749649048,44.8548583984,32.7660865784,17.0304927826,19.629655838,12.7727355957,0.694034159184,-3.24659276009,4.95567560196,9.04976177216,6.54482841492,7.84496021271,4.97178459167,0.0887850448489,0.0140186911449,5.0,2.43418526649,1.0,10.0,1.0,0.448985427618,4,0.224110916256904,0.230295285582542,0.253173530101776,0.168146789073944,0.134937494993209,10.348388051991565,4.619523806757594,2.782803858780785,1.838295144323115,2.267814390480047,0.000115212560676,0.000403784101064,0.007008585385782,0.019944417274104,0.026371734638487,4.9496846199035645,4.955118179321289,5.195053577423096,5.5858917236328125,5.618356704711914,0.003050750458913,0.001707482993197,0.000893381049102,0.00078814382896,0.000770759097289,0.334372441545245,0.156960055850014,0.09390131206906,0.069065071480619,0.076572534021176,120.05
4DaaNoc2VFFfdqf4poJIcg,0.965412259102,0.466879695654,1.91720235348,17.1912250519,0.0116913486272,1185.87084961,19.8425559998,0.0732317119837,0.00144600239582,0.0574951060116,0.00388252362609,0.0119073968381,7.6419043541,4.32210874557,0.00729272235185,1146.6328125,1.50569069386,4296745.0,0.0458691343665,-635.71282959,135.447860718,1.42601621151,20.5477523804,-9.55495357513,9.99663066864,1.2926183939,7.9466085434,1.56752538681,11.9155054092,8.77370071411,4.93940114975,4.80301046371,7.9951672554,0.073208719492,0.00467289704829,9.0,2.21760582924,0.0,9.0,0.0,0.7308211326599999,5,0.314578473567962,0.290215760469436,0.2673921585083,0.111295163631439,0.057827286422252,10.950946756229486,7.653357193378413,8.62026941385119,4.320435025195046,4.171606877921039,0.000103342103129,0.000131335749336,0.001738970538679,0.010159524863964,0.018894844699734,5.770823955535889,5.737195491790772,5.702249526977539,5.523736000061035,5.459938049316406,0.002743953927456,0.001400108160418,0.000884448619057,0.00074497860511,0.000778280628848,0.207535124134639,0.126693403062662,0.099695677546921,0.057512144802986,0.057320354089537,121.0
1eiI8Ki2Dftp9wdaPsQZkO,0.975965678692,0.431354910135,1.42869830132,15.4619283676,0.00545596238226,1104.00158691,16.3328132629,0.0864661708474,0.00308336410671,0.064203992486,0.00481063313782,0.0148951411247,7.43701267242,5.79320573807,0.00845574960113,1418.27392578,1.90598511696,6783912.0,0.0621921122074,-632.495178223,126.445625305,35.1395263672,4.26237535477,4.90783643723,9.79474830627,2.16501879692,13.9792098999,10.6049394608,11.8723564148,6.33022069931,4.63601636887,1.58137893677,7.9951672554,0.0186915881932,0.00311526469886,9.0,1.59707117081,0.0,9.0,0.0,0.670438051224,8,0.6183648109436031,0.101236380636692,0.184592828154563,0.026517119258642,0.072025053203105,11.92284281164214,7.1147409664326045,6.542403984926523,2.818121916620786,3.683235245070321,5.5232925462328295e-05,0.000182132172928,0.003410328260024,0.017981125092056,0.019577613606875,6.076005458831787,5.506576061248779,5.65974760055542,4.938329696655273,5.168751239776611,0.00376013682309,0.001428859679465,0.0008153656943,0.000811522349052,0.000792497790076,0.19394701417005,0.104554063443776,0.087540606675153,0.052988471157254,0.07946858668761,119.92
7MOOhp5yAFZtaDRolT9Pwr,0.978035926819,0.461982131004,2.28434991837,9.97107982635,0.00311769288965,948.565063477,11.4201087952,0.061735033989,0.00113176007289,0.0487067401409,0.00328742945567,0.0110093802214,7.33099603653,4.28661251068,0.00715611269698,689.129211426,1.64923024178,5854621.5,0.0356277860701,-688.985473633,111.091049194,44.9679412842,34.417388916,22.9325065613,32.748046875,24.4031562805,13.8887481689,-0.011805688031,2.69858813286,1.49892556667,-0.51023542881,-3.69572615623,6.55066251755,0.073208719492,0.00467289704829,5.0,2.42163348198,0.0,5.0,0.0,0.611327588558,2,0.8247989416122431,0.125077441334724,0.08040552586317,0.020170804113149,0.004628909751772,14.211873326820058,9.410609209767449,6.256097697474368,3.255148096460462,3.54598471214743,1.833464660049188e-05,0.000108266296115,0.003695797577782,0.015193461403902,0.022347145169837,5.821627616882324,5.276928424835205,4.950305938720703,4.624605178833008,4.82911491394043,0.003400134828706,0.001716614573757,0.00089947089947,0.000774856489142,0.00072797287083,0.273224878881319,0.153177983787767,0.102549150635682,0.057280630085337,0.062338057714507,120.16
5y2WV6A7t1gujZcDDJamzH,0.985619902611,0.4510167539119999,1.27949941158,15.4064369202,0.00233826972544,1076.95800781,17.4871387482,0.0677506253123,0.00113496580161,0.0480573996902,0.00486936978996,0.0158173777163,7.68890047073,3.05365586281,0.00740314088762,874.01965332,1.62492012978,6241198.5,0.0567125529051,-614.52142334,109.37462616,26.0474414825,-5.03212022781,-12.5585842133,-9.72806835175,5.35381221771,13.0917043686,7.85192871094,17.4573516846,9.81620979309,6.46836614609,8.59121799469,4.63585329056,0.0171339567751,0.00467289704829,5.0,1.83054435253,0.0,5.0,0.0,0.646375238895,4,0.445460468530654,0.136852949857711,0.389165341854095,0.031983695924282,0.040245734155178,9.40073775435682,7.323480647579005,7.212251813082911,2.65311193123533,2.904744717422208,0.000107820418138,0.000138095032807,0.001764305889132,0.014616372740765,0.022280150713781,5.308333873748779,5.115391731262207,5.57178258895874,5.505456447601318,5.52182674407959,0.003194096351991,0.001154672395273,0.000867844213708,0.000731988701913,0.0007440227553,0.23379787274801,0.126778266315402,0.100077869810735,0.043196012832935,0.04889883636169,123.16
2c5CEA3BSsMtEHdFpFHyHN,0.957612991333,0.468358039856,2.34152507782,16.3833522797,0.00935307890177,1024.11535645,15.6258764267,0.140275299549,0.00201507098973,0.120068795979,0.00371961016208,0.0130299329758,7.47771024704,5.51671695709,0.00989861413836,1015.87237549,1.68257951736,4880467.5,0.0423609688878,-649.903625488,138.724639893,10.5839443207,28.109128952,17.0362911224,21.138507843,10.2595348358,5.45981836319,0.960590004921,3.40947794914,2.39301037788,7.31990671158,2.85943102837,5.77801990509,0.00934579409659,0.00155763234943,2.0,1.97647726536,0.0,10.0,1.0,0.599254131317,16,0.6400767564773561,0.152542546391487,0.076965503394603,0.037657029926776,0.084344178438186,11.510602816183722,6.909258695527676,5.071144034371382,2.446267807717589,2.757756409383948,8.05908754009215e-05,0.000166597980424,0.00306421266083,0.014669181309757,0.022294101550134,5.665600299835205,5.290777683258057,4.920723915100098,4.499813079833984,4.266022205352783,0.003825064508562,0.001497478301665,0.000846919227461,0.00074126202205,0.000771268277425,0.24728539499202,0.117814992048744,0.065730339563298,0.038661805047844,0.045882255343227,125.3
0PFf1Hj0P8HWzUMlY3jspu,0.985884130001,0.470423400402,1.22061574459,15.3143529892,0.00233826972544,1220.66821289,21.7108345032,0.0796272084117,0.0038496023044,0.0544745028019,0.00344192399643,0.0189827587456,7.90279579163,1.58507585526,0.00832069199532,1188.58691406,1.19727313519,7049457.0,0.0622400641441,-585.95715332,95.2303009033,40.8127937317,27.7751579285,10.175658226,15.4289855957,-1.21566843987,5.28542566299,-5.34586048126,-1.7381683588,-0.768552184105,2.91414928436,6.14864730835,5.17334365845,0.0342679135501,0.010903426446,9.0,2.42619299889,0.0,9.0,0.0,0.6845712065699999,2,0.476165354251861,0.243008166551589,0.103361785411834,0.102367632091045,0.093554824590682,16.132779390491486,13.8985824110219,8.0120787659678,4.91296341252638,5.248728157028012,2.8018604945922235e-05,7.911653717940697e-05,0.003652639922227,0.01031099130215,0.026154838660021,5.638319492340088,5.64100980758667,5.682281970977783,5.575441837310791,5.560301780700684,0.002754908231098,0.001372851134755,0.000822237726999,0.000765742194313,0.000777855301664,0.251559656229983,0.17003073221501,0.110743170175613,0.086447581806233,0.099872298462896,122.45
6lnazE35bUlT8mxwNqHYWg,0.989635944366,0.442371547222,2.0302503109,6.55379915237,0.00155884644482,620.579467773,9.48090457916,0.120542258024,0.00202037976123,0.110884219408,0.000771491206251,0.0091665638610699,6.79669141769,25.511548996,0.00969368871301,570.504943848,3.16250681877,6131950.5,0.0273650623858,-736.370727539,156.571166992,80.6829452515,19.402141571,20.3536701202,28.6752147675,4.28758859634,12.5738582611,6.12080621719,11.5124034882,4.24926280975,6.43054819107,1.05278658867,7.9951672554,0.00311526469886,0.00311526469886,8.0,2.14219450951,1.0,1.0,1.0,0.732786297798,2,0.764925122261047,0.113819941878318,0.059552431106567,0.045825883746147,0.029788108542561,14.160856833998894,6.055095713483712,2.312028229564839,1.338413511535708,1.9149690370144312,9.04578898504214e-06,8.716071506753684e-05,0.006105558133621,0.024518689724042,0.026998031313793,5.8458099365234375,5.542717933654785,5.5858659744262695,5.294676780700684,5.337194442749023,0.003689256293234,0.002423720543069,0.001164977946171,0.000980606025813,0.00095180688309,0.247513372375278,0.099381630604792,0.057417761339151,0.058051743582532,0.071816800482839,119.89
384Zra7bHHYKalTwMcokWz,0.956497788429,0.457319021225,2.5306801796,12.5875778198,0.0124707715586,1177.08154297,17.4801254272,0.106256641448,0.00110218313057,0.0936312824488,0.00308612268418,0.0105095999315,7.40670347214,8.18949794769,0.00847218278795,860.002746582,1.5984417200099998,4339793.5,0.0394377484918,-647.525817871,139.036834717,11.6313457489,37.4055480957,1.77283501625,5.13130426407,1.88782942295,19.2947444916,8.23493289948,9.42504692078,3.30481123924,2.89613008499,5.54365968704,4.73663282394,0.0514018684626,0.00623052939773,0.0,2.04058146477,0.0,0.0,0.0,0.702485144138,2,0.885824382305145,0.060817219316959,0.056176081299781,0.006839653942734,0.001710846554487,12.26661166116958,6.638300096883642,4.349226265329711,1.968408131442544,2.008137889585221,7.072917054198318e-05,0.000129025705002,0.001948880317041,0.009644967403379,0.016359926799636,5.863053798675537,4.694676876068115,4.627523422241211,4.107586860656738,4.235013008117676,0.002755989352262,0.001606610620958,0.000856330887522,0.000774228531992,0.00076131322094,0.197344177498748,0.089652880554048,0.056152669893627,0.032203731050566,0.033397296600988,122.31
2jngKAKKPHTALpNiortCMN,0.938781917095,0.419074088335,3.56098771095,8.1986913681,0.111457519233,709.217956543,12.9306316376,0.0786650553346,0.000942357350141,0.0635405629873,0.00246462132782,0.0187891479582,6.47691726685,120.512046814,0.0073632192798,562.931945801,6.18821287155,3880742.5,0.0266381595284,-751.890136719,146.772720337,61.0246925354,34.8250541687,17.8575592041,17.1334114075,12.8693199158,8.640746116639999,0.369197368622,1.71457564831,-1.31017780304,-1.55272161961,-4.52321863174,7.1217455864,0.0934579446912,0.00934579409659,1.0,2.34631276131,0.0,8.0,0.0,0.491931796074,2,0.702267408370971,0.6290618777275081,0.028818517923355,0.023142242804169,0.012913989834487,9.915513360849593,6.698302644635624,5.41038889151668,2.561433742552249,2.538123038215753,2.97749406178251e-05,8.216180092552793e-05,0.00224429667794,0.021111377519162,0.025057492130292,5.898213863372803,5.872229099273682,4.982519149780273,4.859889030456543,4.999366283416748,0.002987528344671,0.001609195402298,0.001048850574712,0.00091963797013,0.000914457737117,0.307303094956586,0.169737729222072,0.087259215314425,0.043942500598759,0.04455744832279,121.7
2OdoM8QkUqbymznSxTp7g4,0.979993879795,0.467108845711,1.24550282955,14.681180954,0.00233826972544,1093.56640625,21.5089626312,0.1069331094619999,0.0026164969895,0.0891245380044,0.0055097034201,0.0100202839822,7.74484872818,4.18076705933,0.00943633820862,1081.41149902,1.69440543652,6048843.0,0.04943857342,-611.3671875,128.930877686,26.8809738159,7.74621725082,12.7497749329,25.6084041595,4.08424377441,15.0862207413,2.2676551342,7.21464061737,5.57093238831,6.18618774414,4.70218133926,6.88659381866,0.0856697782874,0.00778816221282,5.0,2.07561421394,0.0,5.0,0.0,0.8120859265329999,2,0.9345538020133972,0.021085688844323,0.030532142147421,0.006211564876139,0.008860500529408,14.024728732096046,7.477754943697689,7.062504745653854,3.832746706628477,4.015518958610278,2.606969058863605e-05,0.000136410716616,0.002936273056908,0.014772098937315,0.021821908898731,5.90303373336792,5.663784027099609,5.305580139160156,4.750906467437744,3.747559785842895,0.003626236109934,0.001538468776168,0.0008110574797,0.000801930730798,0.000751968837327,0.237548638251792,0.105210769525109,0.096545053246621,0.061364495156096,0.07301018115407,122.48
5GmtGR3MwrTCgi8UtngNK7,0.979121088982,0.446671724319,2.43564653397,11.5772027969,0.0226032733917,830.890319824,11.3764610291,0.0709499791265,0.00176878727507,0.0576096698642,0.00154317042325,0.0113667948171,7.20159339905,6.05299949646,0.00758473481983,1418.65856934,1.81265032291,5409299.0,0.046750549227,-683.645629883,143.397186279,26.2107601166,28.4996585846,9.07462215424,14.4539060593,5.31846237183,13.5564365387,5.63565349579,7.81826353073,2.16145133972,4.1947312355,2.06105995178,5.91239261627,0.0467289723456,0.0124610587955,9.0,1.62780642509,0.0,9.0,0.0,0.789952397346,8,0.492370575666427,0.167995527386665,0.123433202505111,0.020730134099721,0.20857797563076,7.909098504223578,4.443424443051016,3.231824280368302,1.687932082830621,2.101714024446901,8.950972725753826e-05,0.000180389755652,0.004269502310823,0.020585665810418,0.025643175702466,5.536311149597168,5.702829360961914,5.454604148864746,5.346029281616211,5.138002872467041,0.003031614849796,0.001750529412867,0.00091415078428,0.000751578868461,0.00075036075036,0.174126032929348,0.099065779559664,0.049871388952508,0.030652541279536,0.043822287508258,124.13
50L9Iz0yqrQrchc6c3inxG,0.982644796371,0.434809178114,2.92920851707,7.29289484024,0.0483242385089,558.131530762,6.38269662857,0.0860352888703,0.000755304878112,0.0742904916406,0.000939520075917,0.0121199795976,6.72220182419,10.1328344345,0.00776519905776,643.210083008,2.33787608147,5838311.5,0.0299670714885,-753.25592041,128.597839355,60.2328720093,30.241727829,29.2240810394,22.1514205933,10.0926656723,5.98380899429,9.06123638153,2.76594686508,-6.31592082977,-2.57298612595,-4.46104764938,5.17334365845,0.110591903329,0.0124610587955,10.0,2.23024177551,0.0,5.0,0.0,0.673682034016,2,0.8849272727966301,0.057792164385318,0.031877297908067,0.02302598208189,0.004936208948493,9.313987342723737,4.084032813287399,2.253659147206584,0.877298209211235,0.9792156185867632,3.8006192245504457e-05,8.782320234710957e-05,0.003371361980234,0.020191886710669,0.024547921535628,5.752159595489502,3.728662014007568,2.913172245025634,2.133519411087036,2.5332179069519043,0.003724587536163,0.002226816013761,0.001200250215028,0.000837145202908,0.000840663851747,0.31576531495555,0.184646405012919,0.070164457533409,0.035807842277252,0.039136403615561,118.09
27sSrkdmxQ4WE4P71U8VqU,0.983751773834,0.4492841959,1.81335139275,13.2476024628,0.00233826972544,836.422424316,15.8667182922,0.0329840406775,0.000358385761501,0.0131673850119,0.00336939236149,0.017279939726,7.31185007095,5.25199365616,0.00539200985804,704.268859863,1.76792407036,4309498.5,0.0414536707103,-652.487243652,142.672592163,18.8637676239,24.4292240143,1.26559686661,9.66340923309,-6.41808080673,12.4292526245,-9.33543395996,3.5262734890000003,-0.981550037861,-1.37780177593,-0.8342000842089999,6.21473073959,0.0545171350241,0.00778816221282,6.0,2.09183454514,0.0,0.0,0.0,0.776303529739,4,0.6017377972602841,0.264267593622207,0.226691663265228,0.021515225991606,0.002017946448177,9.692623268069326,10.131262762190472,6.578031767826055,2.591003073119031,2.551500252518492,2.4392914932113324e-05,4.432151634831078e-05,0.001128895953988,0.009025125560283,0.015241086502525,5.913493633270264,5.864534378051758,5.764688491821289,5.358129024505615,5.822622776031494,0.002420839821872,0.001328488557404,0.000833902503437,0.000748208252511,0.000741651412907,0.168800031973256,0.159330571382211,0.103309531930793,0.042414026004036,0.04137781108489,129.46
042Ry8pHFnM760Q9tQ4Gx9,0.988586306572,0.464245676994,1.66902589798,12.4754953384,0.00155884644482,1282.11120605,16.1106777191,0.1121402084829999,0.00234028813429,0.100392594934,0.00328275724314,0.00657677650452,7.56877183914,4.80098438263,0.00975723564625,863.514831543,1.60624134541,5341297.5,0.0354432053864,-657.31652832,116.750549316,26.1171321869,29.6207046509,13.0575675964,25.0261573792,18.2308502197,15.6193447113,11.2322463989,10.8944339752,5.8518075943,7.50937366486,10.3934831619,7.15533876419,0.0451713390648,0.010903426446,9.0,2.00897622108,1.0,9.0,0.0,0.615440607071,2,0.6296867132186891,0.057741176337003,0.104524791240692,0.123872868716716,0.092028848826885,14.1611697525909,6.713396436697442,5.39198288423785,2.983259398193252,3.234101796636939,2.1448832937877e-05,0.000193072028635,0.003501847387336,0.015232622567635,0.023915857294394,5.798096656799316,5.468065738677978,5.540589332580566,5.518021106719971,5.575257301330566,0.00462775586425,0.0023217858572,0.000834905390727,0.000747632386287,0.000758779702357,0.270163984913874,0.1124059185444,0.080553919887272,0.060880226994017,0.066116988191057,121.87
0ffRZ3Mg6MUmgX149YhqcE,0.979010879993,0.443918168545,1.26169669628,11.0851659775,0.00155884644482,941.945556641,14.8752918243,0.0674321651459,0.00169789837673,0.0440864786506,0.00221940176561,0.0201723948121,7.30449485779,3.70258712769,0.00769061408937,752.941772461,1.45131313801,5099097.5,0.0363843739033,-643.469299316,122.120399475,29.8075618744,34.6445579529,1.30437767506,15.1633348465,-5.14155006409,-7.09378099442,-4.09289121628,4.38223266602,4.28621673584,1.7480379343,0.777334332466,7.1217455864,0.0404984429479,0.0124610587955,7.0,2.2066693306,0.0,10.0,1.0,0.603914320469,3,0.7718369364738461,0.156192183494567,0.081541799008846,0.012377114966511,0.002653262112289,11.74425078225379,10.329234117552945,6.8961414058425206,4.266346530809514,3.6021648677127818,2.639708497012921e-05,4.981873900608045e-05,0.001733263212723,0.007067933396352,0.013246224631114,5.686812877655029,4.404608249664307,5.008864879608154,4.244416236877441,3.946753025054931,0.002850622366256,0.001207653304526,0.000927077554913,0.000794332038967,0.000767666150866,0.183365329939737,0.121407384420154,0.083765905886795,0.06829767295703,0.063345548768231,119.99
3yWTso8csVvlglxxik8EHQ,0.959683954716,0.477058500051,1.59091043472,21.8661060333,0.00233826972544,1360.44348145,25.4528446198,0.0492594018579,0.00126797263511,0.0316913947463,0.00723046436906,0.0105257276446,7.75052452087,4.69842767715,0.00652192346752,1119.61096191,1.57371151447,4208478.0,0.0482214838266,-609.159362793,134.285736084,-5.41895389557,11.9551925659,-1.38553607464,11.774605751,11.8827161789,9.61932849884,6.78629970551,7.35794687271,3.53171014786,5.23318338394,4.62176418304,5.13975048065,0.0155763244256,0.00778816221282,10.0,2.19387054443,0.0,10.0,0.0,0.604061424732,4,0.581924557685852,0.16569148004055,0.280311226844787,0.036539930850267,0.012157058343291,13.680425349061473,11.663911028542346,10.953827959348123,5.27608298273988,5.321917583398711,2.962485209308105e-05,0.000106852510814,0.00115775397363,0.007262813100534,0.01676048111076,5.778080940246582,5.330802917480469,5.631566524505615,5.1646504402160645,4.856876850128174,0.002973233950677,0.001242608686217,0.00084301663249,0.000741104133961,0.000743284493284,0.183288149853384,0.133462716296245,0.135657525619897,0.067325924215648,0.069581446758178,125.88
7Ec3eXxUuCXyu28bV2BkdN,0.981739640236,0.4705990850929999,1.86298179626,22.471950531,0.00467653945088,1182.92541504,22.0280590057,0.0412200465798,0.00238382071257,0.0226592104882,0.00463497452438,0.0120839197189,7.57781887054,7.19274950027,0.00583810685202,1647.69836426,1.93073749542,4203877.0,0.0547548606992,-637.035827637,143.412597656,0.8774330616,3.09230923653,0.64448517561,11.2704916,-0.988767743111,3.3382422924,0.4047518670559999,5.22210216522,3.05608677864,2.56678915024,0.515202879906,6.38269662857,0.0467289723456,0.00467289704829,4.0,2.43967437744,0.0,4.0,1.0,0.531800270081,4,0.356429994106292,0.158464193344116,0.202333956956863,0.138802826404571,0.167779400944709,6.659773508291857,6.12343400133148,5.290710558596755,1.694925599759101,1.726688652365722,0.000168054461526,0.000193067842524,0.00204400765426,0.010897447655841,0.017051953962812,5.256261825561523,5.71517276763916,5.553111553192139,5.503604888916016,5.404943466186523,0.002766632894292,0.001230858300767,0.000839581222559,0.000753895884594,0.000793071838664,0.091829386305104,0.100581245738808,0.088327232025365,0.053638902753708,0.05946475650433,122.86
66BizPseVHNfGtlJBwnnEG,0.985330760479,0.4690337181089999,2.73998522758,15.3066253662,0.00155884644482,1542.46606445,14.4941539764,0.0775026753545,0.00314740184695,0.0593876987696,0.00304218335077,0.00608806265518,7.54818344116,5.92870426178,0.00836529023945,853.09362793,1.5192273855199998,5012186.0,0.0361659228802,-689.192260742,105.085983276,29.6291255951,32.2887496948,7.22475194931,22.8272686005,8.05183124542,18.2696094513,19.1913928986,22.6394138336,16.0221748352,13.7978878021,8.25240802765,4.73663282394,0.0856697782874,0.0140186911449,10.0,2.10971546173,0.0,10.0,1.0,0.57820892334,2,0.433259963989257,0.041840441524982,0.216872975230216,0.149868041276931,0.061077699065208,17.701848882750788,6.5535487187126975,4.467268083690368,1.962087837443364,1.921849385130277,2.068353278227218e-05,0.000237953561577,0.002911040170914,0.009262201780565,0.024483645487307,5.723334789276123,4.272511005401611,5.533797264099121,5.790883541107178,5.752411842346191,0.005675900882441,0.002520558424172,0.001150042346255,0.000975466491817,0.001002923257656,0.297082515710349,0.133243758776494,0.128367592027507,0.103449644966499,0.101805927684087,124.19
1dgrIoED81ylk6LUyGpKDm,0.974659323692,0.4577220082279999,2.27758097649,4.69524478912,0.00389711605385,579.969726562,8.14185523987,0.172861784697,0.00220328406431,0.16269646585,0.000852671801113,0.0144621534273,7.10509204865,4.38503313065,0.0119426483288,708.884277344,1.67451262474,6831710.5,0.0319666266441,-692.659301758,116.468727112,71.9156646729,46.0063323975,23.0782623291,34.2569961548,7.92333889008,13.5116643906,8.58960723877,11.6135692596,6.48437643051,6.28628063202,3.87506961823,7.1217455864,0.0825545191765,0.0140186911449,2.0,2.37531161308,0.0,2.0,0.0,0.673564255238,2,0.9746542572975152,0.024795649573206,0.006959933787584,0.001920165959745,0.001656130189076,17.51660917088607,7.321360178806525,3.206312847379481,1.854116371523758,2.3629206407075483,1.104527533873652e-05,9.558929546742992e-05,0.006274956094923,0.023034812665258,0.029987324776556,5.929734230041504,4.812847137451172,5.026575088500977,4.909980297088623,4.724945068359375,0.003503010399562,0.002101610759246,0.00106067714442,0.000783094847134,0.00079365079365,0.266507203700909,0.099595672160923,0.046694774696594,0.037272768576829,0.052708550901421,123.71
3PSryBaoxghvTWn1jnbAv6,0.983119904995,0.458165943623,1.57837617397,14.8470611572,0.0101325018331,1084.078125,9.20654678345,0.145602554083,0.00437262514606,0.130628332496,0.0010864150244699,0.011040866375,7.53506946564,1.15164899826,0.0108843808994,1480.56787109,1.07802903652,8561737.0,0.0559559650719,-671.116088867,81.5506286621,91.6807861328,40.2761383057,10.7985963821,23.5699901581,8.98213386536,15.200217247,14.6046800613,12.1774282455,6.00006198883,8.08473014832,0.3982537686819999,8.19672584534,0.0685358271003,0.00467289704829,1.0,2.37949061394,0.0,8.0,0.0,0.653026759624,3,0.607370972633361,0.142911523580551,0.038394462317228,0.095354065299034,0.133113577961921,15.140370757932288,7.355604160572196,4.589006565035503,3.797139895678078,4.368025624272156,3.464608459692948e-05,0.000237826921504,0.007811302418303,0.017136861247645,0.023520088223488,5.682796001434326,5.018067359924316,4.83496618270874,5.335508823394775,5.350975513458252,0.00329735199865,0.002103783662225,0.00097889844643,0.000744363861246,0.000773879799853,0.297262800711677,0.141060039896593,0.074525394519216,0.062208952889406,0.075949939607652,123.47
7yGxTi1VLwdwkdR3MIJMg5,0.983181357384,0.476250946522,2.08251142502,22.8796672821,0.0257209669799,1542.51416016,18.0288391113,0.0645502582192,0.00286636850797,0.0498811304569,0.00366797740571,0.0101336017251,7.98528385162,1.9292536974,0.00710108783096,2020.86437988,1.17205584049,6656286.0,0.0724117681384,-624.122253418,89.2173309326,31.5713443756,23.3866214752,13.3910751343,24.2407035828,6.7422118187,11.2152385712,1.99155759811,3.43802857399,-1.56484568119,1.54004251957,6.47924947739,6.51706933975,0.0124610587955,0.00311526469886,1.0,2.31994366646,1.0,1.0,1.0,0.729951143265,2,0.9006187319755551,0.046804517507553,0.043809376657009,0.012948527000844,0.00995958968997,13.52313348120436,8.867678269118425,6.653473908290475,4.253457032259448,4.844908263990785,7.28436308974459e-05,0.000213926904724,0.004937831097825,0.013726869817434,0.022385749037877,5.952160835266113,5.270866870880127,4.846853733062744,4.576786518096924,4.00021505355835,0.003909958833318,0.001848705147294,0.000799782001498,0.000767374188588,0.000691074713147,0.267397495738707,0.142870544818855,0.103636717875611,0.073930386726413,0.085907691219567,128.06
5lbZybOH687sMkZWnBxF4P,0.9560957551,0.447803288698,1.43158054352,7.81504058838,0.00233826972544,641.218811035,13.6227588654,0.0747716277838,0.000826224917546,0.0324256494641,0.00233525480144,0.0275592543185,7.02664661407,8.08524608612,0.0083454856649,333.272033691,2.04462647438,4800951.5,0.0285844337195,-669.200744629,143.946899414,38.3131790161,38.9928016663,15.4623231888,16.0659141541,2.61617636681,7.05335617065,2.89809465408,3.89631271362,-7.58803606033,-3.47147655487,-2.60845589638,5.87879943848,0.073208719492,0.010903426446,5.0,2.37486577034,1.0,10.0,0.0,0.632953703403,2,0.41010570526123,0.339719355106353,0.065131835639476,0.013913810253143,0.01858690008521,9.120490353609526,9.34554626848406,4.624568334872404,2.083936595338004,2.056762539656745,1.8480478161260023e-05,5.043949689099532e-05,0.002572331032083,0.015558863557548,0.025412153262909,5.850284576416016,5.76406717300415,5.652898788452148,5.507530212402344,5.542555332183838,0.002324206631242,0.001416838708949,0.000961518935932,0.00077751830417,0.000841484189032,0.137907787221768,0.09245620663562,0.065367695981861,0.038018216740439,0.039762373903623,122.17
54yObFoAeg9YpDtcSjKnn6,0.977591872215,0.4215812087059999,2.22942590714,17.6900749207,0.035074044019,1044.02685547,11.7669525146,0.019474286586,0.00143212685362,0.0013564924011,0.00255601643585,0.0147547284141,7.05568408966,4.15687131882,0.00399604067206,1432.44287109,1.54273235798,4479212.5,0.0555643513799,-690.259399414,119.211051941,26.0531005859,20.0318565369,-40.4590454102,-19.7930355072,-6.95424461365,-4.89670801163,-5.35170984268,-3.1517894268,-6.13985872269,-5.08646202087,-1.01019096375,5.97957897186,0.0342679135501,0.00467289704829,5.0,1.20728635788,1.0,10.0,0.0,0.630563139915,2,0.049692403525114,0.367312103509902,0.397155910730361,0.19035667181015,0.036549177020788,5.044299949770141,8.329084219080258,6.464031284625016,3.045563415328735,2.890054573864832,0.000114667134677,7.110188275670524e-05,0.000917379846264,0.005678599652835,0.008849838438921,5.123875141143799,5.7038984298706055,5.599256992340088,5.234486103057861,5.104196548461914,0.001382263172498,0.001068917018284,0.000863782925265,0.000782839155352,0.000763320799487,0.090552691495591,0.12548536929143,0.096464736754415,0.05980824948768,0.054609626447067,120.37
4piKyA3CzS8hTC92tiUuuD,0.986232697964,0.468009352684,1.45823097229,12.0581092834,0.00233826972544,1477.3692627,19.9127044678,0.104457162321,0.00345840025693,0.0894060283899,0.00419583916664,0.00879048928618,7.95082712173,2.24755930901,0.00950940698385,1093.09631348,1.33212149143,7300004.0,0.0542665794492,-607.342041016,97.7356185913,35.611240387,24.9152736664,13.7988176346,5.45209312439,15.3943910599,20.3393936157,14.2622852325,16.0328731537,17.4434776306,12.9051599503,5.28826856613,7.5248632431,0.0124610587955,0.00467289704829,11.0,1.67039036751,0.0,4.0,0.0,0.523831903934,2,0.897288024425506,0.016789929941296,0.051117938011884,0.025078715756535,0.012138711288571,17.223131821305095,6.843975644942955,6.143463952166818,3.641860461497077,4.860339042431933,1.4429543584238372e-05,0.000196938995316,0.004279672385987,0.016548983813564,0.022027275665819,5.892832279205322,4.272988796234131,5.150631427764893,4.925289630889893,5.249064922332764,0.004328015212063,0.001783655166102,0.000830600097181,0.000717120181405,0.000775226757369,0.216339032444082,0.085675237729492,0.090295791022584,0.065003465396149,0.083895538669773,122.29
549aiAj8AKGRhi53VV1KSn,0.985614538193,0.478831976652,2.82104945183,30.6551685333,0.0389711596072,1722.00231934,15.9251756668,0.0759617388248,0.00298795499839,0.0656149610877,0.0027856186498,0.00571468379349,7.98806333542,2.27885723114,0.00714176800102,2487.93457031,1.20116281509,6231266.0,0.0833472907543,-637.378173828,86.7245483398,21.5658435822,24.0759601593,6.6383562088,16.5588607788,9.79130363464,11.1456022263,7.87923908234,4.40628290176,7.87874031067,2.81403660774,5.70381259918,6.34910345078,0.073208719492,0.00934579409659,2.0,2.29539585114,1.0,7.0,0.0,0.635677814484,8,0.432769447565078,0.063223682343959,0.083877377212047,0.247281283140182,0.178352534770965,9.369506869625097,5.906340850026412,5.529882640594317,3.390570837818197,3.614597642909631,0.000215985415095,0.000439582253343,0.00595367803091,0.015926284570598,0.025818139381271,5.462932109832764,5.206414222717285,5.579941749572754,5.605217933654785,5.621476650238037,0.003105514546244,0.001639311043566,0.000814776052871,0.000748590034304,0.000761381475667,0.284413736438923,0.113493687363927,0.078541828427283,0.063010470839639,0.071518856763886,122.52
4jNSXdMVWDBbMYfuIJQQ8J,0.986290872097,0.487150222063,1.45092642307,17.1056480408,0.00233826972544,1736.37805176,24.7069377899,0.075946688652,0.00248616677709,0.0609166286886,0.00609385361895,0.00766971940175,7.89131402969,3.07521891594,0.00828350614756,1195.4708252,1.26423680782,5321640.5,0.0519218407571,-609.655944824,99.7169265747,6.51961040497,29.399269104,14.0892915726,24.0892868042,14.3516111374,7.93952703476,5.82179164886,8.12634658813,10.606883049,5.76503133774,5.5259361267100005,6.147544384,0.129283487797,0.0171339567751,2.0,2.92592668533,0.0,10.0,1.0,0.485502272844,2,0.673790991306304,0.097909957170486,0.132179751992225,0.063819572329521,0.052574500441551,12.080291666266968,6.409827898605397,6.305840673839889,3.935554167208061,4.20623700334424,0.000215708830846,0.000301602351804,0.003273085675134,0.009615958524069,0.017011389758436,6.02715253829956,5.941644668579103,5.468592643737793,5.73480749130249,5.580424308776856,0.003218147816895,0.001682069906315,0.000851060000719,0.000738131231328,0.000757927509628,0.252323500170767,0.110344307268321,0.099799805333916,0.067628227875324,0.072787598120879,149.29
15GoId0c18sHXpntdhDEw2,0.985536575317,0.490516990423,1.91825270653,36.2355651855,0.00233826972544,2389.22436523,25.7030391693,0.0384622253478,0.00207822443917,0.0258383769542,0.00665910169482,0.0044191358611,8.00933361053,3.00315070152,0.0055723558179999,2286.36376953,1.20685434341,4838389.0,0.0775141716003,-615.961303711,76.8576126099,-9.71893978119,27.3683872223,23.2202663422,19.8746032715,15.2203273773,15.7207927704,8.6920042038,10.0476541519,6.54370117188,10.5095081329,4.95185279846,5.87879943848,0.0467289723456,0.00467289704829,10.0,2.66576433182,1.0,3.0,0.0,0.664435863495,2,0.8613458275794981,0.042139697819948,0.064000204205513,0.026368841528892,0.013610388152301,11.228671934556107,8.406042983628025,11.396303423576889,5.9266628402743695,5.872773801560834,9.32767260934409e-05,0.000429865245374,0.002099164969838,0.006079094678515,0.012033410329601,6.123111724853516,4.781576633453369,5.8674163818359375,5.569391250610352,3.584963798522949,0.002858344751328,0.001382178313021,0.000808474155268,0.000740366818105,0.000736120125317,0.274163872437881,0.131488849448276,0.160060674121169,0.097006664181445,0.099944334931916,144.79
6mpEpBqRVq7kcFa0A83ksp,0.983525812626,0.489753365517,1.1421405077,22.5757465363,0.00155884644482,2032.18200684,34.386592865,0.0888962000608,0.00673908693716,0.0675213634968,0.00661446060985,0.0100287292153,8.23588085175,1.78074383736,0.00900516100228,2127.39355469,1.11491429806,6825432.5,0.076806679368,-568.145629883,69.8675003052,17.7124385834,23.0155506134,15.8903799057,19.7636985779,13.287569046,13.935461998,6.49863815308,7.64891242981,5.9529800415,4.5798459053,1.08486127853,6.01317214966,0.121495328844,0.00934579409659,1.0,3.12531423569,1.0,10.0,0.0,0.559618413448,2,0.508502721786499,0.115332961082458,0.138636708259582,0.086915843188762,0.171242639422416,18.91312808168036,11.80116327896462,10.342874946808054,8.387336313177874,9.70041510869376,5.7901564295928405e-05,0.000230258464515,0.005231069080883,0.011475012004254,0.031688580036243,6.03075361251831,6.030094146728516,5.87617826461792,6.015336990356445,6.046691417694092,0.003081464684639,0.00168702425208,0.000787016040984,0.000733266145964,0.000739229024943,0.38640806583195,0.177781484210761,0.145729662305405,0.11612722430967,0.149542200056973,143.55
0PI1snkNIULAFsK0d9PAS6,0.98710501194,0.4820545315739999,1.39094543457,17.5500545502,0.00233826972544,1501.03686523,30.1644592285,0.0707827955484,0.00243406230584,0.0513387769461,0.00599355855957,0.0128314746544,7.93252658844,3.79958057404,0.00792978797108,1074.64575195,1.4760915041,5496287.0,0.0601986460388,-586.567199707,112.468612671,13.2289438248,25.8067798615,6.81052017212,16.09856987,6.18679475784,12.2255239487,5.53461790085,8.31200218201,3.02173018456,4.16689014435,2.22182011604,7.59204959869,0.0700934603809999,0.00623052939773,1.0,2.7365295887,1.0,10.0,0.0,0.568627536297,2,0.8307999968528741,0.099335998296737,0.07071203738451,0.011444794945418,0.010781172662973,13.847406527175265,8.916325111971112,7.39983439985101,4.466540431737874,5.222097433016506,2.796250311756428e-05,0.000157897447639,0.00330275253548,0.013337877618017,0.022046727382017,6.081079006195068,5.864022731781006,5.86870813369751,5.724855899810791,5.6847310066223145,0.002861004305103,0.001491422656018,0.000808192842354,0.000734578855696,0.000766209865588,0.244308843165169,0.12772787015168,0.103793520967188,0.06284442619626,0.075858331603145,140.3
1eXwvrBdol6pcfGXoRW3II,0.98557728529,0.484663903713,0.846139907837,33.4762840271,0.00233826972544,2220.11157227,35.8020248413,0.0639272853732,0.00456562126055,0.0422093458474,0.0116424988955,0.00675968220457,8.15270805359,1.89522659779,0.00766547303647,2259.36108398,1.11016499996,5623856.5,0.0846602842212,-558.503356934,74.6178512573,-1.53798055649,12.6068315506,6.7511844635,26.9845943451,5.67802524567,11.6672277451,10.4265480042,15.0533094406,7.03066682816,10.7639694214,5.73284912109,6.6514415741,0.124610595405,0.010903426446,8.0,2.38610982895,0.0,1.0,1.0,0.42974999547,2,0.554977655410766,0.058874983340501,0.287318259477615,0.067678488790988,0.058401510119438,12.865506750611033,9.161403548202404,13.273836072680204,7.729974286053064,7.370661037638749,5.162688001017208e-05,0.000298170596267,0.002256349384416,0.007410512182561,0.017782825672042,6.107633113861084,5.448999881744385,6.091429710388184,6.024110794067383,5.790251731872559,0.00281653559769,0.001308518679339,0.000755697077885,0.00075223943005,0.000758752673646,0.330364972976778,0.142050493473598,0.187455888108841,0.116956905066873,0.124947039500834,146.8
2Q8UMUrZY7jsX7MAXeDQPx,0.973198950291,0.482535332441,2.35639500618,23.673833847,0.0849571302533,1871.08374023,19.9384250641,0.0814284309745,0.00292111677118,0.0666595101357,0.00577864143997,0.00791806913912,7.99253702164,2.39489078522,0.00783181097358,1653.56054688,1.21941363811,6197004.0,0.0707181990147,-618.96496582,79.5537109375,15.1326465607,20.0065422058,13.7890748978,20.6694869995,12.5993738174,14.2492027283,10.3888864517,9.47218704224,5.75704050064,5.47683095932,5.0025806427,5.44208860397,0.132398754358,0.0171339567751,10.0,2.81370306015,1.0,10.0,1.0,0.507020711899,2,0.693874657154083,0.064685881137847,0.159381181001663,0.058791100978851,0.051218330860137,16.568149263038908,9.582826692065096,8.010590728611042,5.030884748042458,5.618904546538608,0.000261308774711,0.000404518715764,0.003748639942281,0.011603988966585,0.023265654113168,6.049320697784424,5.739405155181885,5.400372505187988,5.744516849517822,5.87696647644043,0.003192642608468,0.001719478373753,0.000834534557317,0.000744253091571,0.000754790144062,0.394562426386095,0.164359183801288,0.13343999503364,0.079209416007247,0.088408604490895,149.75
3RdKMkHQC1A3Gihq7xCwHP,0.988884627819,0.4829801023009999,1.02714371681,22.9544086456,0.00233826972544,2152.17993164,25.3663291931,0.0616751760244,0.00509486207739,0.043405149132,0.00540164625272,0.00895417295396,8.1253786087,1.47859692574,0.00755309592932,1963.51757812,1.12309002876,7583689.0,0.0868280529976,-573.753356934,67.6842269897,27.5561885834,23.9831085205,23.8881378174,21.2040538788,10.240653038,8.44727802277,7.50627279282,7.05585813522,2.89958953857,5.33321714401,1.48228108883,4.83741235733,0.1199376955629999,0.00934579409659,8.0,2.25667357445,1.0,1.0,0.0,0.5749443173409999,2,0.8491611480712891,0.094844810664653,0.047899670898914,0.023875836282968,0.023852881044149,15.196050922924533,10.936784398886855,8.562902397319487,6.212914743607676,7.228581919334549,2.474401043462713e-05,0.000221269253226,0.004097698299276,0.009558691114924,0.015803432546824,6.124145030975342,4.6901679039001465,5.733390808105469,5.91680383682251,6.025784969329834,0.003025763496888,0.001505845837152,0.000786494266737,0.000754732152908,0.000733584213827,0.302245789722004,0.154538529550478,0.142108700889656,0.105613180146157,0.124144475481506,145.25
1VgQhPp3sViSPNHadutZi1,0.986527264118,0.482654124498,1.25393033028,21.533864975,0.0101325018331,1728.3984375,25.5315666199,0.0720543116331,0.00406043836847,0.0484980009496,0.0062939687632,0.00892888661474,8.16488933563,1.84431970119,0.00819305982441,1343.28491211,1.21098303795,7470970.5,0.077335678041,-586.33984375,74.9451141357,23.6088829041,15.2734041214,29.7928256989,26.2899417877,12.5512723923,11.8030853271,5.51497459412,6.46451425552,1.76999688148,1.26377737522,0.294763088226,6.31551027298,0.0576323978603,0.00778816221282,10.0,2.49503827095,1.0,3.0,0.0,0.579729139805,2,0.633724093437194,0.086412586271762,0.092688970267772,0.033686313778162,0.062629580497741,19.37380504729112,11.567519317429374,9.914008883019513,6.417244820247007,7.722153793754075,0.003097554912606,0.00290293075223,0.005127157396919,0.013414207014479,0.022064225709774,6.076381206512451,5.424418449401856,5.902738094329834,5.85456132888794,5.900210380554199,0.002929277991389,0.001672992868645,0.000799155410956,0.000771796641361,0.000751421341483,0.32625300601077,0.166587739176813,0.143261751428564,0.092252597859725,0.11604356958224,144.47
0wojmtCDm6BuJj6oE3RKOK,0.975853562355,0.483694583178,1.32059895992,27.6038970947,0.00155884644482,1939.71569824,27.6367893219,0.0571523122489,0.00350178545341,0.0394541546702,0.0063024261035,0.00958479940891,8.10284137726,1.98402488232,0.00696301180869,2205.2331543,1.12332224846,5959028.5,0.0781387016177,-587.549804688,78.6520843506,10.3824205399,16.6190700531,7.61521530151,17.1715164185,7.52813243866,13.3331947327,6.2570309639,10.8011026382,5.34945011139,6.3899307251,3.49800539017,5.7108335495,0.109034270048,0.0171339567751,4.0,2.83415126801,1.0,9.0,0.0,0.550337016582,2,0.6325057148933411,0.059780552983284,0.166762053966522,0.062196351587772,0.097472243010997,16.25747944761223,10.499934444867648,10.35741041231706,6.922545154238913,7.174266527930903,8.679428471292642e-05,0.000226336911547,0.003073927172408,0.008587180319307,0.021134961577835,6.067794322967529,5.880715370178223,5.643271446228027,5.951812267303467,5.736135005950928,0.002825041127562,0.001713841091992,0.000809212573918,0.000777644391089,0.00072802454315,0.335392975459729,0.168290200309481,0.153774193568222,0.099672933993788,0.111156068444951,147.58
6jTldBZobLjpjzjGboZMX8,0.985647201538,0.488776624203,1.22265625,20.2631282806,0.00155884644482,1903.32751465,32.0763816833,0.0731792077422,0.00451987842098,0.055410977453,0.00633496465161,0.00925477780402,8.17355632782,1.70817959309,0.00821109861135,1782.25622559,1.12468576431,6450452.5,0.0721126347779999,-575.880310059,78.3409500122,18.8783817291,14.4931774139,9.98053836823,18.9199752808,14.980345726,15.7514600754,7.63015079498,9.11690235138,2.93225669861,4.71580648422,4.1649184227,4.90459823608,0.0996884703636,0.0155763244256,2.0,2.9744822979,0.0,10.0,1.0,0.5387922525409999,2,0.5803592205047601,0.085716657340526,0.152722805738449,0.066727943718433,0.135544493794441,17.166850607901775,11.2642904804731,11.78656189002795,8.129366980156771,9.096362710833493,6.631556952798822e-05,0.000200663625661,0.00346994374884,0.00958942577236,0.029360320631474,6.07313060760498,6.040531158447266,5.840683937072754,5.931363582611084,6.050068855285644,0.002959797637466,0.001489640380821,0.000802164427744,0.000762543284461,0.000746825806134,0.394569029515617,0.184822596300609,0.158698983945197,0.113867609987563,0.136279083590179,145.47
3ZkIF2DY09AJSbAJe1HPKr,0.985516309738,0.4790434837339999,1.17872047424,16.7225723267,0.00155884644482,1322.1159668,23.5689792633,0.0632450729609,0.00160522491205,0.043324586004,0.00531594315544,0.0149715077132,7.76287508011,4.13984918594,0.00765373278409,937.927124023,1.54813730717,5290779.0,0.0443974398077,-608.453430176,118.26852417,14.4747982025,19.8381290436,7.7126250267,11.8647499084,7.63365268707,13.5134468079,10.4076414108,12.6319217682,7.187520504,6.14493846893,2.37765598297,6.01317214966,0.0934579446912,0.0124610587955,1.0,2.30836701393,0.0,1.0,0.0,0.609868586063,2,0.7156524062156671,0.339968860149383,0.064847819507122,0.023235484957695,0.018246365711092,16.437017651698245,12.169552955426171,9.731324630717667,4.359150972070291,4.445514032380365,2.330165684658188e-05,0.00011077194697,0.002123956394179,0.010287762335902,0.019422679991088,6.089661121368408,6.020160675048828,5.240483283996582,4.790853500366211,4.962109088897705,0.002801956123814,0.001476281179138,0.000866213151927,0.000703764172335,0.000735600907029,0.325599772380504,0.199576617330779,0.141489791708629,0.06934521465485,0.07528277773684,142.04
0Gw099A48ACHl9eZY5Ubor,0.983011603355,0.484302461147,1.36890625954,21.7800731659,0.00311769288965,1872.84777832,27.5448169708,0.114661775529,0.00701799942181,0.0932808816433,0.00533200707287,0.0107885645702,8.19341373444,1.33625745773,0.00972623936832,1959.86047363,1.05853366852,7317262.0,0.0804777294397,-578.389831543,75.8640365601,31.6908798218,17.5781097412,14.7991752625,18.9818458557,8.9144153595,12.7042989731,8.22988414764,10.1735620499,4.80469560623,5.56167888641,4.17076587677,5.7108335495,0.147975072265,0.0186915881932,1.0,3.08807849884,1.0,5.0,0.0,0.4883877635,2,0.66509336233139,0.093123093247413,0.094446510076522,0.053186934441328,0.120420664548873,18.077010462712217,9.87777080127081,8.82854927431521,6.724149653799489,7.749343212048835,9.399029338423004e-05,0.00026185133955,0.005077364642333,0.011133642562351,0.025898344374487,6.071822643280029,5.868612766265869,5.452221393585205,5.909456253051758,5.908538818359375,0.003348530055296,0.001556430759438,0.000800572860723,0.000727771810478,0.0007335799817,0.332608921208502,0.141934965202272,0.122210916848809,0.10001292668796,0.125503444825539,150.38
7kK0AUyOgA6cOjyNIQxGvD,0.988371789455,0.487069070339,1.13497519493,20.6344203949,0.00155884644482,1966.79748535,28.150428772,0.0679226219654,0.00310805253685,0.0502277240157,0.00789895001799,0.00745283486322,8.13118553162,2.3211619854,0.0078784590587,1372.75427246,1.24901080132,6455141.0,0.0621472038329,-583.63079834,88.1740646362,17.6660499573,15.5841808319,2.60988664627,17.1176128387,17.4389972687,20.1418437958,12.0206356049,9.12218379974,5.50656318665,6.80709600449,12.4593009949,6.88659381866,0.0404984429479,0.00311526469886,10.0,2.81957983971,0.0,10.0,0.0,0.5997280478479999,2,0.69446587562561,0.063855446875095,0.154126346111297,0.046844284981489,0.056998293846845,14.414396493316437,9.302086307653123,10.500213319761391,6.265721525910101,7.233390728744315,3.265323242965076e-05,0.000216339794732,0.003493782884603,0.011500334917051,0.022814631807989,6.121513366699219,5.593544006347656,5.872791767120361,5.976512908935547,5.500778675079346,0.003990309665532,0.001521134495464,0.000774327889391,0.000766651667151,0.00079365079365,0.328892784907317,0.140579350036168,0.146473595753008,0.094196773459187,0.107348596207879,148.73
4KaAcGT9SQnMSeiVGjYveQ,0.98690700531,0.4817465543749999,0.939310312271,30.7134609222,0.00233826972544,1734.58984375,30.3141078949,0.0406585372984,0.00264564575627,0.0206877626479,0.00733107235283,0.0131821008399,7.97009706497,2.69791460037,0.00606803549454,2173.26049805,1.2965875864,5504940.5,0.0882902294397,-574.226379395,94.1498718262,5.33175086975,18.0279788971,5.56387758255,16.7247562408,0.290375173092,12.0402603149,-2.91756105423,7.12266492844,-2.65354275703,5.57402992249,2.46257686615,6.44988298416,0.0420560762286,0.00623052939773,2.0,2.46126556396,1.0,7.0,0.0,0.676084399223,3,0.534171223640441,0.336246669292449,0.20222820341587,0.037122808396816,0.016550030559301,11.077319801228548,10.406427360466974,9.652205206778628,5.7073414507381,5.6294719342531625,4.942827410980293e-05,0.000153589682123,0.002030749478953,0.007402888245806,0.014251145349339,5.998935699462891,5.839250564575195,6.056954860687256,5.947923183441162,5.82084846496582,0.002536375661375,0.001278344671201,0.000822231670445,0.000779793398841,0.000723733938019,0.225604890931706,0.154515376474842,0.130132500589453,0.081817177761235,0.087024961722102,145.91
18JYNkjVWlZON8PVIgYrYu,0.987577915192,0.490333557129,1.0571615696,24.9721088409,0.00155884644482,1750.01367188,33.4809036255,0.0698411241174,0.0039226426743,0.0467569418252,0.00872197654098,0.0122112445533,8.11895465851,2.41211509705,0.00781678408384,1828.56103516,1.30567479134,6147808.5,0.0712456777692,-572.405761719,89.4765472412,10.1219949722,11.262550354,12.1470537186,13.5527095795,11.9018173218,15.5057697296,11.0173969269,12.8646268845,7.8198018074,7.92149877548,4.17795610428,6.78581428528,0.118380062282,0.0140186911449,9.0,2.732609272,1.0,9.0,1.0,0.469587445259,2,0.511513352394104,0.096534498035907,0.241065233945846,0.053827930241823,0.115762390196323,15.34900729792228,9.506008261184077,10.990582392057483,5.420557024762365,6.047127740722302,3.636318680579076e-05,0.00023885156988,0.003084697712233,0.011707666257663,0.020844117046405,6.136011123657227,5.821896076202393,6.085402011871338,6.135975837707519,6.115549087524414,0.00284894776624,0.001457134900743,0.000803118908382,0.000754107490949,0.000749492779567,0.268256756667986,0.133499351553094,0.143071614159198,0.082557364554962,0.098033083745618,149.66
4XPfHZUzjseQrxArqumORW,0.968881309032,0.47515463829,0.82112544775,31.7637958527,0.00155884644482,1854.27905273,23.9586906433,0.0386655442417,0.00179737003054,0.0200674682856,0.0100944526494,0.00748267117888,7.87257671356,3.18115305901,0.00601892359555,1831.90026855,1.43684267998,5545555.0,0.0730477124453,-592.14831543,97.5355072021,2.81197071075,11.6719942093,6.65072631836,8.15727901459,16.5542240143,14.9754056931,4.21251249313,7.12180614471,0.419399917126,7.50032949448,1.5196543932000002,7.32330465317,0.0685358271003,0.0155763244256,5.0,1.99611032009,0.0,5.0,0.0,0.6778343915939999,2,0.490380018949508,0.116773568093776,0.312514603137969,0.059746462851762,0.035473309457302,10.368657746834716,8.186928234421515,11.410338769944948,5.729866054560496,5.88450545544499,4.2307585520802646e-05,0.000214332942426,0.001788346913203,0.00910975341559,0.016082288937757,6.075173377990723,5.685714721679688,6.063540458679199,5.567158222198486,5.845922946929932,0.003156948493683,0.001168124392614,0.000831146744412,0.000776724975704,0.000726109491415,0.206240567021619,0.124792550097282,0.154650708494331,0.082429008226089,0.08895700869146,150.02
50ybZat8m6qstV9F5xMIkJ,0.982593715191,0.4826678633689999,1.77899289131,13.4693651199,0.00155884644482,1173.89746094,24.5884647369,0.0596602186561,0.00139173772186,0.042796947062,0.0043898797594,0.0143159683794,7.7658162117,4.37513589859,0.00716936215758,732.480773926,1.65570688248,5468270.5,0.0459646582603,-616.187072754,116.107849121,12.7888479233,24.2547245026,16.7327289581,18.6415405273,9.93546199799,11.6140146255,4.46523857117,5.51322412491,1.72157371044,2.26531481743,0.260134398937,9.03655433655,0.00623052939773,0.00311526469886,0.0,2.33846402168,1.0,5.0,0.0,0.7900352478029999,4,0.66599816083908,0.228731796145439,0.120141386985778,0.013711555860936,0.009984242729842,16.42929433701656,13.01270775756982,8.256155124291851,4.239947461826844,5.888154996717325,2.56692056420112e-05,0.00012088866255,0.003189520252914,0.016303221687908,0.026322189473546,5.564423084259033,4.853677749633789,5.405196189880371,5.3396100997924805,5.240652084350586,0.002561938355589,0.001640463592844,0.000809859746367,0.000748467288149,0.000739648945998,0.300348408636819,0.169857664584693,0.106674631733989,0.056808129025853,0.068345874574192,136.52
0R5JqFqAfPRX8Nwch3hUEa,0.97565060854,0.4846449196339999,2.04390740395,17.2843341827,0.0296180825679999,1596.98449707,18.3109893799,0.0916560143232,0.00251039513387,0.0784855484962,0.0043961587362,0.00816390663385,7.834310054779999,3.24329161644,0.00883567426354,1484.15063477,1.34017431736,5871806.5,0.0730077549815,-633.942687988,92.1028060913,5.81013584137,25.8169574738,17.1512908936,20.1223106384,10.3381223679,12.6101236343,9.5509967804,11.1723423004,5.71757698059,4.10886144638,1.33836567402,5.50927495956,0.0623052977026,0.0140186911449,2.0,2.61488246918,0.0,10.0,1.0,0.561699748039,2,0.6310291886329651,0.329528987407684,0.064741589128971,0.040706783533096,0.054226882755756,13.770940177647132,6.258053207293239,5.540767726249304,3.098483914591077,3.526905730317849,0.002929129968366,0.001688848558696,0.004476172630459,0.013010945445317,0.018198125615158,5.883292675018311,5.668174743652344,5.181262969970703,4.642370223999023,4.153373718261719,0.004191799752805,0.001800628692106,0.000867127967066,0.000773992000233,0.000773213434157,0.246865856457218,0.115898626598533,0.082630108289875,0.05347596348667,0.066189415666897,140.93
4X0bCniYl6eYheGzkxx6xA,0.98685324192,0.4728884100909999,1.2922437191,13.5192937851,0.00311769288965,1678.29467773,18.968044281,0.148272573948,0.00331041030586,0.129770517349,0.00437160907313,0.010360442102,7.96233177185,1.74639475346,0.0109921181574,872.861938477,1.11297607422,6655893.0,0.0473168492317,-605.887939453,86.4658355713,33.2145423889,26.0810871124,12.9307699203,19.5615921021,11.2590284348,13.2564849854,8.32185840607,10.4521274567,9.29347038269,5.94370508194,5.77724742889,9.23811340332,0.0716510936618,0.00623052939773,5.0,2.15513777733,0.0,5.0,0.0,0.458104252815,2,0.73979502916336,0.162449866533279,0.113563932478427,0.031730376183986,0.023024136200547,13.850365876671182,6.102806623766023,4.371700284814332,3.078043045876617,3.449959971620217,9.619202514807392e-05,0.000295226986394,0.005445784578662,0.014582490465531,0.023393810623496,6.059932231903076,5.328123569488525,5.741604328155518,5.625725746154785,5.473622798919678,0.004453140874031,0.001687269890034,0.000844447695446,0.000726355058152,0.000703029120847,0.249649941734678,0.102756215026237,0.070292514167341,0.047405941385618,0.055227680134707,143.28
2KCcTrN35CpLsgjCaZpMR0,0.985631525517,0.484861344099,0.760788798332,22.802110672,0.00155884644482,2077.45825195,32.4855804443,0.0791208595037,0.00381461484358,0.0587400719523,0.0103126233444,0.00766215706244,8.09275245667,1.65393459797,0.00856789574027,1361.67687988,1.07714724541,5715488.0,0.0617658644915,-562.44329834,72.7239532471,7.18745565414,20.1669540405,17.9173469543,25.930147171,16.1413555145,16.1729125977,6.92412805557,4.57351589203,0.3563013970849999,4.45706558228,5.04136180878,7.22252511978,0.079439252615,0.00467289704829,8.0,2.38711452484,0.0,1.0,0.0,0.573686718941,2,0.5975654125213621,0.173822477459907,0.189238995313644,0.053968418389558,0.026049116626381,13.353868842280002,9.39715263291366,10.97032509092054,6.668110221264805,6.507206979639627,3.9321004361757285e-05,0.000193578779959,0.001759756480092,0.005376636705899,0.010508381583525,5.93502140045166,5.085533618927002,5.790331840515137,5.812863826751709,5.762200355529785,0.002595068224734,0.001516193004495,0.000781088277355,0.000738976194426,0.000725781601839,0.35960041076318,0.158809505857772,0.16238587080313,0.097923836844254,0.098601607334725,146.16
21DTjgUuObr4N9eDLwo18h,0.987663090229,0.478043079376,1.66799533367,8.51945781708,0.00155884644482,910.381652832,22.5549488068,0.193214640021,0.00142954394687,0.168846458197,0.00773760955781,0.0142110045999,7.54125022888,6.50849533081,0.0126878833398,356.999816895,1.99341452122,5012678.0,0.0265133287758,-616.352783203,146.217178345,7.84829807281,29.105682373,23.4010887146,26.9004650116,7.30102109909,13.3558740616,8.19974136353,6.29166507721,6.495865345,8.17107391357,6.26077985764,7.1217455864,0.0514018684626,0.010903426446,10.0,2.42530989647,1.0,10.0,1.0,0.499826043844,12,0.7993944883346551,0.122005805373191,0.0799141228199,0.007007994223386,0.007743534632027,-inf,5.717160797179367,7.128362279818059,2.690391194755318,3.815886547581904,1.283294308034225e-05,9.500000757912208e-05,0.002422158236048,0.019899365738196,0.021892809375826,6.059525012969971,5.871065139770508,5.752174377441406,5.693243026733398,5.721220970153809,0.003715892260963,0.001520947862539,0.000819255131326,0.000725707257072,0.000776664909506,0.309494625211508,0.11783383049782,0.093388048322734,0.037110846808853,0.054047785466172,137.01
7jiAvesH35sCWnFwtPJh27,0.986133873463,0.491320729256,1.2970905304,26.6905841827,0.00311769288965,1712.93200684,30.4980506897,0.0540006756783,0.00343751301989,0.0368701554835,0.00598331633955,0.0103762689978,8.02021217346,2.47123432159,0.00695563387126,1990.06872559,1.20731246471,5483184.0,0.0670250728726,-591.658447266,91.1150283813,8.92263793945,25.4722442627,19.8372745514,24.4713745117,14.3117895126,14.666097641,2.80254173279,5.67665290833,-1.83482408524,0.848640918732,-2.01258635521,6.01317214966,0.059190031141,0.00778816221282,6.0,3.34206652641,0.0,6.0,0.0,0.650655686855,2,0.506075143814086,0.152894392609596,0.158365905284881,0.093973450362682,0.119083918631076,14.913009126486504,10.746038431640544,9.667220192140975,6.13362526588805,6.693867491913672,3.951078354062741e-05,0.000199286355968,0.002894335568247,0.008456169027587,0.016411185461132,6.070468902587891,5.942919731140137,5.892719268798828,5.953423500061035,5.794801712036133,0.003315753267599,0.001574987048502,0.000816836097734,0.00076808750966,0.000728426201941,0.312720046082805,0.164462471885114,0.135964592262892,0.09395366170515,0.107877598850986,144.96
3iECsswCVixlNZFwTzgvAG,0.979705572128,0.4921375513079999,1.66201138496,9.4376373291,0.00155884644482,1547.36706543,16.7802028656,0.0950266271829999,0.00187460612506,0.0850374475121,0.00340578355826,0.00665319850668,7.90897321701,1.56358289719,0.00925708655268,569.225341797,1.17699730396,6919596.0,0.0413299836218,-625.36920166,78.4524383545,30.0613307953,29.139919281,44.8724937439,29.939037323,22.7833805084,12.7953681946,6.31035327911,7.53921413422,5.10220241547,12.4053611755,4.04638576508,6.01317214966,0.1199376955629999,0.0124610587955,6.0,2.46802639961,1.0,4.0,1.0,0.4659743309019999,2,0.9791367053985592,0.002527463017031,0.011082468554377,0.003403794951736,0.004360900260508,12.172981368316762,6.245885156121516,5.839493619182932,3.433559485188473,3.853003063243487,9.511590621909942e-06,0.000164237367827,0.004083885431244,0.012148779660403,0.016177793630266,6.149615287780762,5.907217025756836,5.732125759124756,5.389581203460693,5.370260238647461,0.003669901527044,0.001742305313733,0.000812837955695,0.000760192188763,0.000752105037819,0.304443779015251,0.120900463645167,0.075601763830918,0.046711747833354,0.057695756841258,145.38
3lLdaJjw9uN0cozyILlgUv,0.969222724438,0.4791963398459999,2.01159739494,16.7346420288,0.0116913486272,1447.76660156,27.035074234,0.0857510790229,0.00359209463932,0.0660987198353,0.00594064453617,0.0123130828142,7.92851686478,2.53269958496,0.00848469790071,1396.203125,1.34176909924,6293917.5,0.0620493963361,-594.628967285,98.1724700928,22.5462150574,18.9329071045,9.18631076813,11.0398406982,4.47405529022,9.12942409515,3.98967909813,6.00208616257,5.37450218201,4.89877414703,5.07157850266,4.26632881165,0.0809968858957,0.010903426446,0.0,2.5227355957,1.0,0.0,0.0,0.531754732132,2,0.574425876140594,0.162205457687377,0.190985575318336,0.03604956716299,0.070022329688072,15.246276832257184,9.789739347954516,10.414886593731568,6.557954847105702,7.455557226732859,8.094679028295149e-05,0.000141123226508,0.003068261534634,0.011489927638371,0.021823883705925,5.939614772796631,5.711487770080566,5.716283798217773,5.899616718292236,5.836594104766846,0.002878734495126,0.001389724548517,0.000779647848515,0.000731134419239,0.000779196140607,0.276495844255462,0.139016968735926,0.12617477237397,0.082309695934302,0.100145779520926,145.03
7ohvzXn0MDWPlOyi6enLOy,0.98412501812,0.492377489805,0.697055995464,20.0534381866,0.00389711605385,2418.16552734,29.0982074738,0.0837179273367,0.0043171076104,0.0706489831209,0.00588006200269,0.00346580008045,8.05421066284,1.63098406792,0.00862334482372,1418.65808105,0.788304150105,4739545.5,0.0585823319852,-597.69921875,69.087348938,-1.50311565399,36.4828262329,4.68323230743,35.3308906555,12.9618177414,23.7970523834,16.1824398041,19.2357311249,8.59813308716,10.750079155,5.50551176071,5.87879943848,0.1401869207619999,0.010903426446,7.0,3.12288832664,1.0,8.0,0.0,0.623806893826,2,0.795678675174713,0.020198941230773,0.087426960468292,0.08504481613636,0.019023710861802,13.537772770845354,5.866566354890573,7.142101567681223,5.567401452170014,4.886011837000126,0.0003665699041,0.000431211167632,0.002812134496248,0.005484635851721,0.012857213123028,6.08436918258667,5.631633758544922,5.222078800201416,5.476858615875244,5.438680648803711,0.003558160852993,0.002067204105841,0.000795580643604,0.000752641482124,0.000724899889033,0.232638936678562,0.08548684212844,0.100994363567079,0.083926070472793,0.075998303569351,150.52
4TLVReV7qDpybfygdlYaK8,0.988310277462,0.484533041716,1.04282522202,13.6529150009,0.00233826972544,1366.13769531,26.7420101166,0.0995558202267,0.00116034108214,0.0818205848336,0.0078004822135,0.0107067115605,7.82517528534,3.79178333282,0.00955585110933,534.872192383,1.45765995979,4648372.5,0.0332248173654,-597.046203613,119.205581665,1.7416678667099998,24.4127788544,13.8381900787,29.9651508331,8.64294433594,11.6973991394,10.0947856903,12.1915273666,5.90065717697,3.99838757515,4.30597448349,6.04676532745,0.0887850448489,0.0171339567751,10.0,2.57777428627,0.0,9.0,0.0,0.5338032841679999,2,0.8485354781150811,0.186233237385749,0.05430344119668,0.010838912799954,0.002972146263346,19.340837776123266,8.710979861013275,7.689484318367014,3.551548821804821,3.456663672613672,6.59944491278412e-05,0.000120649738062,0.001554958922294,0.009266752700668,0.017554443385148,6.224792003631592,5.790288925170898,6.041914463043213,5.864458560943604,5.793735027313232,0.004013101536911,0.001797346098933,0.000818510120097,0.000715965398505,0.000784328546233,0.330319967370841,0.137845275449932,0.115666244960213,0.053751757420914,0.055868342772406,152.32
1yrRrnCtqG2ICItTVMdXoB,0.988214552402,0.488484203815,1.08236014843,18.1492385864,0.00155884644482,1850.16625977,32.6367874146,0.0765518993139,0.0035170703195,0.0601928420365,0.00624417467043,0.00786335207522,8.10401248932,2.08008241653,0.00836858619004,1222.52392578,1.11188900471,5833488.0,0.0606709420681,-577.031921387,81.4857788086,14.4496431351,31.8414058685,18.2949886322,24.2129631042,14.5323419571,11.161690712,10.5377292633,8.19489574432,3.09958696365,2.89270353317,-1.35731899738,5.54286813736,0.0841121524572,0.00623052939773,8.0,3.02662491798,1.0,8.0,1.0,0.470299065113,4,0.738988399505615,0.066420868039131,0.100318118929862,0.058185927569866,0.048822171986103,18.55069898593587,10.602928986563738,8.021211572144075,5.622424930278783,5.6941421353211705,2.041568300669381e-05,0.00018319474205,0.003867648802631,0.010155786078593,0.020196393807809,6.144999980926514,5.973060131072998,6.027728080749512,6.079081535339355,6.107548713684082,0.003056055755635,0.001933856876083,0.000832749766573,0.00078331332533,0.000703448045885,0.35666458108149,0.151486903394052,0.11748931278855,0.080207007093258,0.085700683467708,144.91
0SGE2xVYlmzXsiJhAAQJSv,0.954343855381,0.473607897758,1.59755933285,14.0865354538,0.00233826972544,1256.41516113,19.9049110413,0.0507577247918,0.00147613696754,0.0318680219352,0.00351613783278,0.0157260987908,7.81681632996,2.53357243538,0.00676936842501,687.922424316,1.3030591011,5812482.5,0.0461431480944,-613.58203125,106.615242004,31.8818321228,28.9230861664,6.22194385529,13.9893760681,4.94410657883,7.32188177109,0.930506408215,3.40357756615,0.922302007675,6.40395879745,1.81130826473,6.41628980637,0.0825545191765,0.00934579409659,5.0,2.38662385941,1.0,5.0,0.0,0.500949919224,2,0.6816548705101011,0.217374041676521,0.114730201661586,0.032380197197198,0.009925364516675,20.956639394359243,20.46715110533995,12.52476841493009,6.590726889668428,6.2645798432943,1.4698189232228622e-05,6.716415275457317e-05,0.002126325087073,0.008774449150434,0.020811342692719,6.06352424621582,5.639553070068359,5.595413684844971,5.359455108642578,5.553286075592041,0.002646329365079,0.001292252309484,0.00089317698545,0.000761497307256,0.000745287698412,0.359933130370222,0.259086579148525,0.16727111751508,0.09404193147498,0.092152858310392,145.87
1xoQxO9jLRmA9StWTpasxN,0.980863153934,0.486685961485,1.4477596283,20.7751312256,0.0116913486272,1959.37512207,22.2135620117,0.0529473982751,0.00187572347932,0.0417094677687,0.00521514797583,0.00520589435473,7.96575784683,2.46317481995,0.00683505740017,1200.28735352,1.08211112022,4836776.0,0.0523336268961,-623.27911377,77.744972229,-0.1071173548699999,34.5518341064,22.5229282379,32.9946670532,17.0060462952,20.1164665222,13.4641218185,13.4910411835,1.29455256462,4.764960289,6.51408004761,7.82720136642,0.121495328844,0.0124610587955,9.0,2.74559092522,1.0,2.0,0.0,0.523925364017,2,0.73471850156784,0.078569926321506,0.094732351601123,0.07685712724924,0.048036087304353,13.471420568040225,6.7362131207753535,8.075339941905389,5.260341515642483,4.868792679988545,0.000103941763437,0.00039807309085,0.002612824398412,0.007965035356782,0.016560323737334,6.06578254699707,4.85071325302124,5.880506992340088,5.395999908447266,5.297584056854248,0.003653021442495,0.001842781557067,0.000756812666587,0.000735807773401,0.000758165254405,0.243469509756679,0.125958376832259,0.112814461996018,0.073875525910902,0.068676727326916,145.51
3IKMn8Edx97LKo8Eh3bbtF,0.983608305454,0.487344920635,1.17775523663,23.311000824,0.00233826972544,1804.34680176,36.6087303162,0.0887876823545,0.00170085008722,0.066709510982,0.0113040255383,0.00957137066871,7.96911144257,3.55072259903,0.00875967461616,1162.20678711,1.31525409222,4063843.25,0.0503565259278,-581.697021484,109.623588562,-23.3984375,25.9573173523,7.34911394119,27.5744934082,8.49103164673,16.7068748474,4.32135152817,12.7565689087,5.70903253555,9.1365814209,2.48282766342,6.11395168304,0.0669781938195,0.010903426446,10.0,2.91160821915,1.0,10.0,1.0,0.599379479885,3,0.857995629310607,0.024561030790209,0.107008829712867,0.011305785737931,0.003680719994008,15.188725056540894,8.436226078309224,10.797247873907745,5.323571327751595,5.106544723473088,7.779770034442594e-05,0.000189999730519,0.001492353994364,0.007524036679185,0.017393450119668,6.162791728973389,5.04842472076416,5.261000156402588,5.469400405883789,4.768925666809082,0.003603738835127,0.001534178616673,0.00077502049333,0.000756496651868,0.000756458346578,0.359214222596459,0.142667666780113,0.153073025374718,0.072121313596741,0.077079245193929,154.43
28wC4Ori0HB7EvS9086jdI,0.987257361412,0.479626059532,1.16461265087,22.0472106934,0.00233826972544,1552.46154785,30.3187847137,0.0616501569748,0.00145198707469,0.0400555804372,0.00895774178207,0.0131440833211,7.8190984726,3.53071069717,0.00755733763799,1142.61938477,1.40318524837,4418528.5,0.0567563213408,-583.347351074,113.574859619,-3.83565783501,19.0334186554,4.54675912857,15.4734039307,9.3066444397,15.5736341476,10.8030014038,14.5406990051,5.72475147247,1.49711155891,-2.61980557442,6.58425521851,0.0934579446912,0.0186915881932,6.0,2.16199994087,0.0,10.0,0.0,0.416288018227,2,0.7786314487457271,0.044696450233459,0.163394227623939,0.017907844856381,0.004680691286921,15.238880743035097,10.5033535593107,12.03598382168707,5.779562544914025,5.311440320487001,4.22019649514948e-05,0.000106241085502,0.001010234952435,0.005885482675842,0.012475213784945,6.089692115783691,4.239416599273682,5.802214622497559,5.328382015228272,5.56907844543457,0.002537202380952,0.001316774771924,0.000864842060855,0.000747244634287,0.000754187980101,0.297773117697994,0.154637443685848,0.163103594688089,0.081841617327107,0.07830234210944,148.6
3LXOU2b4ER2SFasfFH4Bwo,0.985148072243,0.487543016672,1.42058706284,14.8685359955,0.00467653945088,1556.66235352,22.9321899414,0.0730284899473,0.00295531586744,0.0586061887443,0.0042805429548,0.00844182819128,7.83164691925,2.94584226608,0.00805733166635,1277.30517578,1.33588969707,6588474.5,0.0787472426891,-614.600646973,100.169830322,29.395450592,25.5647983551,18.5207672119,17.9717483521,7.38668680191,17.2839756012,5.08835315704,10.9096803665,1.94805896282,5.64846658707,2.43498730659,6.95378017426,0.0981308445334,0.00778816221282,0.0,2.78158950806,1.0,0.0,0.0,0.56230700016,2,0.937192738056182,0.034325469285249,0.021294306963682,0.010375482961535,0.010594440624117,12.921643927329484,7.560163698284152,7.6181973341505795,4.927142052439675,5.894626727726188,1.6942307303887603e-05,0.000136883775053,0.003643852015559,0.011320986317306,0.016473580485099,6.186404228210449,4.700169086456299,5.624034404754639,5.452489376068115,5.118693351745605,0.003024032845461,0.001538514395657,0.000846217274788,0.000784546141688,0.000741771456057,0.375106558786684,0.162163528437392,0.122622154306194,0.083786802055935,0.108396095760073,148.99
6BJd3GzivXB7laiKxhi9gT,0.980384111404,0.486322999001,1.67911219597,21.3742580414,0.0101325018331,1832.08728027,28.3530788422,0.0719969123602,0.00353511748835,0.0536147095263,0.00646201753989,0.00982303638011,8.03883934021,2.10420751572,0.00801102537662,1518.87158203,1.12134313583,5771715.5,0.0632360354066,-588.444152832,84.8408279419,16.2628917694,28.335319519,11.4218101501,20.2311306,6.61481428146,8.50696659088,2.79094433784,5.45645904541,2.0350382328,6.85889482498,1.47963988781,6.51706933975,0.127725854516,0.0140186911449,4.0,3.09394097328,1.0,9.0,0.0,0.546728610992,2,0.708725452423095,0.065200060606002,0.165300026535987,0.05224223062396,0.029257411137223,16.39260972391891,10.20973829364884,9.488305779409409,6.4196298635014974,6.943972795139005,0.000196789614521,0.000225479316905,0.003292031615741,0.008522432178059,0.020868869662628,5.397131443023682,5.104113578796387,4.704226016998291,4.50105094909668,4.49390983581543,0.003036470143613,0.001719404220886,0.000760865457294,0.000766723356009,0.00072297808012,0.345286367420276,0.15688913409104,0.149963197299805,0.105738519759431,0.114854877345345,147.08
2MsQ2WdOjYhwxatIVJ269Q,0.988866567612,0.486058115959,0.8700876832009999,10.4874238968,0.00155884644482,1617.79296875,27.1574440002,0.117345750332,0.00262760999613,0.10181543231,0.00680987769738,0.007891619578,7.99251699448,2.64550542831,0.0104603106156,402.834289551,1.23529422283,5668102.0,0.041110008955,-595.010009766,99.4508590698,13.745215416,25.1659393311,9.72690486908,22.6686820984,15.873884201,21.155538559,14.3150882721,19.2749671936,15.4058675766,13.7142772675,8.57929801941,6.31551027298,0.118380062282,0.0140186911449,1.0,2.67756915092,1.0,10.0,1.0,0.544040679932,2,0.905987441539764,0.10303159058094,0.041982106864452,0.012456177733838,0.002475228160619,16.53642142533161,8.281680688161494,8.304579901379233,4.606026763926951,4.79225251941001,1.2392280359674982e-05,0.00020603412157,0.003654449312723,0.012183133757023,0.022001612410556,6.184937477111816,5.929568290710449,5.705257415771484,5.15384578704834,5.59230899810791,0.004076706544686,0.001643130815544,0.000800922667917,0.000770036750332,0.000757995152083,0.335052966925786,0.124807728608962,0.107619641608149,0.064969758721759,0.070997976651342,150.3
43Bg4RP3FQ0Eab0OGfCZWI,0.986374497414,0.4872400760649999,1.78933238983,14.7487154007,0.00857365503907,1686.62280273,23.884645462,0.1102106869219999,0.00317457783967,0.0954966470599,0.00453660590574,0.00867280550301,8.20229911804,1.49380123615,0.0095823071897,931.114379883,1.12918746471,7198950.5,0.0623850673437,-591.13458252,79.7740325928,27.1066932678,19.2456684113,14.8238458633,20.6793804169,13.475979805,12.5992574692,12.4113273621,10.4611845016,6.33846855164,6.75038290024,2.7150053978,5.13975048065,0.104361370206,0.0140186911449,5.0,2.79570102692,0.0,10.0,0.0,0.579474627972,2,0.7152967453002931,0.293553829193115,0.078444138169288,0.039526417851448,0.031135624274611,16.237476367712436,8.546433394278278,6.923854799535723,4.390515970052385,4.820712460555438,0.000108943523748,0.000261319431705,0.005752960955561,0.015194153270428,0.023034727325696,6.04180383682251,5.9751081466674805,5.194558620452881,5.408829689025879,5.525606632232666,0.003794653126951,0.002035393867692,0.000829800519241,0.000760376614413,0.000740329948404,0.333482031706073,0.134228875126007,0.096844172367537,0.063188135795913,0.073529787565667,145.1
23nQpHVwCOngzy3kdMJhHR,0.976610064507,0.490079522133,1.5921648740799998,18.3925285339,0.0124707715586,1857.50219727,28.7638339996,0.091572098434,0.00295668304898,0.0730965062976,0.00989584531635,0.00753548974171,8.02562236786,2.43753051758,0.00899900961667,1113.73449707,1.31732976437,5871092.5,0.0541223436594,-589.314453125,73.5111618042,-1.4449454546,10.332950592,23.8335590363,28.3749580383,12.8157653809,17.5283222198,6.60126924515,12.1858243942,5.40743112564,3.21330285072,3.98986721039,5.94598579407,0.1074766367669999,0.0124610587955,8.0,2.99075865746,0.0,1.0,1.0,0.532187700272,2,0.7211871147155761,0.112832114100456,0.163540095090866,0.02826327830553,0.018475104123353,14.85630021686826,8.285856840695077,10.236045011867995,5.24213982823711,5.555853971421276,0.000235659716927,0.000369421771842,0.002500311830573,0.009294909674534,0.016338688721149,5.506927967071533,4.492235660552978,4.726263046264648,5.226867198944092,5.19828462600708,0.003135844646228,0.001407793660782,0.000829212742365,0.000738909366977,0.000760686065909,0.271110128148579,0.127965211858083,0.143816865094484,0.076514302337533,0.087698022932607,156.25
0bGTlCQ5GTvXzTiMGGKFOC,0.987235844135,0.485454559326,1.44594156742,16.8781661987,0.00233826972544,1456.30334473,27.9836330414,0.0786064192653,0.00190374266822,0.0624836012721,0.00509062921628,0.0103872530162,7.92408370972,3.14672493935,0.0080168703571,1043.49584961,1.32422089577,4812204.0,0.047425314784,-598.793762207,113.413337708,2.36551761627,24.1582717896,7.20106554031,16.460521698,10.2439661026,11.3223218918,8.46551132202,10.7624311447,7.08051872253,6.26316642761,2.91882419586,6.88659381866,0.079439252615,0.0140186911449,1.0,2.83594250679,1.0,10.0,0.0,0.6883541345599999,2,0.7988117337226861,0.094472698867321,0.094926424324512,0.018702957779169,0.012424702756106,15.568049785991068,9.273592260628543,8.132313388097025,4.562096337550814,4.652798809901394,2.421038710985793e-05,0.000131884011155,0.002397289811806,0.010015194751613,0.02430024955776,6.217773914337158,6.12537145614624,6.068188667297363,5.768152236938477,5.570392608642578,0.003005377826806,0.00182631611203,0.000813185634614,0.000776873812588,0.000776720598149,0.377760464310972,0.15751489998659,0.120054834803598,0.072289867962073,0.077749017937945,152.59
7tyTlvERt18LoNrXAJCxjK,0.988509953022,0.489839822054,1.1910649538,25.1667957306,0.00155884644482,1834.70532227,24.5113010406,0.0645236223936,0.0043048770166899,0.0476682186127,0.00428926199675,0.0102677810937,8.06300354004,1.62900161743,0.0073508657515,2263.88012695,1.05527019501,6402535.0,0.0795936509967,-596.949035645,77.7250442505,25.1752262115,29.2307395935,15.1284408569,24.6790275574,8.9091091156,12.8918523788,5.2112288475,11.3795070648,3.80394244194,5.28305721283,1.78034675121,5.40849542618,0.1526479721069999,0.0171339567751,5.0,3.12288856506,0.0,5.0,0.0,0.476850658655,2,0.599728822708129,0.150743618607521,0.098037764430046,0.082103349268436,0.097039557993412,17.028367483318128,12.77797662152056,8.957200328311883,7.06183844003822,7.58291774214705,2.5792623038102145e-05,0.000172367165611,0.004044661784357,0.009048740391689,0.023706144461004,6.140835285186768,6.011078834533691,5.972743034362793,6.06520414352417,5.997715473175049,0.002361694677871,0.001554658493434,0.000819981228144,0.000768317094847,0.000777952206523,0.412546799927716,0.209173336158709,0.141527590780564,0.109733660397861,0.12641870288152,150.21
1CJCZFlGKi1sA9EwZAJFuQ,0.986122727394,0.4826087951659999,1.38541221619,18.6318740845,0.00155884644482,1709.9765625,26.7318782806,0.0831538587809,0.00412940979004,0.0627515837549999,0.00693278992549,0.00998232327402,8.03847694397,1.9282323122,0.00885516498238,1335.9654541,1.16847276688,6379238.0,0.0633852258325,-586.737548828,88.368522644,24.9294376373,23.3588314056,11.6731138229,21.692949295,15.0864219666,14.9516487122,3.74772143364,5.25615978241,2.72268605232,7.968238353729999,5.489112854,6.68503475189,0.0264797508717,0.00623052939773,10.0,2.61860394478,0.0,10.0,1.0,0.612581789494,2,0.6994417309761041,0.122666396200656,0.115328751504421,0.038334615528583,0.037796732038259,13.366062914218285,9.704042425412368,9.592006884775929,6.611036572781482,7.05568739305037,3.31412002208124e-05,0.000176950306377,0.003401940096404,0.010631874575393,0.021503585980144,6.076213836669922,5.617825508117676,5.6758646965026855,5.118567943572998,5.524481296539307,0.00328286951144,0.001503582109172,0.000807256235827,0.000733539476396,0.000764213564213,0.319374817194699,0.156911988062011,0.143509146240022,0.094481105777742,0.111649276289348,146.5
7JulbcBLSBOFdc7RyeM2At,0.983317196369,0.481444031,1.51122045517,9.65582847595,0.0389711596072,1366.52685547,19.2408409119,0.160128489137,0.00172369531356,0.144117832184,0.00398042518646,0.0105014434084,7.98777961731,1.94701445103,0.0120366010815,512.583190918,1.19330883026,6576241.0,0.0341815911233,-602.962097168,93.2164535522,35.6785545349,35.1225814819,17.7443847656,22.4867954254,12.4720487595,11.9020996094,8.15836334229,10.0820093155,6.63902044296,7.15611743927,3.9695930481,5.10615730286,0.116822429001,0.0155763244256,5.0,2.76584267616,0.0,10.0,1.0,0.551011502743,2,0.7640609741210931,0.156367123126983,0.055278625339269,0.024306626990437,0.018249722197651,19.731345485346765,6.8334664822229225,6.960220396748749,3.687490084908011,3.886846672849973,6.0269440487043774e-05,0.000169131592377,0.004667535598247,0.014565893693939,0.02657384356757,6.115009784698486,6.034199714660644,5.524627685546875,5.548486232757568,5.219024181365967,0.005181953822421,0.001988998068363,0.000865218454172,0.000767350310632,0.000766760235692,0.338479624916864,0.14562037916991,0.091726400051411,0.048889159354642,0.053860304635222,144.89
314Vo5r8ippmxVzHyC0Qk9,0.984313070774,0.478027492762,1.22050988674,23.7485332489,0.00155884644482,1527.04443359,26.7669525146,0.0540749616921,0.00269677769393,0.0324462167919,0.00886184535921,0.0109499758109,7.89283323288,3.60818719864,0.00702592683956,1645.70288086,1.53604698181,5766855.5,0.0706694796681,-587.114807129,107.244750977,5.36753034592,9.58601474762,9.35700321198,14.8823471069,7.40297698975,10.3302927017,4.18286514282,8.97022628784,5.98474788666,7.21944665909,4.41089820862,5.87879943848,0.0389408096671,0.00934579409659,9.0,2.3172352314,1.0,2.0,0.0,0.77604085207,2,0.6947164535522461,0.049008086323738,0.209657058119773,0.034136623144149,0.021447286009788,16.938350425728725,11.454724970336422,12.718175304719152,6.201879848826028,7.45474628003815,3.053923858866456e-05,0.000135519763814,0.002068906478579,0.010988564963382,0.028146045194453,6.052388191223144,5.386106491088867,5.846356391906738,5.5920586585998535,5.655191898345947,0.003389662743404,0.001295126516214,0.000816236547529,0.0007644962747,0.000723374005686,0.288908557887648,0.161324041421891,0.170086094424571,0.091373104074494,0.114958434422531,144.64
3jdBObXjewlBc2KamxEHAM,0.986795067787,0.483342915773,1.21309924126,22.6490516663,0.00233826972544,1864.30859375,35.0179252625,0.0694013014436,0.00205994467251,0.0528146475554,0.00703395996243,0.00884556863457,8.02008247375,3.03147745132,0.0076913558878,1372.19775391,1.30796074867,5259366.5,0.0668793097138,-574.611999512,95.152557373,4.22149944305,25.2302837372,5.39150333405,8.31462097168,10.9998369217,8.72216033936,9.09661006927,8.91398715973,4.29536008835,4.12134695053,2.3144762516,4.43429470062,0.0856697782874,0.00778816221282,8.0,2.44040226936,0.0,8.0,1.0,0.605300605297,6,0.555039942264556,0.324075579643249,0.18794298171997,0.040776427835226,0.011917822994291,13.516423933059906,8.011166337538638,8.765349805970782,5.051930778007978,4.938864518786269,6.592598976770946e-05,0.000175006527775,0.002387770282263,0.00871489952021,0.018170936435089,6.001513957977295,5.935913562774658,5.83093786239624,5.805123329162598,5.874800682067871,0.003192539310806,0.001545109847217,0.000838444667484,0.000722370915579,0.000718467714954,0.350995127869557,0.143887825059545,0.120293454315181,0.071485681345625,0.074225502248987,138.2
3kEXHrfyBU24d1tNpCLevG,0.982334315777,0.4645552337169999,1.16054415703,24.2617225647,0.00155884644482,1589.63916016,23.0849571228,0.067365758121,0.00316366669722,0.0473961420357,0.00895768776536,0.00940100289881,7.71595716476,2.89517736435,0.00768574513495,2011.78857422,1.36065173149,5541191.0,0.0663971155882,-601.553405762,93.9757766724,7.45145368576,14.346824646,3.97149085999,10.1146039963,12.7214889526,23.1961460114,14.4331579208,14.2126178741,5.11143302917,-0.328610390425,-3.50253391266,6.98737287521,0.138629287481,0.00934579409659,8.0,1.83239459991,0.0,1.0,0.0,0.632215201855,2,0.569352447986602,0.083278506994247,0.283788830041885,0.040862340480089,0.057835560292005,13.026045118823026,8.38299874685773,12.582106135258153,7.053610865739986,7.853791859744991,0.000102130997662,0.000201133584406,0.001911352549221,0.008163214901957,0.016756394358579,5.888021945953369,5.780220031738281,5.869178295135498,5.206783771514893,5.277119636535644,0.002575424221733,0.001201898355376,0.000825430543964,0.000747877837628,0.000761786746916,0.357432734598704,0.160661490855619,0.17144036609592,0.10102715711102,0.118413033640137,138.79
7ndGXaqSZoufkQ2LGo2Xs5,0.976638674736,0.486533105373,1.44476735592,17.9798488617,0.00701480917633,1701.14343262,27.0101318359,0.1076229661699999,0.00308713153936,0.0892748013139,0.0061409114859999,0.00992897432297,8.01074886322,2.10561323166,0.00956249050796,1051.45227051,1.19051146507,5849324.5,0.0559350326657,-588.660705566,84.8923110962,17.2717723846,23.8743858337,17.4414367676,16.8569545746,12.3764648438,18.976272583,9.18956565857,8.97844600677,3.80093955994,5.04339170456,0.858270347118,8.80140304565,0.0763239860535,0.0140186911449,5.0,2.94144248962,0.0,5.0,0.0,0.771038889885,4,0.649121403694152,0.317633658647537,0.116120547056198,0.02705262415111,0.014845536090433,14.815090668434271,8.052398235410617,6.7609563172673255,3.896241004944172,4.069378664667607,0.000128919646549,0.000277498137055,0.003662667515652,0.011402592313821,0.020343668581731,5.588960647583008,4.949712753295898,4.934004783630371,5.211963653564453,5.394032955169678,0.0034540742704,0.002091836734693,0.000846806254969,0.000744397326029,0.000719660158435,0.312456875680967,0.13177060193917,0.108096294653061,0.069462884025114,0.079069412300284,160.5
1BNl5rJsiK0d9uVfOI8zmz,0.988526701927,0.4801347851749999,1.92882204056,13.3725748062,0.00155884644482,1352.39501953,19.6539363861,0.0730339437723,0.00260421773419,0.0576232224703,0.00405194377527,0.009979323484,8.00933837891,2.08437561989,0.00790969002992,866.313049316,1.32348775864,7227119.0,0.0552884340286,-619.764526367,98.1498260498,33.0919494629,10.319521904,11.6000204086,22.4393844604,10.5525941849,13.5168638229,9.0660982132,10.9848117828,5.04205703735,8.80520820618,8.78956222534,7.86079454422,0.0965732112527,0.00934579409659,5.0,2.43991279602,0.0,5.0,0.0,0.517286837101,2,0.797891914844512,0.155743598937988,0.068017207086086,0.024214034900069,0.030794695019721,15.40617176144523,9.701399280135044,7.607439743049333,4.360977670508305,5.456224301689553,3.121670263784504e-05,0.000180918538794,0.004640515104304,0.017845771594872,0.033670801323869,6.121665954589844,5.963638305664063,5.715999603271484,5.9378180503845215,5.99974536895752,0.004053474869801,0.001757411145166,0.000826754059287,0.000735058013473,0.000819305824519,0.337647140416694,0.165603560671,0.11462997066816,0.072191640641394,0.09281484860816,143.33
6rlVqkDc3UI3kCq6CEx0oP,0.988304316998,0.493514657021,1.48020279408,33.2916107178,0.00155884644482,2408.17260742,24.118473053,0.0371934324503,0.00307950843126,0.024120375514,0.00561023876071,0.00581560283899,8.09630298615,2.61707854271,0.00569018162787,2634.62402344,1.13061118126,5646145.0,0.0885322764516,-614.952697754,65.6134796143,-1.04764699936,29.7302761078,15.0731992722,18.6424789429,11.8576955795,17.1968250275,11.164973259,13.1223649979,2.56525301933,3.01280975342,7.03510522842,9.33889293671,0.0825545191765,0.0155763244256,0.0,2.82807135582,1.0,0.0,0.0,0.437355041504,2,0.736006021499633,0.175298795104026,0.089353688061237,0.059241171926259,0.039568312466144,20.765754151790063,11.390843215556243,11.89908079981639,9.231235896479424,9.232271929982126,3.819284329529367e-05,0.000320297304871,0.003604848886612,0.008039298256912,0.020199643959514,5.571483135223389,4.720299243927002,5.320746421813965,5.405679702758789,5.217768669128418,0.003184343611442,0.002182948780886,0.000792404017735,0.000723597571903,0.000752818882421,0.376643888967137,0.188060116879816,0.175119160148366,0.129128226284549,0.151215131468896,148.1
7sicyHXaIyhvIlpvAo7nDV,0.962550640106,0.488477736712,1.36054420471,28.9293804169,0.00701480917633,2133.04003906,29.6554946899,0.06495693326,0.00301071442664,0.0458851121366,0.0077021853067,0.0082869976759,8.07025909424,2.17503523827,0.00755762308836,1816.91113281,1.03734493256,4996414.5,0.0657508969307,-591.804992676,75.2409057617,0.928767085075,28.6683578491,3.94597291946,26.1825637817,14.3705415726,16.5222911835,7.99747467041,5.23757123947,5.47171211243,10.5923490524,4.35531282425,5.67724084854,0.127725854516,0.00778816221282,10.0,3.31657767296,0.0,10.0,0.0,0.592461884022,2,0.5324268341064451,0.064492873847484,0.219192057847976,0.126649811863899,0.068019606173038,14.946810720666452,8.437744691325776,9.964975644175102,6.170402913761574,5.731423053059797,0.000614796698588,0.000497999748125,0.002290676071324,0.006665184528765,0.015957490759432,6.048301696777344,5.759143829345703,5.897497177124023,5.902831554412842,5.8628458976745605,0.004032179035768,0.001631969370662,0.00081231819327,0.000720011910488,0.000685311161501,0.346839834420019,0.168904208296877,0.166080433997749,0.100468122524228,0.096712033187093,150.56
23x0xNhlWttRgsLreqlkU8,0.987489044666,0.481456696987,1.66310787201,14.1848649979,0.00623538577929,1215.62963867,19.9173812866,0.1065995022649999,0.00125590246171,0.0924521014094,0.00602810690179,0.00733331823722,7.64457941055,5.58865308762,0.00944008026272,791.780944824,1.71861410141,4651125.5,0.0372482873499,-641.129882812,122.698524475,3.83813142776,16.4155979156,17.0039100647,25.5030441284,14.7053365707,20.5450839996,8.51952552795,13.2021903992,6.10774326324,4.82697725296,5.65205907822,6.75222110748,0.176012456417,0.0186915881932,4.0,2.78909611702,0.0,11.0,1.0,0.623686671257,2,0.926821768283844,0.009884946048259,0.044518426060676,0.011497346684336,0.007483341265469,11.060743255936003,5.858974251512566,6.1542005277800325,3.105763801972216,3.394923067125559,0.000134937907444,0.000150697238859,0.002142447394646,0.011765878337416,0.020739878488602,6.085377693176269,3.436619043350219,4.157087326049805,3.343986511230468,2.193490505218506,0.003995839805738,0.001993152816682,0.000873908618565,0.000768028996375,0.00074074074074,0.325507892368591,0.124994274048085,0.103802691748677,0.054597462214098,0.055961325492109,147.27
5E1DDT2g1WfwXqhXCjYL5C,0.989047765732,0.485592216253,1.92448627949,8.14210414886,0.00233826972544,1417.07824707,16.5759944916,0.107147239149,0.00280468934216,0.0944132581353,0.00401282310486,0.0075248228386,7.76656341553,3.53898525238,0.00985409412533,524.702331543,1.45482718945,6814494.0,0.0385814495385,-648.446289062,100.641685486,37.4403457642,31.2507247925,24.0768089294,26.3346138,20.0548343658,19.7068557739,6.3773059845,10.9154987335,3.56483912468,10.3081979752,5.56592845917,8.93577480316,0.0965732112527,0.010903426446,0.0,2.91349720955,1.0,5.0,0.0,0.482134461403,2,0.9106180071830752,0.116474956274032,0.017380561679601,0.009416447021067,0.006978553719818,17.814734042740138,6.89499019823084,7.860840024876209,3.910939900285456,5.496794515484237,3.8955096198657807e-05,0.000193994559498,0.006369841152159,0.019305049437637,0.02501079819469,6.223567485809326,5.218506336212158,5.711560726165772,5.493649482727051,5.51206636428833,0.004213825626869,0.002633589667751,0.000892487429754,0.000776972624798,0.000777712051003,0.323569798740049,0.128674401754458,0.106480105358856,0.065761948521766,0.093833819638022,153.77
17LznAjNFzuq1QcL1wd714,0.986855745316,0.490139335394,0.830554008484,35.8520965576,0.00155884644482,2282.6887207,40.5237731934,0.0570285879076,0.00516621256247,0.0370664037764,0.00860615540296,0.00733099319041,8.15206432343,2.65406441689,0.00726139219478,2761.81274414,1.20177590847,5448563.5,0.0909405723214,-563.853759766,78.0264358521,-0.908243298531,22.1865215302,9.25611877441,12.748251915,7.90773582458,9.74389457703,9.08436393738,11.6177997589,6.344851017,8.52799129486,7.52315759659,6.24832391739,0.0934579446912,0.010903426446,1.0,2.98515105247,0.0,1.0,0.0,0.5970757007599999,2,0.375002801418304,0.062413424253463,0.284273356199264,0.154318362474441,0.139077574014663,16.257722348219392,10.092835580694716,12.243865859265735,8.800043353641986,9.244124355357725,7.47804167952728e-05,0.000293051441444,0.002939442337096,0.008126306350856,0.023799317260647,6.051009178161621,6.001467704772949,6.084061145782471,6.018581867218018,5.961479663848877,0.00295784727072,0.001549451212677,0.000798996404645,0.000746488709552,0.000730451876568,0.369403066340956,0.169037939330595,0.181186035648571,0.134888057604268,0.15214798764467,147.9
