id,dark_minimal_techno,psytrance,progressive_house,dubstep
2bMtLaH4db71DRCehgQRpM,1,0,0,0
0LW8C8q5FlRyCzVSIsgpEy,1,0,0,0
67pnVxbNseV8y9yRHPfSkX,1,0,0,0
2LY3MPftu5NPiJUXWho89p,1,0,0,0
3tJmX55nNsaUf4JxJe85jb,1,0,0,0
1IeNrMIkxHNBE7wIK8msRL,1,0,0,0
1iYehXZDiTNC5G7CHcELqw,1,0,0,0
1zGGH6DQDHxQzN2ZOzuC1h,1,0,0,0
18Xe3rPbwlQC1kJvlnVDgU,1,0,0,0
4SMxEgwvzRg4bsqOm7XqIP,1,0,0,0
2lqqUo5WZFYeI2mZ8eqMBJ,1,0,0,0
1bvRzsjWtODE5Hr7zOZiyQ,1,0,0,0
5ZZmGcLDlMRRnbRmnmPfeK,1,0,0,0
4Th9QArwyUU6Hize7TrINo,1,0,0,0
055Ocpz2DtJnITsJeuG4qA,1,0,0,0
3B2M73SSSa4zOp5Q4yMLId,1,0,0,0
121Z0PVwbCi1ttADIZGtXE,1,0,0,0
4UaD7nbg99b9uk5HNy3u0n,1,0,0,0
5NXzcpRZ0mcsP0PkoXFMAL,1,0,0,0
4WvbyjOUbWwA83LovH6UD2,1,0,0,0
0cSQsZI4D1fWljzOsvWKb1,1,0,0,0
1M15n911EXfxMYQqoTgamP,1,0,0,0
6P998uCzdgOlir992aluHr,1,0,0,0
2HThtj1wOf6Y8kSKnmEGUt,1,0,0,0
0XNOhKyKf4beDRa76JOliU,1,0,0,0
5o0XZgKOQTPa5OVw4qnkKD,1,0,0,0
34OstaM8VSCeGj32xds0T3,1,0,0,0
5WAVXJyoNmMa9oF5wcCvGk,1,0,0,0
26mJlExtBQ6SORkqqXnCJ7,1,0,0,0
0jbXUyujezKC4S002Mq0DF,1,0,0,0
3z7caJ4xPpZYqncXh358Ti,1,0,0,0
1uDnDm4Y6llq27jBNlVPYe,1,0,0,0
4rSwTQ5Rvm7YY48UwAC54A,1,0,0,0
3uVnQLoRyVSAorU5BAlWZk,1,0,0,0
1WJnhw6dUVE3Zub8Izaenx,1,0,0,0
32HSs5EpHxo8G11gOLGZ2Z,1,0,0,0
1iMkSi75J8uPXm5ITvaLiJ,1,0,0,0
3IAh8Fy7LStAmDy6vCc9Nq,1,0,0,0
68rD3W0GlqsVBlN492uyCs,1,0,0,0
1pY30830dQrG3PU7bpayAJ,1,0,0,0
760zKApyoy152W6wVWuImK,1,0,0,0
32LsS1HbZoyz9knf1KHeaX,1,0,0,0
0lplvdaohTDhD2LrLSBRC0,1,0,0,0
1OXqhQFx9qTA9xNklRaryl,1,0,0,0
7qJIds4hmoRXWVLcl2F5zL,1,0,0,0
1c9HFf5vIloSchg77Y5ga0,1,0,0,0
6VWRPMddXK4OuZB06tyEJH,1,0,0,0
0yH9jNX3f4tVjUzY9hpE5M,1,0,0,0
7CzyzdLELMhMpreL6hP7my,1,0,0,0
0asznFAlcSlmxJ65vg3IDP,1,0,0,0
16doRRJij0yZWLH2CO1m3P,1,0,0,0
1WRTucYUB4pppUUHRUPdhj,1,0,0,0
3tXJuuEA3qfnpRbqxzNPwP,1,0,0,0
37GkMOHYy4cugW0qxZXv2C,1,0,0,0
1X4wPrZnDxGRzYbiMKBES2,1,0,0,0
2HTMq63VsMlXM2BPFl93xF,1,0,0,0
6QdEGnRzUyfJGTBfs3JpyH,1,0,0,0
1csAwVW9j9a7TmCtpCJlWS,1,0,0,0
5mWgpskf65Mb8FNELYzp2c,1,0,0,0
2X7aPUnTDTEVrTPQwzWFMg,1,0,0,0
3V9eR9Tca5IJltGzI21e0V,1,0,0,0
30pYGCVaVWLhhxdn9bzGIW,1,0,0,0
0Rb2tmcux5uyQPe9trmA5H,1,0,0,0
2SwzbUkj83WuFMlYSOJCCF,1,0,0,0
6H5UAoprJFpD0N2IFULx6T,1,0,0,0
1NL97aiHIuuGX3M51gKw43,1,0,0,0
0kARYOLouIWaLR5AybrVtB,1,0,0,0
5EQdnbH3F2Tu8XUsFjfjT5,1,0,0,0
0JC0aJFMZHmZXr504eJbtu,1,0,0,0
6B1PdbgIfZalUXhNQZGjJv,1,0,0,0
1vwvqyeCbpRzFpn5N2fH9s,1,0,0,0
60tv8mGNLZ7qR6dZS96E6M,1,0,0,0
73ryUGz6rWqrHpY9XwB13m,1,0,0,0
1r5VN1KuzaMAY3sQss6NJd,1,0,0,0
2EKGj9ezOiQtkraRnb2SNE,1,0,0,0
6DbVtbnrGBeGcDl9sMKGIz,1,0,0,0
33vvU1hbmBscPl2RPIWoV1,1,0,0,0
1BbSjhxgxuHTEMCqo4SNs6,1,0,0,0
4upiwXelXOsjqOiwePeQo5,1,0,0,0
3gGi4lT5V1AxKFJOeYLB3f,1,0,0,0
3jRP3OmtZvVowM5TW2tA3y,1,0,0,0
5Wy62ax0Ux4LpMYCDjVYfb,1,0,0,0
4EdUh0RkmeLiFVR6giiT8B,1,0,0,0
395UHpdZ8FI3SZaumUK0rf,1,0,0,0
3NNHGIp4e2ieNSe5UUfu31,1,0,0,0
34hPRSsSe23bW8HuRvhV6o,1,0,0,0
5CWL7Tb1H8MipMvIIueYN8,1,0,0,0
2XTNGyCEWm18ByNhRv1M5E,1,0,0,0
5pdqyuhJlSJ3Xyqvtb6LKO,1,0,0,0
0Y9n7KowWgGGbPbb21EJhz,1,0,0,0
3agUMX9SnNz5TikhqVWtmc,1,0,0,0
2Nc98452QQLX2jCyEANTcq,1,0,0,0
6M0MNxXhTyZxZoNbA8nCV8,1,0,0,0
1cbgYjPfpCumwVZmnyQYA4,1,0,0,0
7jSR70ipGWc99hDUthfPKw,1,0,0,0
5ZzPlvpztx9Rs5XmuM8CYX,1,0,0,0
2s5lhebVmIN8olcxAp2iYK,1,0,0,0
0NBgcxt9ThotAmrpPMgmib,1,0,0,0
0zQ8X26ETd7E5nQiLCPTNc,1,0,0,0
2pAoNI4sDlaclqJDXr9k6n,1,0,0,0
2lQQLdheDDmiaK31xDsU5j,1,0,0,0
0AfmcVVjieguLognhIGfV6,1,0,0,0
0kNbatMboaGdyVNdLDzKYe,1,0,0,0
7vD7CYZCshI0NCfglmhSI9,1,0,0,0
4mULBhcIhcdNj2G1w29nNK,1,0,0,0
6ndhlCOg16FaXH8Qvjim3A,1,0,0,0
4Hzom5THloeI23mTp9RCQG,1,0,0,0
3EAMJnZrEy5fGWfO4MHfNE,1,0,0,0
2tvAdk3k2pIybrQ4Q0Mk3B,1,0,0,0
2pN3FbOGkaABSNB1Hx3iHi,1,0,0,0
6aChdjkMGDQ8lT9jWPWvcg,1,0,0,0
1H4DFShD8IiXfh1pukdqpn,1,0,0,0
7BrKETGyNkNyTwQBpkQ9mS,1,0,0,0
1iF2ReDhumEKECIflIPldG,1,0,0,0
0BD8f3imZnmvqkW1G8q5IF,1,0,0,0
7u45mq84PlVQA0cPEUNoB8,1,0,0,0
1vSkdTdt3uVcEqwhucLJH4,1,0,0,0
4Su7nAAeeHpFbp1XiN84VQ,1,0,0,0
0IebyBOIsEHLO8H7gjPUm8,1,0,0,0
5iVhQDLR6jlKcFf4lLNuxv,1,0,0,0
5L0XAiu7PREKPrWH5zOOYa,1,0,0,0
3ejeLEEpv76XS43QwPWxjP,1,0,0,0
6PMusPYjNP8L9NUQBfLgvj,1,0,0,0
6ZFALWePDHA7DAdy0tfsjb,1,0,0,0
0B70uWauC9BvZGxujV3NGm,1,0,0,0
1d3ZDOCe0ISPePx4RLN1tn,1,0,0,0
1Rhud8MJzcWpEol6kWj294,1,0,0,0
5xg6nZSiIzJ1EYYRjVJVJC,1,0,0,0
0IKYT8amYcVFyzEmay2P6o,1,0,0,0
3nGg1PiO9JgIv3dBeCjPMJ,1,0,0,0
2f9Vh3MChiPGIy3X2laWrD,1,0,0,0
2xJXwZfvIWKskygKw9guia,1,0,0,0
51DQJOJT0MhoVf1i6QlyTj,1,0,0,0
6lo33w3LTeqv5XPNoce8FW,1,0,0,0
5DVRRL5AOtwDLhmJXSYiN5,1,0,0,0
7CWJdVH7PvHFQL41PnqoL0,1,0,0,0
4SVIMu13Nii6XS8Ph7IJjH,1,0,0,0
3ZiNXEoFB5VGGMyFHl4Z2j,1,0,0,0
4Mb654rPIeVh9MceWdoFDV,1,0,0,0
0tAXFWilrFwsmISKkelYPx,1,0,0,0
0GAq2xrV81lDigwQUWxicv,1,0,0,0
3DhTxEd2h2Dn5g0iLaXOfI,1,0,0,0
6zVo6SwpIVuSgCPTsGogL8,1,0,0,0
1k97usgXFdZdw1cpduvgts,1,0,0,0
6w8sGtYeqeXWyw1HYk9oUM,1,0,0,0
41cAfsNV2ggsQpG8OG62DX,1,0,0,0
5caw4nIjOTg6tWycHTTTsW,1,0,0,0
3JTgL5wQL6y1fqEP3m31Kk,1,0,0,0
1kGB2P7jlmMCQg5BfiIQf8,1,0,0,0
1MgXHiNj7wdZk0ci3uYTfY,1,0,0,0
5DDlINdn4uTVADIRRzllY7,1,0,0,0
7Jqmv67vdoz4if3TP3DaZA,1,0,0,0
4ON4YgwesZVvP1fiI6qFhf,1,0,0,0
6WwjSBtTWmd5iuhmhzXooh,1,0,0,0
3p7inN5GDZ8jQqtaFbfjHn,1,0,0,0
1Knptk6gGdWCajEOvVGWo8,1,0,0,0
09hWjJ9jH1GlFrDubBFZho,1,0,0,0
5pIKLHkVtOD2huKpOKTh3b,1,0,0,0
1LFL3V83HurEjhh3WcNnkC,1,0,0,0
3c0q7c2pNN8mkZqHf5o6j8,1,0,0,0
3OspXvDqPtEquLhBBBF18Q,1,0,0,0
6kqQUyWFp9RrCFm16oaNtQ,1,0,0,0
3fY0G366ll0DvEkj12BgAr,1,0,0,0
7dZftIatrTBWKM3UPpzKQD,1,0,0,0
55ny6DrX3NaCDBKnbJEsW3,1,0,0,0
41CfLHETwquE2iRybXdwbj,1,0,0,0
0fluPtzri0v8nlgrFRbQRt,1,0,0,0
4kl9Hy9ZrQmOYR4SIAyGwK,1,0,0,0
1Wsi5Q0AZryPOqQpxgrtSp,1,0,0,0
0Omgla0Q8Uoo60PH9frScB,1,0,0,0
374AbucF3KAFT6p08ZeLuU,1,0,0,0
4fF1bmmBFceuzw5X8V9Exu,1,0,0,0
25vNOGKx09RHm9emgcgfah,1,0,0,0
3jdl0K7JU29dbgm8VWCn4D,1,0,0,0
3tgo8vrickENhGWTIFtzn8,1,0,0,0
2mJzakKuIJKXiy4ehkty8j,1,0,0,0
5MOynXle6DYnR3mO8Hf24G,1,0,0,0
3GZ1tYXnLEfewMQ8ZxcWgg,1,0,0,0
4Ys1wreWOMTBvtueGbpFAF,1,0,0,0
6uEoVlcoKQWfS4OV0Np41Y,1,0,0,0
2iDLOhwqpcmsWIWF0UiVxj,1,0,0,0
6St0MB8m4s6p7HDWMdxp3o,1,0,0,0
5oBRjdRLUCkVWQ1vHxXsEU,1,0,0,0
5DqXK6RRRMJhJDaOtjqdY3,1,0,0,0
2GUvi2bADgxYjjTniWjNuG,1,0,0,0
0Rr90urpCN8QT99sDHE3cK,1,0,0,0
0ekbKR9YEbNNZoD157LP8c,1,0,0,0
31fHyB2Granyqy1rstDGrG,1,0,0,0
3YhUyqGyctJFyQ3GnLJi8E,1,0,0,0
3Q5qCLJ8pqjq2GJTs02ROy,1,0,0,0
23XzYfFND2MGB5bdgccV3b,1,0,0,0
0waVO7gdptk04Kdczlk0Eg,1,0,0,0
4rt5exixyVvfjMHvAVXMp7,1,0,0,0
5jVMqwFlVDX6gu0kbmxiKf,1,0,0,0
1JdTO4hTGg96ZgjHi3Ntmi,1,0,0,0
2A7xXsWXa3RKhiYe3ls2RM,1,0,0,0
0QBeI2LqicwDv17kiicfkS,1,0,0,0
2tgdXFSkV6RxLTaW6dA5s5,1,0,0,0
1O16kYfO81HxvyTfzZ7NOZ,1,0,0,0
6FKyW2m6hbhp7AugXg2kyE,1,0,0,0
0eod1mkKiF6l5zI4kroh71,1,0,0,0
3SDoF5uUqjgCPM7RKMKTuD,1,0,0,0
4k1GpcKJy39kYc5OXXcTGS,1,0,0,0
2A0GoGbLqH4dZZRWPbS4Oa,1,0,0,0
7HkbBLPZTjuBBUMn6diEC1,1,0,0,0
3i1fvJWWflNTDTiVKLrden,1,0,0,0
2cz7BcHC2h6J7uAN5heiFN,1,0,0,0
3ugjmBLDLUAXfxpxrA4qYy,1,0,0,0
2i9XRJECQDWm13lswC0s23,1,0,0,0
7ungiwVTtUGS2QeZsCAklB,1,0,0,0
1D1ddjWa04LqjNcmF3kRTs,1,0,0,0
6Y9tAwzEYimIzy78HZkBG5,1,0,0,0
7p1bX9lFV94Dxcvy2nmx5G,1,0,0,0
2tf7nGf5NNNjty3DDFquVi,1,0,0,0
1jv4Jy9VVQ9zqWg4mbo03z,1,0,0,0
1lZcDLmkvjsPuF233DURFJ,1,0,0,0
5teRdqxYMMFknnhOjA7TDj,1,0,0,0
453iVsEUk66dW5KA7nhDwc,1,0,0,0
0ETN6XwaYNwGXpSAntENXb,1,0,0,0
4lpQYFEdZXqlXXJufbZZhQ,1,0,0,0
5IsoutBMwsXMtky4lN27YU,1,0,0,0
4JWIWhBnSWBfplqENxYVV2,1,0,0,0
3lf7aWY11RLzX6VgcjVcEG,1,0,0,0
4VDIFuDAX3X88UFDCyj9rb,1,0,0,0
761wRkll8YPAG2gdYgnvWc,1,0,0,0
0BLFRyObsfGLZzY8zNyKbn,1,0,0,0
4qXKXtzM5AMP9TiDO20lQs,1,0,0,0
2IMA2Ur2h1ICVIxSX5xdSZ,1,0,0,0
0kR1IG8hWe35jFe8Z2puBk,1,0,0,0
7mKb0CWAjsYk4LtmYXi167,1,0,0,0
2X46gApsCkFo5X8zeBdsiu,1,0,0,0
53nLtZppsUZYC7HWsMYsc9,1,0,0,0
1WUoLp8Jn4suu08e6xMEEE,1,0,0,0
2mC3EfME8lCfiEP6LXqtNR,1,0,0,0
6XbV6sAWf1DOBPg8ulZ4eg,1,0,0,0
43A50W2jtk3ObFsbbdRTH2,1,0,0,0
63FcO58a99Xt58UhrmCbAE,1,0,0,0
3XTunf7fJ8sP1ixGjFKTEw,1,0,0,0
3GrnZYHYDNRHy49aEMxZaZ,1,0,0,0
413B4yhMYCOk3iupB8Vka5,1,0,0,0
74t0LkWW7J1plTZBTh5DSg,1,0,0,0
6eHhLpyHG4JMpEpw7wyqS5,1,0,0,0
4Ipq7bl2K7cXabJNFo4Zav,1,0,0,0
0J6O4AuqJ6pXuFrxD05LiE,1,0,0,0
2OLPF2raEBYKOpQvAUMFSv,1,0,0,0
2UyFE2vd8ZmJCXMx7lvqZ7,1,0,0,0
0nYyMw9kF5hcnETJXCOnyP,1,0,0,0
6cRndlfZwzKAWp6TB8S21u,1,0,0,0
2dj9nSTld2UDLQbaxUYEDl,1,0,0,0
6WysinByRkBDwDjUrJN87R,1,0,0,0
72TvtFtx4ruNRkdK2FYhsB,1,0,0,0
6JkIE886WwDvYSmFDfyECb,1,0,0,0
2BW8TZkuD5MG2mfaIi2Id2,1,0,0,0
62JnJnVdhxOn5eeRLbFBMz,1,0,0,0
4vPH29OGwgRlBPRcYru5aq,1,0,0,0
1WvPzgBtd39vOEwvnlG15K,1,0,0,0
2RCa4SYYrVKodQ5f6ShOev,1,0,0,0
3SdKpY7bK1jL27dKhH10EO,1,0,0,0
7x7m3MpCvzlsrOvUQ3gdLi,1,0,0,0
78GrNyTYDrbA31iLACXBOG,1,0,0,0
6Dy3eoUYOhH0xIcrVvvTvU,1,0,0,0
5hsYr554gpWK1vylF3xKES,1,0,0,0
7hLtk59fhUIrrqY5YZo3G0,1,0,0,0
6dJvB1sDQijZnyImaP7Yto,1,0,0,0
452X2tiZITUFshtg4mEB2x,1,0,0,0
3Kc8Q9hBVRwejlqgYEzoNp,1,0,0,0
7JJcrdzFaIhLqN8gXxTetV,1,0,0,0
0A9fWwK7HfFjUwKIIUbAu8,1,0,0,0
20VH8B4CBcXEF5WB5uo3e6,1,0,0,0
5dvGC9BSJug5FZAuZ3nMjD,1,0,0,0
0041scxdxablTBsXs7vqru,1,0,0,0
2ecXfhp3K1CEVblYbCAHN0,1,0,0,0
4Xqix4UeZwaiaxr3DV9Jmv,1,0,0,0
5VQvGIO4ZepCBXq8B0DQFc,1,0,0,0
2qLZSxBUSMXn12xKstQBLI,1,0,0,0
2HuLvXyHbT3XzTvzf6Z6UL,1,0,0,0
1CF8V9YwZEPeKsjaumHCvZ,1,0,0,0
2qLl7b42ZSkNmU3SJNr4M2,1,0,0,0
3M7A2J0CILnwwu4dQZzP5j,1,0,0,0
2GKh6wtluQGxQ3SDonBDzv,1,0,0,0
7FZCmdvwQJ6B7HNlK2HycK,1,0,0,0
2dxcuE1XoMEQum5qHi6igp,1,0,0,0
0AP9N4Ddw6jqqDrnugP5uH,1,0,0,0
3r5Qg5D1FqTkaVXC2jB7Go,1,0,0,0
4O5nzC4beDYHMV2TDFoRpI,1,0,0,0
7HsPmrdXGx1vdHZgzhKwGP,1,0,0,0
7mFhubyHRcdei4kVORZT93,1,0,0,0
0jIDLu7pqWSSJobpsQzwlA,1,0,0,0
1374rtYGLQnMIEl6HE0Vky,1,0,0,0
2tCbOmvmF3VsocXCGXKm33,1,0,0,0
5TxvWz1DVo7uwuHctjNGRt,1,0,0,0
0d76EMn3ikhZEcxcjYh9sb,1,0,0,0
14AiPhOceJuByIWaWgrY5J,1,0,0,0
6PEzGOgKQGb5XaywcdnOpg,1,0,0,0
23ixxbUaGtPp0zlHtKC4hw,1,0,0,0
68PcfFz5ZRFpkiVf7dE6q8,1,0,0,0
6Rh7Z7HgjzxouMzlXMN75U,1,0,0,0
6Gm4APMrw8HsH2aw9FaETM,1,0,0,0
3d8FCoLMJ2E0njmyzc7Psl,1,0,0,0
7JfEsq0azfonAXrC9AdNij,1,0,0,0
6O3O9lry5k4BF0tHOCL85Q,1,0,0,0
19BMvVJ0hNBkpeVtYwRnn1,1,0,0,0
0ruHdhdnRJMpwvvKnOOHRs,1,0,0,0
5pqIZKYqy3RLZH0d07JagX,1,0,0,0
3JIAGSo5G6wCrAYxRxR7A6,1,0,0,0
6uKp6XtuGx9oCI3j8SiHyd,1,0,0,0
313Qp1kXFWFnaJVwdLrljC,1,0,0,0
1RGWNzBnWspbE9IhkFzlH5,1,0,0,0
4Pfv0JurKIjoruOOlzqlJM,1,0,0,0
4Y4rhPuttU4f6trk2r7aS2,1,0,0,0
3aeWDftOyNxOpS3YOG7kEw,1,0,0,0
5cn0Fm4XwgCj1ujhUeyV5z,1,0,0,0
4wkrT5jN1KAliJ5ynfiCEn,1,0,0,0
7bOxTPzyKnCM98Ey5mUGiI,1,0,0,0
4onvskjmbP1VRjD2mB7mSy,1,0,0,0
4NVNnqKxsLmN1jZwR8Rteq,1,0,0,0
7kdpxvu5a3NxS2QIQIYTNd,1,0,0,0
3kxQfafTaD9BJKRcis7hNw,1,0,0,0
6bd116HLKsX6DIxfGpNtQv,1,0,0,0
4ZbmSdvYJflv21aASEmYsM,1,0,0,0
3FDytsusvx9WQcHxXVBWu6,1,0,0,0
0KYeme8WqPciVMDqcohtOy,1,0,0,0
2BfBungyxEpZZoe8BRNjXM,1,0,0,0
6Mo66Cmgaj2dLbdUaJHS1b,1,0,0,0
4MgZjJQqPY6UGO35rhr7CT,1,0,0,0
6lQveZdpkd21uhSbGaZig9,1,0,0,0
1xobmaW5CWnJZatjFFyJAF,1,0,0,0
0dC0x8MaaASf0zenCVA4zc,1,0,0,0
3L2AP54qZWQ0aZ5ljPc6Kl,1,0,0,0
0bCtlGR5ky6Mp6DraFiD7r,1,0,0,0
0CaLC4jIho4hNjiUclY4Ll,1,0,0,0
4kfu1QIe4x8MgsFFgBO4M3,1,0,0,0
3rDHELfHs2mFO9lMZtNLHx,1,0,0,0
57iNzsV7nLZoi5S3PbQs4s,1,0,0,0
5YqLuFWxvwMiiVkG6isIeQ,1,0,0,0
4p5obpQKwIx9BoG9Iye6q6,1,0,0,0
3q1xnm1Jn67qQIiCLbs2pP,1,0,0,0
7yhEBpMPkKvxp4boN6etRn,1,0,0,0
76Wf6pjSpCUSmW5Mp9rVwh,1,0,0,0
23wwKjZoFLw3ouubVE5e4b,1,0,0,0
4Cep45MCgsyMESVvRATMah,1,0,0,0
5jlVSboDI5eXNBdtNPTfLA,1,0,0,0
2lzmNWy3znK5sQvAIBNYVY,1,0,0,0
6Md2f5v74N653KnflEIMwG,1,0,0,0
7swQcDk7orfkl7qAcxAEQa,1,0,0,0
0JUxGKHpvSTO2lkCxgcAgR,1,0,0,0
33Gk6a4ejwPl5vsC1iFGer,1,0,0,0
05NC0AJBIyNswc3ebQYWUv,1,0,0,0
7mzumwy0CcCFqH1fIeXmja,1,0,0,0
0sHYM0NiQCDAXDLf7QCWie,1,0,0,0
53POjwJP7OGcYXq6KokI6F,1,0,0,0
6WsEWS7Efh0U4TSja7N0Y7,1,0,0,0
6F4vMBkfpiGzm1sdXsw1Xz,1,0,0,0
2UWVFJyCMe1BE36isDV7Sf,1,0,0,0
621NnYCbT9LxWVflnsT14U,1,0,0,0
5JPVFHGVugOnhuQC1kSENe,1,0,0,0
4MlbSd0Yq0qmAZIDC3CumN,1,0,0,0
2fvHv5V2NUXdNLipzDRytT,1,0,0,0
0aAzuHdakBx3QziGAayHJh,1,0,0,0
2R1SATMvRY9aIdGR2bhkcO,1,0,0,0
2pwUHJRGbnZIEtGuIQKuiA,1,0,0,0
6m8SACMAaBNhjwlnpRo3we,1,0,0,0
5suAOU99OtEoJLPaujByse,1,0,0,0
68nASkcBGM3NXsAVEX0bh5,1,0,0,0
0SfTGa1bot45xNbWmtTv5O,1,0,0,0
3M1WWZNyhaEwjnQIgs3B5O,1,0,0,0
5VOUQfFJTn1FV7sS51jsnU,1,0,0,0
4mBduNyRoD92xdODSZ6yIG,1,0,0,0
0kqckxumiiFE4dfZqAgJFr,1,0,0,0
134LbkdcR9q0ReX6iInexU,1,0,0,0
5TbQe9MQtiAlcCD8kIXnrj,1,0,0,0
7hUYbcmY91tdHASkz2uzDw,1,0,0,0
6eK6epa4SXcFH3YHKifM9J,1,0,0,0
2E1q73FnOwwTIfUZkfibqf,1,0,0,0
72WrmceZR9elFPgp63rXCX,1,0,0,0
65UwBHYgFVqS3HVYABNwwI,1,0,0,0
6wtl9d1R1I3O6GYgJfjdlt,1,0,0,0
0IY8PtX1RbZhCLYcIpwykE,1,0,0,0
71EN6HDz6Dx9r8nv6lYtsI,1,0,0,0
4XlLZCQPs3Ww6ImJ5crvqx,1,0,0,0
1dpSj8IOkxuL85kxOJAO1f,1,0,0,0
7G7VQJeUSUhQ7W8tGUkCBq,1,0,0,0
7uIpGtb8KH3rPNztfg4jmv,1,0,0,0
3sTcHDzUKHdY3yd13thhy1,1,0,0,0
2XbnMByOUjYNXn12x0cIfl,1,0,0,0
2TUoVqjNLhS5KmMuCLWXy4,1,0,0,0
4kvsrywrT0ESKIXaumxx6K,1,0,0,0
29WAY9v2r7YykeyStNhMyS,1,0,0,0
4xo4s2hGmLVfuvn98ue4XM,1,0,0,0
3dbotWHXfwKx3OZXkNBPAr,1,0,0,0
0MtfPrLTUjQXfkk7TqRQyN,1,0,0,0
4RwLqejxKnNx8OoHryMq6I,1,0,0,0
5RludRY6ARXb1CmKEI6PvE,1,0,0,0
5poXbxArnETB0rdBn2YYOG,1,0,0,0
5vbXDXEC3cjEVCpyTPtkKT,1,0,0,0
3SOHvIx12JKX4tGyQD0isy,1,0,0,0
0uVixt26dwOH0rv6cV9dZU,1,0,0,0
6oSIpYyJ3slu1Kd9tqh7oh,1,0,0,0
1EPivq82QalSG668nTJ3Wo,1,0,0,0
40yulzmzO0cVq164UHIGrT,1,0,0,0
6uC8GuwPowYMs8bbuL65vc,1,0,0,0
3v9uodZVJMJQZ12u3Q6AC7,1,0,0,0
74bRB5MJ0tktQkb3AWGbAX,1,0,0,0
3pjEh7Oq9lT4CUzlLy0zJz,1,0,0,0
6poO7nQtA7CI68tkb6NaaP,1,0,0,0
2Rx2Ct0SEMhWGzbutqMtme,1,0,0,0
23EUhvDE4ECOo88ZwUyuNy,1,0,0,0
0wvLuUEsdEw9jKJ6tg1jxp,1,0,0,0
0n96BB9sMCzoOjWywxRGgR,1,0,0,0
4rYquQym74ejJpgMbgnrwu,1,0,0,0
5jBjDW51Pyicd80HLRd21e,1,0,0,0
52tIzScZPQrPB27gdwqKpx,1,0,0,0
7mosNQOeCDAky9Bt32fWzL,1,0,0,0
5zFLuAg5pfEkBDAn0Wf7Hl,1,0,0,0
3f2D9Lzhanz9lFLiEPIsBD,1,0,0,0
15EeqdKx0jaU6uO4z5zLkH,1,0,0,0
3zb8DDFMwvR3CIZiLOQjkg,1,0,0,0
3fEoQdXg0jpYthfW7D49ow,1,0,0,0
0L3NAL5f3yUDYemlTduBmN,1,0,0,0
2sO67Oo70fx9dcqZfyNfHK,1,0,0,0
7kr08yLXCf2UPkK9J4wlBg,1,0,0,0
4MZFYhoYHkUH5qiKpAZEa3,1,0,0,0
5OcqUAJZaVgr0kHobNOZ0K,1,0,0,0
243ANwTdQAXjiMyxfaA9J5,1,0,0,0
5XLrNHNgJ0HpmlrZFtpqmK,1,0,0,0
072VabpBA3McpI6svx4P4E,1,0,0,0
6bthMX8IFd5nvqp75v868G,1,0,0,0
2iT2cxruTwM0kEaK8ICWLr,1,0,0,0
3uqD3DYiLZu9CnqiOKKddh,1,0,0,0
2gXOfSzHerHZcts3eKHz7k,1,0,0,0
2qqMzTmehGRpo6d5uWUV4R,1,0,0,0
3kxrU1Tfmafgq0CZ7xeIJD,1,0,0,0
72uKKPPBdmKmvzi5t0amPu,1,0,0,0
6QQyJVQdMgKuRaOOAyWWC3,1,0,0,0
64SpIgm0WXOccbDxOMouH3,1,0,0,0
6yt6T5Qhcf5PrmykQDaz4W,1,0,0,0
3gbTyEmJsoeNn5R6fcn3lJ,1,0,0,0
72rzyFTihZoXma8JK3UnsG,1,0,0,0
6FtYVp53mzQgWqCeB97HL5,1,0,0,0
68k381BoO4vrGAhNEuOzQU,1,0,0,0
2TjAs51TQZIg6ZQzFHC7ZM,1,0,0,0
5oe0RDEnkJTFbin4E4lS3H,1,0,0,0
319w3rLlGwStNa47oimjJj,1,0,0,0
0kSiaxn8QtxOPiOiRcDv6p,1,0,0,0
2kg1xXDpoPJLUTRIoEXEMw,1,0,0,0
0v8t3hVn3zznUQHCuB84e3,1,0,0,0
1mgpf8VYSAMu3DCr8oPFkJ,1,0,0,0
0MvaTZFR2IiE1UKBGyW8tU,1,0,0,0
3QnCfdcNutpMldSGyF7eiz,1,0,0,0
56XMeiOTubtJUbRZjV8Rtr,1,0,0,0
3YMuK4hHy4Q7Y3NhKjaCd4,1,0,0,0
3FETdhONbfK4Cos0dZxmN5,1,0,0,0
6olnaPEb7y1ivlAfBElaBl,1,0,0,0
1frm8cV4gY0f6IFnWPbYBX,1,0,0,0
32VXMKlWGHeZhKb5kkay2A,1,0,0,0
6Li3sKgwSZe4fe5Da1oDzX,1,0,0,0
1EmxrmBDE85mjNAZTfBc4w,1,0,0,0
4WhFnWJE6ij3VLppa9aZqp,1,0,0,0
4hr1SSr7qzPHPbYuyEqqSy,1,0,0,0
1jSZEafXnJ7iGv4lH5qdmG,1,0,0,0
0urNrKU8ww4hhq4fEdDMKY,1,0,0,0
1tQDKBWDNAWQ4uwCY7rbSl,1,0,0,0
5NKG0J2URNbd8EpAobJ4Uf,1,0,0,0
4Tw2QkXxu2GHKtjvFAveG6,1,0,0,0
1HO25eyBirZxyfEdeyAZYd,1,0,0,0
5oBBalywkWiHgAaasIeYYV,1,0,0,0
3w5ugWaYMy17jjyUXNA7yq,1,0,0,0
3dlfr06xZnTHh10XUa3uL7,1,0,0,0
13lICBpCMMIV1Mrk89yRld,1,0,0,0
1iyRO36wUCOBmEDWHNkj0c,1,0,0,0
5DbyisBUuNQqOEcPv9bfz3,1,0,0,0
4GnKbSrALbKTtZVr131ivp,1,0,0,0
3b9YtExdz1HX3U5lUP0FPR,1,0,0,0
6H7lZveAElPhy8a6eaKgbe,1,0,0,0
0oJnxY55f2RGkYYlcirK5X,1,0,0,0
3AEZqiaip28MN42I6d0mW2,1,0,0,0
7FqWnvbRvMXOCsKNh6B3Qy,1,0,0,0
2552LEaMcI7HLty9r0eiQ8,1,0,0,0
6NBCZjDNFMS7YsG5sPisnr,1,0,0,0
3I9RhidXiU4zAftFQNpuT8,1,0,0,0
4ZMbFswuuMciYun8PxtmR3,1,0,0,0
0nXTAndpzxp7ZL6qN9REs8,1,0,0,0
2cXrQ6PdEp37BHRwD6JAbg,1,0,0,0
2tRXt6Bh41X9gUFO92lUzk,1,0,0,0
0cC1dwVsPOEMF2L7BfCQAs,1,0,0,0
6cs1WwJO5xDcVHQNmsf63x,1,0,0,0
7pIhiJaaKbPeLRD2yqbZrF,1,0,0,0
7aWT2NRXNL8JxqlTZx5vL7,1,0,0,0
5LzmFeCt0Mn6xMLvucj7Ul,1,0,0,0
2N7EG2cAgb5YoGGAyOWsnH,1,0,0,0
2HOm5cGfxuavpyve8XbYMK,1,0,0,0
34VmRSjb2JkqZH6RZlSvxU,1,0,0,0
7uYY6nDtfYRJzr3tDy9Cu4,1,0,0,0
0KhympIpmsLvLAHbFjAkeg,1,0,0,0
7hoGbLP0dHhvSAvH2bh4zA,1,0,0,0
0rfUXG3Fv2BKvdFhVZfIjB,1,0,0,0
3y17xNBNJa9923pReDUJEy,1,0,0,0
71t97BwX6Wwb5QdSRzsYbN,1,0,0,0
2cBXWexdjyCaNxShSU0wR3,1,0,0,0
4PYPTPwGI3x8EvlAbly6Ya,1,0,0,0
1AKpVYWKbSJh9hNzAZwEB4,1,0,0,0
6IuzzhJit5UU8ljzxuLsT3,1,0,0,0
7AjMb78Kw2bZKfFGyp45Ed,1,0,0,0
0FLpnxTxmNXmP20HUAX7ow,1,0,0,0
10gxY7Tj1yxCKMWL95ISxs,1,0,0,0
4xEycjzOaZLJzLoK6CkBMp,1,0,0,0
6kKKuxz0GWHkgHetESuUbv,1,0,0,0
6g8Ps9PJsX2n0W6jozAL0z,1,0,0,0
0xz0di2tXgsddqLkALJoDn,1,0,0,0
5R794vFmVXx2Rdw0QhO3mV,1,0,0,0
4ZY3gNQR5hIjJl13tLBu3N,1,0,0,0
1zy5uXR0TMSrpMHePasmOj,1,0,0,0
4YkQJnsOzN92VKObvgbW6F,1,0,0,0
6KQQDWiy3S6IxY5Cqew45Q,1,0,0,0
5fOC9b20puJoNcPLJWqAzL,1,0,0,0
3nhKPa937bDoAxscuuZhZm,1,0,0,0
1nDb0pE0UyNld8ztzpk9i1,1,0,0,0
4p0GEGFVDSMHgyarof8XNi,1,0,0,0
0PHWR69d7q8jIyO7AUbAGV,1,0,0,0
5ns4E04omwnQ8qnITzQJ55,1,0,0,0
0qw96WRPI7WWhQP7RRyRUN,1,0,0,0
4Iqq9BOEFhr7NiyuoiCLqI,1,0,0,0
0DOGSPzsKB8sgpJasD3GJz,1,0,0,0
3oILrTbXCG4IJF6vSuapAo,1,0,0,0
6gIpC0H7Gvigcn2pTvUt9z,1,0,0,0
5j0hT86kMKrWYXWhJltMIu,1,0,0,0
20Srj0rNb8kynLUse8WtIA,1,0,0,0
31Rw4rvmpD0W28S7ITlBHa,1,0,0,0
7ApuRt3d35tbUzCURomJLc,1,0,0,0
2dbNZGTZgJmhDzjZVCYo8j,1,0,0,0
4wD2H7lbOlrfid5srNlWTg,1,0,0,0
0jMiCcJYIZ6H7TPfOa6mls,1,0,0,0
64RFtq63MaK408ClfLuBCk,1,0,0,0
7bSWAmK4jUv88K7ypgHdAU,1,0,0,0
2ZMrDUvRaB27ErvW8DnWwO,1,0,0,0
7DnqzTpO5785YAHoJ1ycw9,1,0,0,0
1HKcIQ3D2Gno50l0vjMYFD,1,0,0,0
5Yp0wdMvivbq920fp3vZdR,1,0,0,0
3FYuS5hvez6gszcV1YdGBi,1,0,0,0
7xmB8BO23Hh9RTGF9vDho6,1,0,0,0
3aWZ1pBC3oW9E8WJleWXgA,1,0,0,0
4ehXvrY7FcCEC5ltN5aDas,1,0,0,0
3jYb3HH8GJqzhyto99jvJC,1,0,0,0
2rTn25etnLpSvgZbaT3VvE,1,0,0,0
3A71LKHbsNDsAS2dC8tT38,1,0,0,0
703nAL44cRgyGLviMInLef,1,0,0,0
2pK6tbUnCV1LzfFq0jBK6U,1,0,0,0
0gnb9pkgJOkYcgbqo23QIq,1,0,0,0
0EkMiWcDSKhxMCHIm7SX05,1,0,0,0
5aPUoKO0cAjiNaCF9df7uV,1,0,0,0
7JkuWweDXjA9h0tOk8z64h,1,0,0,0
3iyGQB9FkkWwHTP1JCz15c,1,0,0,0
1QkSYxBhv26Szng1L3cQ1P,1,0,0,0
6HHEWxlAAADYtmlb5sYC7o,1,0,0,0
5GDP5xpurhPgJHFEWkt1yj,1,0,0,0
51XIfJ5Ed179MGYDjJmNQv,1,0,0,0
6WQVVqRAJx1RflIyoI35yL,1,0,0,0
2L9nAgTpsXEBBP9PCQsjET,1,0,0,0
2fOs7EJ9dbVGgtPsLQB0Y7,1,0,0,0
1TscjMdnBTkGFaLH38pcTh,1,0,0,0
0nR3nBw9zfdSrN5jwX2YIg,1,0,0,0
1V7zKKEtt7hZn3HgjarDYJ,1,0,0,0
1yQdRH0pvfwajeW3lXS3QJ,1,0,0,0
3rY7fLBwojZY19dVOAB1Ft,1,0,0,0
1BbVq5FUjrhg2i9Ff0UeJP,1,0,0,0
2F2kEfyQ3xvbFvK8Ta9k5l,1,0,0,0
4DaLjopiifSG5G0UN4HtYC,1,0,0,0
2abcEs1mr5hVYM9o7AXZQp,1,0,0,0
2Gmd1hHe6Wt0AxrqJvlxV0,1,0,0,0
326SUQSlWOAChNLq0ix7EG,1,0,0,0
4nMv27wxMfg1JJ6UM8fXwh,1,0,0,0
2RJN1I3L7pQ8wN97VSIYvV,1,0,0,0
6N1MRBrSQ0QsCZ7eCupAjp,1,0,0,0
5lYqFCYxQA27yGNl3OoRkG,1,0,0,0
4VkZfYGRXFbj5lYVABKVGW,1,0,0,0
7ckOcWWXkHmPHKcQtHm33L,1,0,0,0
3KaC11nTqggPmMBaTxloFo,1,0,0,0
3DnmfvcwYaQpkLYEcsO8yf,1,0,0,0
4JpD1SL7aKxdVaHu4Moymy,1,0,0,0
3nWAtL7yIH1G1FrOUKX9BM,1,0,0,0
0M3UQ3iVoNzpr6543nh8Gb,1,0,0,0
0bSNJrbqU1SO3KHnMWJfO9,1,0,0,0
0iekiBe2m2X7GiMneCLcxT,1,0,0,0
4BLI78iN3qqYLFQ1bmdJr1,1,0,0,0
16D5MOiDwqakuW8rCkiKnf,1,0,0,0
1659qgGYNPBxipt5DdWrve,1,0,0,0
0ScfTfHcPP61BIZ5s1ml6Y,1,0,0,0
30Ia0KsmlPqYUA8m9VUGB7,1,0,0,0
0BR60ykFqf1T8uWPZocIji,1,0,0,0
4HmEZxGuH2mSc8GJmobvhn,1,0,0,0
30vnDl9I4VGOX4Ki1phV6V,1,0,0,0
5PgBwEAZeR5pK7SAo5yTMx,1,0,0,0
0fLZqkYtpe79bn0MePpvwO,1,0,0,0
32VeAq4rILoSsniEIDp56j,1,0,0,0
02IfO4OVZWnNzMNeKhzFA5,1,0,0,0
1vdjbPOP6GqW8cQ1byK0Cq,1,0,0,0
6KjmtzxD0hqxpqAOFuadSN,1,0,0,0
5tWDHqPW9Ykquy0OdJiLpf,1,0,0,0
7gxwZPXn5nEoQF3FZycnUy,1,0,0,0
6DI6OckqKzUBMAK3nxK6L7,1,0,0,0
5zYq17zDN9ftvvgZeWIj9K,1,0,0,0
13oe0iI8tb7aRpPlFQNB6F,1,0,0,0
6CdjgLJEq3C9lytDHZevKF,1,0,0,0
3eRt3swkMiJ9QZPpdZMHAQ,1,0,0,0
0U1jt5VqJch0kskjghxKBl,1,0,0,0
52nwW1iFRGwRtx25CCOWtk,1,0,0,0
20nOfBwn37itRKoF2GCjqu,1,0,0,0
3rF1k1hpt8oVUPgKKknPc2,1,0,0,0
5QuOlFOKCF62kRvOYttLiH,1,0,0,0
3AN7KWXaXa58pxtF6i8ZFW,1,0,0,0
3Ym4RzAnIEe1C8HTmqzj5R,1,0,0,0
3ZDPGxVUwib1YQe0XheEKC,1,0,0,0
4O2EvT7nKkzQtZIMXRAsGy,1,0,0,0
0ZGqJnbgoKo4M2G2yRA5qT,1,0,0,0
1WRBOzK7gxvEc0lyq04rDV,1,0,0,0
0mNn7aJxOWtduIOdg3f2uM,1,0,0,0
22Hlz2UzyRHHZx2oZQRYsG,1,0,0,0
0p05tQcIDgPO56D2mF6nVH,1,0,0,0
7oMmpMK3WzAXo3LF0Qntwa,1,0,0,0
3UYEAtMUWDlfKkOiaG9ih5,1,0,0,0
1dBdU6YLTjiH3iye42SheH,1,0,0,0
48g52Bd6POH2B28M9wr7uC,1,0,0,0
5Zh7r0S00bMfqB9YQsfHOc,1,0,0,0
2jQpRrNzwNX5P0bEHkszX6,1,0,0,0
3MHIRgXYkyKaQpm8srJWsf,1,0,0,0
3cwHKgxrtuqAN0ZVFpbR4F,1,0,0,0
0TnqvqP882aZtyuEVXzjRM,1,0,0,0
1tb70BU8GwfYu5CXmwuG6q,1,0,0,0
3iWz4CFlMs0kIsKm8xeeOw,1,0,0,0
7eh4ZdkTeysyLzEMlTgHlU,1,0,0,0
3fZeCYJarFuzVZndWzyPgt,1,0,0,0
08kX0mp8ZJfi7dj6CwJ7Vz,1,0,0,0
1IFJAFN92PipmdaZVSJQd7,1,0,0,0
5raTr3Cm3m79nuRdj95OGs,1,0,0,0
2ztGevf7VRbGhf5BlPxklc,1,0,0,0
7N2DWauHaJTnDTMRzEZe3P,1,0,0,0
4DSKC09J9N6DSYv9GvWigI,1,0,0,0
4nK9wo3U18big8WR3T5kJQ,1,0,0,0
1hYMmt6pA6OMOIsX7cc4qT,1,0,0,0
48dHXUXgYFgo4fD7yVkG8V,1,0,0,0
3mDISNj6lcBCM8Lw78K8jv,1,0,0,0
5dVLTCyceuvsa7XuJK4TzQ,1,0,0,0
49ZC1RVBy0YY1HNYSMvzqw,1,0,0,0
10FM51WhvHw0Ypkqk420Ga,1,0,0,0
02qjy0yxiyn5JgMjkkAvDj,1,0,0,0
7lzwvhCJAISMpL7WsrdjIP,1,0,0,0
3DqhHNYoCXohrIBot9u4o3,1,0,0,0
2duy4IpkskBXMK1vpwqzEB,1,0,0,0
0SqrDr1AxrLocUBEjeETJo,1,0,0,0
6zlJFC2oRhkxGRxfZ2Xj0o,1,0,0,0
00xrr7AXr6VVdiU7Ogq40n,1,0,0,0
1AF4Jfkj8q5M4NelirHLkW,1,0,0,0
77Dub6z901A0xSch49f9W6,1,0,0,0
4kxagjlPKZWGtlRjTFsT2L,1,0,0,0
4SqSmZe32BK7HeJ7lQLICE,1,0,0,0
1x5TlYfY2A5bcjyWqYnxyW,1,0,0,0
2mPjSQg6rsQMs05LPQIuYH,1,0,0,0
1uIOKEMohcXPBKT4FR5sIi,1,0,0,0
6TytYTwzPFGY6vuQcKlmts,1,0,0,0
72PPPWTetYliB3pEHBA6J2,1,0,0,0
65sed19YCDrqMlO9CMFhl9,1,0,0,0
49PkEEuJCiwUDaGq0u6ZDX,1,0,0,0
1E2LOSBUUFqUMJetfIm0qX,1,0,0,0
7b6M4QLsWTQ6WntdWzEmFQ,1,0,0,0
3r1bLp0FMMy9aqW6DgkMbS,1,0,0,0
0K0LeAISGGBTGTOy4w8uMM,1,0,0,0
3x5NJOFW0j5cW410MWth5k,1,0,0,0
0kiBHA0bdJmFBFKqVQHgQB,1,0,0,0
0T2GwB2LvIdhv9VN5LxpQ7,1,0,0,0
4i26iAXuRpvPI1ELxUHTKl,1,0,0,0
27ai5fG6uz1VTiu8OIZm8k,1,0,0,0
2jTiRxK20Ag9wrVMBLguPN,1,0,0,0
1DhrfyDCk93HFw1DsOvnP8,1,0,0,0
7E8lEO6YyQYQ6T1nwO5sRG,1,0,0,0
3dehuoqAnJO4UUw3tKfqY1,1,0,0,0
5C6g13eN9RkPfu9ARjEegU,1,0,0,0
1ZJFFrHRrrDDZ6yYa47Pvo,1,0,0,0
3cVpt6BmAAg2tz2G0kFYgn,1,0,0,0
4OlmyZR4PO1QcOOqJPL0i2,1,0,0,0
4JlKum0zfHHISYsT53nuaN,1,0,0,0
0l04hMCUlgJ18s1GI5HD8s,1,0,0,0
60dDNNj3NA6cUTVk6rKeXo,1,0,0,0
4tx3fqdMqkowNTbeipXIJq,1,0,0,0
75nB5n7eIRoayfJOPkhLmb,1,0,0,0
5UZIdUCoguch83iI9Cj2cV,1,0,0,0
7aTm9ohcdXHgmhghjEa5hw,1,0,0,0
6YKsXBanmfBH8WRREUB7Y8,1,0,0,0
7GIsHjr6SEVuV0WzS51rOS,1,0,0,0
79tFkpwPfvxBz5Z1KKjtQo,1,0,0,0
6o6KMep384ZttMKh9eCfQ4,1,0,0,0
4mbWaE51CWf3FkCMrjcrLd,1,0,0,0
0oiZPVd118aN4RWs90BqYB,1,0,0,0
3P2HPdGKiqXcS3te1sj3Ac,1,0,0,0
5VCc3SxoY6fJs9NX8Xzkvk,1,0,0,0
2RowZrh7p3qFUyT57bAvLK,1,0,0,0
5Kw8aGK83Cpmx5kAnd9OAH,1,0,0,0
1QKZLbM20jpSnrr0wl4axD,1,0,0,0
5iyrMbtxlPQ33JRnfwKH37,1,0,0,0
5WMyeVioR4LHlX2mKOYgOS,1,0,0,0
3uUnlbCFL1X2a8KHtgEywK,1,0,0,0
0iBq4DsmLEpn6DPT6lH2yX,1,0,0,0
1qNHK1lEDHEXPQ09uSDdYy,1,0,0,0
27gCe0mieoPyPYgY3hG72A,1,0,0,0
3h1LiZeCJs02xVp9lD92Kn,1,0,0,0
5cDfLx1pcFViBXOatwZJwf,1,0,0,0
4PFk8U4wlLSN2CYLT9jGIx,1,0,0,0
4pFZashP7qe6cQw6UB2Stx,1,0,0,0
2ktYiVeVoP5WuI9mGgbUW2,1,0,0,0
6TxCCdhSBrUf6U5zFeRf5a,1,0,0,0
5LBb4Fe5qnrrMawZIgLaXZ,1,0,0,0
3cSooUTnNFqqJe4q9ZrDsR,1,0,0,0
2pZDSqaAxbPOOgUKXJ6Oya,1,0,0,0
6B5YvTUZWzzvQ0SPZZnwT5,1,0,0,0
1va6SepAmWVLFhY3gegOLI,1,0,0,0
0W5J6aaANpnlJFW0wn4S9Y,1,0,0,0
29FfNexXcyayA7e8vIv1Eg,1,0,0,0
40AV2ifN56Yzh7uvB0GyRj,1,0,0,0
3CTpfjZL60h0DhQ7vl93Yb,1,0,0,0
6FIgbwzXDuXenIFMYFwZEv,1,0,0,0
6BjSPdZ3YOUmuRNv27cwJ5,1,0,0,0
7MahyE3YAJQKw7m6tixLdT,1,0,0,0
5C9iIKOKKudfYVYF0fz0dy,1,0,0,0
5ojDFLRmp2PQuvLwyc8Wtn,1,0,0,0
0oOu51hrDKQjDIvmLKTVoF,1,0,0,0
11O0RtSXAGsn5ZF1ppxcU8,1,0,0,0
02MZWsO3NVYT221q1MVdOt,1,0,0,0
5W1LrInjlKn8H8PmRbJpKO,1,0,0,0
5lRWWhwEFuBQx0fxCOL2lj,1,0,0,0
7MDQ44tNwJmGc7w7TKl0rl,1,0,0,0
24JLdRU9RmOlVfMEaYGGMW,1,0,0,0
7DzzD0PU5T7BztGtA1sg4J,1,0,0,0
19X1QtW9NXyds9ebcdSzhp,1,0,0,0
3k88bFT8IyzQmMg8DVLoch,1,0,0,0
0PgWhdyxuAxSjlWchmGypX,1,0,0,0
5T1w1ikTpOaMdmXapFEtUN,1,0,0,0
1aKfsDTbMUt7e3idYQLc4h,1,0,0,0
4wCrJbYQQ4fobYZii6rD84,1,0,0,0
4YUKUL8jf4NoPOucTcXswb,1,0,0,0
4nYmLcBKCcbXytJYln8sVl,1,0,0,0
3fjbhe3RM0kSZOK9aVzbVR,1,0,0,0
67bEHiVF6otxZDpaFuWhMC,1,0,0,0
4TrJnmRACQH7y1qVA6B1No,1,0,0,0
2EOaECfNwJltGmYXIUomEU,1,0,0,0
1b2NXn5Gis2taU21k0Ig3p,1,0,0,0
2LpAwmIKFQE3k5Ec1FAGdy,1,0,0,0
4bOruWa7nMoEcpe50PkDIq,1,0,0,0
4pBXIa7c7IGDmtl1GcQmlL,1,0,0,0
4W6Y0zg3wCwwp53afc7Rvo,1,0,0,0
0eJUecq42pSSVXtY3yYjHb,1,0,0,0
4IHIVIUGXVCT3g0moSuG4v,1,0,0,0
7KYB59CB0LKlXbVNIDGcey,1,0,0,0
132pVRC7nc2mNmpo5RlkzY,1,0,0,0
0PDIVR4Kc5q31x7Gvstvbg,1,0,0,0
2DQoSeL01IHIXnfZEqu7AM,1,0,0,0
0XJceXhW0qWS8zykzIhKUX,1,0,0,0
03Le24JLNntdEJoadp6gFD,1,0,0,0
2tvs90kxTimQopjweKgNL8,1,0,0,0
7957V3GEzqT82biO6cSZ7o,1,0,0,0
41MrTJkoIqwvOTS5zEQrox,1,0,0,0
7jAFcM9bzz07Hn8bkalbI8,1,0,0,0
1AgmpwnmOND9acrs4ufMEP,1,0,0,0
7H1YfGK0AT9AlxTdc7BIYr,1,0,0,0
5F4QunBzhZlRDcOHtjkPgQ,1,0,0,0
039kdZF8tqJ6IbEXLa4rrT,1,0,0,0
17lvBGGT4dH2e7Z4j5lz2c,1,0,0,0
7b4yjUvGDUKe7GTnOJ4wQP,1,0,0,0
5N17ybEnyUVbJEF9RkxNFk,1,0,0,0
2Rix8hc7rk80cR8YVbtezN,1,0,0,0
5JKhI0nM4LOQ6sSVCyXOzq,1,0,0,0
5nGAcVn7lCByt30xe3WeSj,1,0,0,0
3pLG9IZ0GwH6gQ8tIw2BlQ,1,0,0,0
6vWdvH36h3EMxnSuHwKbr6,1,0,0,0
1YaYAo1AKfVnVlfpZy5te7,1,0,0,0
3bW3MFHAkAWggVjGzfsvLC,1,0,0,0
0w12l3stdejGimZTfyJfU6,1,0,0,0
27GIBFKq89mFiRCQX08jZG,1,0,0,0
2LPSFvKo4aeT0vR17Ulzz6,1,0,0,0
3yXY1tRH3cjFMUrpaebA3l,1,0,0,0
3d2Sk03OGz4yq5DS1Fw2Kb,1,0,0,0
39wyRYhUSh4pswhJFOIKpr,1,0,0,0
4yXb8xUZnxrqKM62CNWaAY,1,0,0,0
7xUcoado5jSxNEKd06ts2n,1,0,0,0
606McgpIZk8tqd4rItVKiK,1,0,0,0
2ITbvO1JAMDz8cjgMXgO8X,1,0,0,0
3pP9ukSSSWAnmay60ARr1a,1,0,0,0
3fF0J1cERdvL3vzPOjnPCB,1,0,0,0
3uvy21se4P55wzqkskK9We,1,0,0,0
1OscTXa8FvIPyeLS7aU2Yt,1,0,0,0
77Rh0l2Paj6GilGNWk60L6,1,0,0,0
19y0lj0LLCbjjZvzmYzddW,1,0,0,0
3EW89I7puTyGFgbnsAk6P2,1,0,0,0
5wFiLNJ1HkZSG9qGyXvLEh,1,0,0,0
5U0lwfcdw43TAXKLUCSNjk,1,0,0,0
3qiRqx4JDeK72UuoKn2hKG,1,0,0,0
5gtKQoM9qtnu75Lc1HovUM,1,0,0,0
04MlMCjgGvT5hXPx163yMu,1,0,0,0
2YNsMJjm1JsC6LbS1ThhAu,1,0,0,0
69JzdfSJAUOYJqUb7XOeiD,1,0,0,0
3uyExAB3oKTeqgjt3BNJO0,1,0,0,0
1MhBxJUknMclYEGGV2Dokp,1,0,0,0
7icbHGuP00LHMvj8cAmita,1,0,0,0
1B6No5A6BeglBOdpsRFQWd,1,0,0,0
25DRDBqGZttf9CEljeytAA,1,0,0,0
1CDdyluB2hRZaf2Qwo382t,1,0,0,0
3UgP2CfLlmK7XP52ZcYuAw,1,0,0,0
1aHEePxKraSfcGH74YevlY,1,0,0,0
2DXAhQ7nc024yQGLuxpPqw,1,0,0,0
5aG9GvvDrNIer3NyiZRt58,1,0,0,0
2Za6VTYHL1vdFGRg5oEkjh,1,0,0,0
5tKRToQkdcAR0NnBfRw7s8,1,0,0,0
5qJ4QubjrpOgtAzET7jLcI,1,0,0,0
0NLcadUIK4pktME6a2hQXd,1,0,0,0
0h7P6JS3TygunZK4YO7Kz1,1,0,0,0
6DaMdrzPGdsBQtiWmhpYpa,1,0,0,0
4Nx3dh9kKnQnAM9SgUFdeS,1,0,0,0
4cyd533n3TpbK2Q601G9B3,1,0,0,0
4Hz2cOlxcBpKGhj7vlZI1E,1,0,0,0
7is5Z1iEKbsbcE4JsXBj4o,1,0,0,0
78Ku7bz3MSQinpAhrcpOzy,1,0,0,0
2UKRbMp3lX1tp9jY7HqRkz,1,0,0,0
4rMoeFZgEQCoUa8D9StEO2,1,0,0,0
47AbgaMEUfMZiAPlsrsNny,1,0,0,0
0iHgclZd4CP00gi67HB4fD,1,0,0,0
1gnYNxB1VDZpCkMzwdykT4,1,0,0,0
17iFKDcgenpi3U89ewgWMu,1,0,0,0
48nJmAnZGslYB2lCDGgXhC,1,0,0,0
7wqvbAS59X1xHEr56MYgkc,1,0,0,0
5SXdn71W8J7NZ8NUYNVbmG,1,0,0,0
30k5nqYMSNFu9eGMvTeZS5,1,0,0,0
1sMGG3FAPIpDOyvJTwizab,1,0,0,0
1pf6CEVKI7X8Ei20hSMZCO,1,0,0,0
2IsIC5Ihr0tzYQYbNVOQ2A,1,0,0,0
1Fxe59r0Hol1nBtWxnJMkK,1,0,0,0
5KB4XQdQeNzAc2yXvL4ZsD,1,0,0,0
7vj41CP4k5JEn5zxLDGh8K,1,0,0,0
2g2wCcfdgiPeqwRBqxjaZk,1,0,0,0
1yPt9zKZzawzzAkrZ4RJsI,1,0,0,0
7fT1m6dWXUuE8ja7LEaJVz,1,0,0,0
2lzX1kCo8XQJ40B5cZyN9b,1,0,0,0
2E4cKyktOiJfY5wyXklzD7,1,0,0,0
2aC677Dcmji7M5HE8prbNS,1,0,0,0
0nq1UrobEBsYh2NfFTlMdg,1,0,0,0
3Dzjz9jkGzyEpeW2FYa0br,1,0,0,0
3wrJ8sJn0hF5dtnFzQTX3N,1,0,0,0
6k3pd4mEIm40I4iRnzziz4,1,0,0,0
4hzmh6feA8A65fDcUjxGfY,1,0,0,0
79YePMctiNoouHyz1uV034,1,0,0,0
4WqePvzuPand0Zq3iNCLCo,1,0,0,0
3IeRoa8t2aMOmwSGSUdRRW,1,0,0,0
6UFZ5xU3wT5ETw2xTf8MHw,1,0,0,0
6LnGTraLG4RTW5TjNNNN6g,1,0,0,0
0OdQiVWTPQQeEMOnBhQgcS,1,0,0,0
6l4FK8QUiUYJoXNmjij6ZY,1,0,0,0
1craEyQxLjtbHTXo9IrQ9r,1,0,0,0
4Ra7QpCWQC7gJdbPZZpFDE,1,0,0,0
3e0AOQyVNNJZcKJ1IKRym1,1,0,0,0
5EvfdR8QCKNNLws55z5qSx,1,0,0,0
3Odrkf2OI4GR9CnoQFGgrY,1,0,0,0
3RBXvKrLA6N2jS7jTPfrVF,1,0,0,0
4TEV4sj9ICn1R5tvkRMnSa,0,1,0,0
2a21KeeeU8fdcR4Qri106Q,0,1,0,0
6wnegHFnQFKgsy17GLQ4j9,0,1,0,0
1PlCxAqHUloHu6OxzHI1mN,0,1,0,0
2uilGm6WaEge9UfRyacKKO,0,1,0,0
6hdWxhHBMEUvNpIy5d3v2b,0,1,0,0
1twticcL5vghmnBmBT51iI,0,1,0,0
3Pz4eeX9llKIxzU0QLHsSx,0,1,0,0
0kTVVeFLOKDRWsXC5r0AFx,0,1,0,0
6WEJgwNYraDoBHH4w5Tzlm,0,1,0,0
2dp5ooexPxSWaq8NF65Okk,0,1,0,0
5ISTbFu43iTY3u0daZbOS8,0,1,0,0
0sOLxyO6pDWy7DZmTTVnCS,0,1,0,0
7skmyWcffKSgI0ferDlnv7,0,1,0,0
3nhG6tazF3Cw5BDo9KSTqP,0,1,0,0
6Jd4lempwZTXPryarUf1Xk,0,1,0,0
3biK4FknVcT6gy1hDrvpPy,0,1,0,0
3JLrOTK5yWbpFqV43R7wkH,0,1,0,0
5aVDbV7ZfKAEa8ZCnALdBy,0,1,0,0
0QMBgmtf482Hvdzv9LWXbH,0,1,0,0
2NXAM1B4GLdAA0Rjeuh7rP,0,1,0,0
58LuQhwz6X8LCiWvep9wpt,0,1,0,0
7qCv3CYyO0KAFbEcewxGHW,0,1,0,0
3uEeGLphzLGFdVC1DEJY07,0,1,0,0
1YB00UEZmEzCDb26r5YipI,0,1,0,0
5KBxw6MC9ADbTzaTXGFpak,0,1,0,0
120s4TajnbKR1UQsearwVE,0,1,0,0
06IZM2OwwOBlbUb716PH2a,0,1,0,0
3KoB882BBWPjydb4wLrdtn,0,1,0,0
5DkH7cNHzr6j8dgk0PSr2R,0,1,0,0
7mkDywjPoR5fQFgyB0Jye2,0,1,0,0
54bjDFmcisIDc2ULrJyDQc,0,1,0,0
4mCFt9Dhl1ml8cvxqE83r9,0,1,0,0
77drxy7rXAfgjz0UIa88CE,0,1,0,0
1Ds8Kf5K3b5PkKXTNYZXOc,0,1,0,0
7v6gilBKaC4J59pu69JNSu,0,1,0,0
5J9U9MtMz6zdpuQGlaPuAi,0,1,0,0
67UZIKXnK57hg3DNUTVP0s,0,1,0,0
0BHERDrMtWUBnmkNjIr0Sl,0,1,0,0
75cUPSmkXfWxLT9hGFI24Y,0,1,0,0
0HjDhyYGxx71ibng7jsIrT,0,1,0,0
4zf8xDhOfiNy8WjdwcQOKQ,0,1,0,0
6fhUVZXNgeFD2SiG5i6Qj9,0,1,0,0
2feisbykHSILUplBdODhXK,0,1,0,0
7cvkvGJaH15IHREFrZZYCp,0,1,0,0
4VIXZIP3PpSKzMlLpgqZFw,0,1,0,0
4UpTEpBEiG6amsOGhRpMED,0,1,0,0
7sFial9QgKR9ngluYoWsrj,0,1,0,0
2dgGPWg6erMXG2IfURxFpN,0,1,0,0
5tPwASsnVzEQPY3uhoPSkW,0,1,0,0
7kCHmMUz1rCvE1HFXnQ0Im,0,1,0,0
42cE4hcvk0D9w0rJ8B8V1L,0,1,0,0
0t1lk01tIn2WRHpAcY7LNQ,0,1,0,0
1VhpJf9OQzHz5u4122lB6h,0,1,0,0
32O0fSTFIcJHhATPrqd94u,0,1,0,0
4pbUFE1olZYnr6iIGsApWo,0,1,0,0
581a5KObN2ZM9hB3S8h6LP,0,1,0,0
4OTfCQF18GrnJMpGpqcYPe,0,1,0,0
77enUs26vmf7znpuQuIHu5,0,1,0,0
05jQ1VyGsn8tK25PlUAsKF,0,1,0,0
0nhDhm29QAvGb6rsmgFaJo,0,1,0,0
1reKAGD3y64b4wUlzqnGNf,0,1,0,0
4viyBaIKC538ARgtrAsbRW,0,1,0,0
0bGTlCQ5GTvXzTiMGGKFOC,0,1,0,0
2ppn0kZzIpXYhYVQbkSgwe,0,1,0,0
12wK9aZLTCvyF51IF0Mg6D,0,1,0,0
1rPaRXoZjhUZN3KwbRwS1v,0,1,0,0
6Sr12IIuUExX4wlV6zGW6X,0,1,0,0
1DSVtv3euNOhFR2KnbnKgL,0,1,0,0
7ndGXaqSZoufkQ2LGo2Xs5,0,1,0,0
7xQKLJb2SgbkW5NKBiYdbB,0,1,0,0
1lSR46hoAKyquM2WwkbZUp,0,1,0,0
0VNoHND5n31S70moGCGY84,0,1,0,0
4WLTpXbWm0d4FvKMyT4iwC,0,1,0,0
1PCcBe22JzRmEuKQEbbYWt,0,1,0,0
3kEXHrfyBU24d1tNpCLevG,0,1,0,0
1E6wy8J75l4S6zO7y81Crd,0,1,0,0
3uXYOf3Shs0JwDeu3ppkAO,0,1,0,0
35PJ3kQfDBfqxool8kusxS,0,1,0,0
64KMPEuNq0eArw72wtgvtN,0,1,0,0
12zvJVVaj9ywTU2sbWoYvN,0,1,0,0
3YOyHuslVRCM1XOCfH4sr2,0,1,0,0
2CZhZxlTTyq1AUeZW2Rr0m,0,1,0,0
7wM4T5pKuXjtrXgaTqUnO2,0,1,0,0
472jOlCXxsxyRQ35fk46HO,0,1,0,0
2j4GuI6FEXJ6CVjPCuB7cW,0,1,0,0
3CPBDAeznfkQOpDeBiNBKl,0,1,0,0
5z2JGYBlnoOPbY4la6mkTF,0,1,0,0
3jdBObXjewlBc2KamxEHAM,0,1,0,0
6VstCD4BZGorrXpUKImZhI,0,1,0,0
6TUwdRmZJnLEUtlue0ctgk,0,1,0,0
0mbJ8RVW7jVX1Aoh8yjd8X,0,1,0,0
51LbKbBto2Mx8rF1pnIs3v,0,1,0,0
5ZT87JtRDHtnTCSNLxBKLJ,0,1,0,0
2cAON297pigUFDHGQjEMSG,0,1,0,0
4WLxXjKUo2BWi0gmb5r9Eu,0,1,0,0
0DH3mflfXX2xPyRkGjxnNB,0,1,0,0
1HXtJDiumMqWz38NlEIlwJ,0,1,0,0
7HfW2EhyLywm00PToY76cH,0,1,0,0
7oWDIDtoMFA7xcEI04nuSK,0,1,0,0
7sUQTKkgH9vzVhECEPpN6Y,0,1,0,0
0uvNMykDnHlzQ3Mk4L25oW,0,1,0,0
25fxLrfMzxEbQ2n2JG7NYM,0,1,0,0
43uBDJ6BIfuQMZbITkQnvA,0,1,0,0
1MksAB2Kco2LNw07Yw7W3f,0,1,0,0
5f9xxzYaqdcsG6CFKS8mHW,0,1,0,0
2hBL6UPC3oka4fybeYcvDm,0,1,0,0
0yGIznUIgjS0HtXuQfzLwi,0,1,0,0
4B2dwNlj21OElrwvBmOc2P,0,1,0,0
0LEoQ9RT4CiSqwdwFIteJu,0,1,0,0
0LgZK3cgBTKSDGrYs7HV7E,0,1,0,0
7hchdu56aQAUXLaocHXk7i,0,1,0,0
6wgXg9Yh8hGCC9dADMCUY7,0,1,0,0
4E6ee5MuqPOn0cUJFQAxRj,0,1,0,0
1ZwOWO5wrcq9m5HYNih5jl,0,1,0,0
1sL0HZNJNfi02coko9DAeS,0,1,0,0
77tkxY5a9nxqmRdupsD9ji,0,1,0,0
1qHPTuYMCqs8vgk2RPzEBn,0,1,0,0
3pWLaR6MI25O9K0sRdlalW,0,1,0,0
0XfgtWL30gx2Q0jgJEmR6B,0,1,0,0
31SQ4nQmBzY11DhhzOSuvU,0,1,0,0
62AZGnCNqEDtINqiuCApnP,0,1,0,0
2erjFSxNtKW87QRXNNzgX6,0,1,0,0
3hIxioym6AnfBDA7mKYG8x,0,1,0,0
0TS7dhXXGJUc19hym27MZ1,0,1,0,0
1MUimSRkAwCHKSAwEZzBpP,0,1,0,0
0w220kVTfczvbMSr2GnYTC,0,1,0,0
6fZdCLzwJMYFHBVqDY12dF,0,1,0,0
5ku8WEIbNL23r2YG6n1fTB,0,1,0,0
7wSFL1HgUFlfYAcn66tht7,0,1,0,0
7buOv8bDFBIKUScgyCZwCi,0,1,0,0
0zMHlf6tt9gSdqXGa4ZPvr,0,1,0,0
3MSWFg5eT2Rm9u7ZOENrTF,0,1,0,0
3kHDTEyV8vLsu3Ptx1yiRG,0,1,0,0
553u2PQSQST2ZSLfZS8Trm,0,1,0,0
4QcbvaUqtTsOiBZwBeIziz,0,1,0,0
0MkqIjL1HpW4gVqdrOfEus,0,1,0,0
6w8LFYBMjvuZpevcPb9laK,0,1,0,0
3T1nKAcQaZyOjTvU008IVE,0,1,0,0
3pVi6nWVzi0FJJHQOp12A7,0,1,0,0
5tlRAb4TRLdb6Bne7AIRtp,0,1,0,0
6ES7h8tk90s8CAqvOrECpC,0,1,0,0
42jQvEeQhCr7fYc1XAIVpI,0,1,0,0
140qstgS0Gj81OPqC8Gxqx,0,1,0,0
4AaSQPOF9bVMK2w0q0J36X,0,1,0,0
3xziu1TJxLJKggBJ4H9m56,0,1,0,0
0uxOGefJOX3MQ85LYw0ZTg,0,1,0,0
5qOTHIMS6SHUzVHZbOEaS5,0,1,0,0
1VE9RD4Yim95v5XhFVgG8v,0,1,0,0
6ioHEI9KkuqX9hxIOPPzAd,0,1,0,0
01Jfv78OHzmP6wtGpBfgNQ,0,1,0,0
4zbgEPIedM2gIKKCz21IYe,0,1,0,0
7ihJ8ItMGY9wASwvC3tPVf,0,1,0,0
3q4H7pbE6giZk4KAVG6peL,0,1,0,0
2fKATWGeZ9qnJGyDHYErND,0,1,0,0
3TCry8lUtNdLh3k8LmAc4d,0,1,0,0
50j5bTgEPEPXBNbTeq8w5n,0,1,0,0
4GWoRvpba0zfEgWWuOtbdx,0,1,0,0
3kUHjjb6tI8vVeFLuvRXbX,0,1,0,0
3H4zdVMd5ilau5jiXrVKK4,0,1,0,0
7h0aSNe8KZ2BtgzhflyU49,0,1,0,0
7r1D7PIMet5RqBcqZ6ksbX,0,1,0,0
38cc6dDGO5ouOdWWvuYs1L,0,1,0,0
0MNu0eQFoFiy3lA8itdALw,0,1,0,0
4guvbVGJvbJJXOY48WIZ76,0,1,0,0
4rGz5xYukArhN7R3BYGOh3,0,1,0,0
3OPa4aDveMjAqNmDZ0s0Op,0,1,0,0
0fO4Vlw2Y1RjBPKopZX0YS,0,1,0,0
6sea4M9xnd4BUvMNaEuEaC,0,1,0,0
3uYZa0oKHehh9Fbj1cKMlL,0,1,0,0
1e4wIfmNuzSOUOmhMRtmee,0,1,0,0
6nadC4CtP6iImiu5dWS8G3,0,1,0,0
26Pd4Ko8KS61p8AuQOT8V2,0,1,0,0
5LSO4eRXs8eOT1ms7qh7fR,0,1,0,0
40Hx1mDpI6TP5kqCv3fLfW,0,1,0,0
2bfUswLvVQXjm18W6zwxjF,0,1,0,0
3N8ndvjrCrH1MpBKbH3O8e,0,1,0,0
4nMKeAa1mEwe4udotnNCJi,0,1,0,0
4Zkom0ATY4VvCYtgDPUrdw,0,1,0,0
7yeXxTbBZylUMiO4PfLpjO,0,1,0,0
0ul0gmaoKRUbHQe6KYGoky,0,1,0,0
21DTjgUuObr4N9eDLwo18h,0,1,0,0
7BMG1u32OkoYJ3YsRQTLvD,0,1,0,0
0CLRRG9ePaEQcnjcH0ioVT,0,1,0,0
2VhR00WS5lNkjxZ6bKXMT4,0,1,0,0
6jKyUy73hhQIpZ8L7Ioahg,0,1,0,0
7H6gXogzGY5UiVXjeAapM9,0,1,0,0
0C6TFFtam8qjey0wuf1i6Y,0,1,0,0
1TGyZgtETQiqXNdyyE7bBe,0,1,0,0
6PQOYZpRauqVqbqwgxQBa3,0,1,0,0
5wpBZxfAfTKXgGXGOBLlJR,0,1,0,0
0jKa93ziuumAkOpMFMRiar,0,1,0,0
2ZlJ9P9zokZODIKxPvbu14,0,1,0,0
5vnir3dAa6aH4wyVFedzK5,0,1,0,0
3L9DEs2MdPPIw8DeGOp695,0,1,0,0
2ZOwlbqL8FrYf7pPHawgfo,0,1,0,0
3EpAx9OSOq0ZMrWoOwCYER,0,1,0,0
6W57HEMMaF2G5KOr6w9ntS,0,1,0,0
5CdrjtAJmPlOtBRVPDIugh,0,1,0,0
0W89O10uXYDeAxFYk8j2jK,0,1,0,0
4QplIo4tm8c4uxbnO3Pi2J,0,1,0,0
6ZCADxXLyQfpcvcFeyC7iP,0,1,0,0
3n6Qo8hIjNFZykFQ8iRBJy,0,1,0,0
4xl9TgwYBthnbEN4fjvJej,0,1,0,0
2m5Ea1g5QoflhJvd5LhVLY,0,1,0,0
3IGhelTZqiHAdU6ZkHurXA,0,1,0,0
7o3ct0txgIfiDEaiqJf9Z7,0,1,0,0
3IKMn8Edx97LKo8Eh3bbtF,0,1,0,0
16JrME0rSTMkhEL7XWkdHf,0,1,0,0
4bf38VRIjnLUmx6V5d0efz,0,1,0,0
5sCms34r2trwPlxIHuCp8V,0,1,0,0
3zPfASZSw8UG7ruuKTSDCr,0,1,0,0
0QwV8lq0Q6n0EdhyFE136H,0,1,0,0
26H30hkBqxUuS8YmWc1N9d,0,1,0,0
59FjmFcwNww8T8yklm9nvl,0,1,0,0
24zNnNCecYFSuZJRJMZY3w,0,1,0,0
7rLdx1HpqE74t9uJi9Bczz,0,1,0,0
0PXaCr62RmRb1vGYtW1YAK,0,1,0,0
1hrcUJQNV3QHGrZQROuGjP,0,1,0,0
0sg70O3hoXGCzmvG0LftQI,0,1,0,0
4m52sWBka90LtIpgx84UzA,0,1,0,0
2MsQ2WdOjYhwxatIVJ269Q,0,1,0,0
07fot68iN8JRpmkcRXyChV,0,1,0,0
2SqIJgqacy3LZ5ebe8DLiC,0,1,0,0
7wbFC0g9Lg5fyNBwmiDDSQ,0,1,0,0
1eGUzVrDo1TBIxPMUim76D,0,1,0,0
04G2KNjqEqzdoN2IJpKSga,0,1,0,0
1laA00vWDwzvFoF8vvkiKO,0,1,0,0
3D0XqzBYR6rPwUAfGCCbKh,0,1,0,0
7LJsTanQj5U53qB48Hkdds,0,1,0,0
76Q5oJLcFV5Z2Oqzcw5Tlr,0,1,0,0
3X6NLWHVSyeSVpvVt1oGWH,0,1,0,0
3llOC29yJos2CsRMCCwNjD,0,1,0,0
7jPVs7Xf5OCV53ogfOnpAe,0,1,0,0
573VKyOA8avJ8FKETrhzGe,0,1,0,0
3f6Ql8c4yRVTcTMlrj23oW,0,1,0,0
4Pam0KBi9YeNJirvUkHiMQ,0,1,0,0
4dkybzgtUTrMWGbqykT56Z,0,1,0,0
2uT8VTnS9sEPba1GEO7IDz,0,1,0,0
4PyfNajWpXayZ8aygmzDpP,0,1,0,0
3n19sTb6zMeLqKzvrcHH5J,0,1,0,0
2xG6NkJbZ4kChxBQAq5wuB,0,1,0,0
3wnzPEqYfJtEZ5Rt1DG8mR,0,1,0,0
5oBWec2iHFpYZ15wp4zV46,0,1,0,0
7hxXhgY6UXQRKoZRfAh7da,0,1,0,0
3svBeZhJCNzsxCoUVy9eGW,0,1,0,0
7n6UHCtAjWTAL23E5lWg7A,0,1,0,0
0Zs5up0IiPVLld93d0az2F,0,1,0,0
3ftiFvjqTo9sji81CMYKve,0,1,0,0
1tx9ffpH5sbOqcSTxA8t8S,0,1,0,0
14SyluPewvBBOxO0YSeRCW,0,1,0,0
1YRJCCgWGHHTRwNEIQn7TL,0,1,0,0
2Mpm0q5FrpzybE5d6i1btF,0,1,0,0
2KCcTrN35CpLsgjCaZpMR0,0,1,0,0
0dIg686Qxz8bSaqr18koVp,0,1,0,0
2pI3ONbPNe7qGq2DHUXGcU,0,1,0,0
7CXWmIhtj4zyiiKdvSus0S,0,1,0,0
1Yy0VDM1foJSPimEdHHOsu,0,1,0,0
7pjdNHIJ2lmy6l2GvpIDoI,0,1,0,0
27xMTsEHq9nE9hN9g1xccy,0,1,0,0
3qtE31b8jvi7iC2MvIVt7w,0,1,0,0
2AaEWEG23G6i0gZBA44U0V,0,1,0,0
1pATegNXFBNqYPGofmNspr,0,1,0,0
50H9RzlNRvhThVq4jM5Yva,0,1,0,0
2udDt87uVdt299yNcH2PCO,0,1,0,0
1KDVdNDx9WEmdO732Iwjid,0,1,0,0
4itwvdrsHpX9ttKU8V5cxf,0,1,0,0
0pwI6wGAVFc5duOqAs29mk,0,1,0,0
23Pphb1zz2DasY4kGbQi8P,0,1,0,0
5UOVP6oRpqcfcGCSyatLci,0,1,0,0
1HaMCrcPoc4Gs8Yt0I4v2G,0,1,0,0
4LWEpuVhSXnZlYxBbqJQWt,0,1,0,0
2lq9dFXi1QcW90rEKZdW4S,0,1,0,0
6nutZxNlfqRnjrLf1d4CYL,0,1,0,0
5aYvpjsdlLiX5HEDoGIgIN,0,1,0,0
62GhghMtNOtUbFIWw4V0WY,0,1,0,0
3U5aqoCP1ovxAMyjK0cPq6,0,1,0,0
1QMHE8cQZbT0PuNFd9LyVV,0,1,0,0
7MUnjdkVNRCzgq6XTTnOQG,0,1,0,0
0AQUMBoe85DE6JHDn966Wa,0,1,0,0
2EqfMJPuHMjeBkTVivERTt,0,1,0,0
2X6FcRCPEGHGXPmsWRRh0T,0,1,0,0
5sAstmRh7MnST8iCdceOGo,0,1,0,0
5MaXL961WQKi91lIyTC82u,0,1,0,0
08ALButnrLmaR8J5LuiuwU,0,1,0,0
4K1stDexvQtMVO5PaNPfnH,0,1,0,0
1O5zl0nf9ORQMetrZBM7s9,0,1,0,0
5pBSTmVuXUiT4Tr7fWILtV,0,1,0,0
4nlSJyMhexpMP4cJJUDiFW,0,1,0,0
72ae7GZpMMq76hAH5t0W7b,0,1,0,0
7ghDX7tMJ8flG8OKk9ZE2F,0,1,0,0
6rogpEmaUsGOLDMtFSDt2e,0,1,0,0
133HkKbUybKCn9aKoIS9Ae,0,1,0,0
2UE8yXZuisIZ40DvhiiIFk,0,1,0,0
5puSIhNhEYOtoWyTEPDV4L,0,1,0,0
5IaOldtcYPSvMHscwfiEzb,0,1,0,0
7LHBdvthw1rRWopfBxjvUS,0,1,0,0
1vZMfWIvb4qUBDsFovFXca,0,1,0,0
6Wbqy3yasN9lW7LhRE0wYE,0,1,0,0
73YjtlVdqIM0Qx2HnQYmsa,0,1,0,0
5ak9NW1ES5c6Svw5HJPveL,0,1,0,0
0VKO2f86HWY6ZtVXVCJk1J,0,1,0,0
6OLguM578Uv0OyPBFKEMIk,0,1,0,0
3N1ah0beEy0AAQfbiIv7Rv,0,1,0,0
2o3I6FoKMez5QVgxenG5JJ,0,1,0,0
4NKMELq5FW2E4oNu5wfv7s,0,1,0,0
5BDzikfxcMFClgggk1PiQm,0,1,0,0
5JC6jSkJZa3IQNAfBqApLn,0,1,0,0
6ce7QEdOmPR5zQa4TUPGzl,0,1,0,0
5UhPPS8QS3E6gU3X9HbtV1,0,1,0,0
3SEDTAHBuLfu6QIF4SVelR,0,1,0,0
3jVr7sGp1ReaiWEcx5aoGd,0,1,0,0
6nUNHVp1hA8Ex3f44B7tr6,0,1,0,0
4GEiBvWrSKhIGIFePc3hId,0,1,0,0
6VjJRZlXrtrbyKnWYMd0rT,0,1,0,0
2E6PWF3uec63rIu5PZTQ4S,0,1,0,0
4MPLw8WyMho4YQ0D319GPc,0,1,0,0
6wluv8uIDre1TE0SPJYtxS,0,1,0,0
64TTDspriuucf5n7QScN5T,0,1,0,0
7ATtvCoGZAywxrMrxrJfAz,0,1,0,0
3DhUIylU5nt5M7R5GE634h,0,1,0,0
2qfh2hSbVX5VzlEqB27kjM,0,1,0,0
52tHIWMGkHySh5VDzVggzh,0,1,0,0
2KOL1aBSKFUINGxR1NACG2,0,1,0,0
5mmyKKPmHKCbbuE4Lfbhm4,0,1,0,0
1wFmuFyQBlsw8pNwEX0FkU,0,1,0,0
0uLZp5czmImtPGpwYGPYew,0,1,0,0
38Ji1k2fjHoBCqZRELBsws,0,1,0,0
2em8etqStIfWMbtRzTBBsB,0,1,0,0
3SLlWTJPrJ2gaZxvBA4lVL,0,1,0,0
0cdIOCbuwyxmrFaKTUTfx4,0,1,0,0
0Aj28BWKAeUFpL64pPlTO9,0,1,0,0
6DWipUbBvoTXTjf42rMVWN,0,1,0,0
7rUYCB4NLzCIdbXufXZvL1,0,1,0,0
4ESLfjkQtVslGz9vIEHp8d,0,1,0,0
5hkIXtg1Xi2fwBCAA12XVp,0,1,0,0
3lLdaJjw9uN0cozyILlgUv,0,1,0,0
31WltsFab5yovyjF81iYcN,0,1,0,0
5kGwjLvcgFsnxSsO2RqNnp,0,1,0,0
3LqmD02feCq16axKw0S1Un,0,1,0,0
5HJp4uXiOg7Bq3HILWlZ9D,0,1,0,0
0JATeKcpHfltFwjJ1AEJNT,0,1,0,0
0iot2CsfPxMmHZ3XhsU5Do,0,1,0,0
1ruZp7LJlaLiDDSbGfh3PE,0,1,0,0
5kdexCgXgNaEMbkg48cpxX,0,1,0,0
3gkybbAmxqcioed5eFZKmX,0,1,0,0
4endAOxy3PnHpGTEc697Vl,0,1,0,0
6IbTnQjab5R1FusuBZn92K,0,1,0,0
3WDw4kd1ZJoBpCXpQZLPl6,0,1,0,0
7zfK55vIhVFu7rSNy5FDLl,0,1,0,0
3II9f8S6YZK05ueGu04Avs,0,1,0,0
2abXM8YYfezo58qz1lmbHh,0,1,0,0
7AMfCrk2ab15ILGU9tDx9R,0,1,0,0
5ZA4SPkeyR8uT6cBmIPDIE,0,1,0,0
6qSeSDbSQvrjm4eY1IEgIo,0,1,0,0
1IoZqgLWx6GfxpBtZx33xW,0,1,0,0
5fFv7crf6NTk1Y7LnYqXty,0,1,0,0
1xrvLI4Lot2cFSnpj1Dqpt,0,1,0,0
6ozQPtOemWfInAcnOC47SS,0,1,0,0
2UM1VZJIW9mElLPa5egCp2,0,1,0,0
60BeDAWLolZxKfl6u9rc67,0,1,0,0
6t4VyO06hgStjYznc1BK5A,0,1,0,0
5aptW0lMueLbpADQEwFMna,0,1,0,0
2std64F8xqIImVJ3MVgPkl,0,1,0,0
4ao0TxZ4NpEMvEGWQK4x9i,0,1,0,0
0WkN0AgKPX1mRbsaawCBAP,0,1,0,0
5Nzm66DmWrdYzx0h5gw8DZ,0,1,0,0
08Qk3bTXsmG5PsXxWetqr1,0,1,0,0
2dJsOfkRoNmq7BGIh1fn7K,0,1,0,0
5SNJpJcAa3VDnvc6qnpKsR,0,1,0,0
1Hh7ZqKujCZssploNhqThC,0,1,0,0
24g2gdMH1IJ7oAUbi1f4ch,0,1,0,0
62dNwKN6Xxd7r1iGGvYaT6,0,1,0,0
4FOzRsuXYUnuduqunrzpyP,0,1,0,0
1ti6egqL8wRssZkeIUmQ7N,0,1,0,0
49gZXGEtFHTczVw3BvvwRV,0,1,0,0
1mmha2aq0XoNn7Bx0l2cpw,0,1,0,0
2n5zzpSfqIfGXHHJpjVDuC,0,1,0,0
6LAey6kpSuB5UPR4dCPUUX,0,1,0,0
4MlH3mYWZC0bR6iWBO2gxT,0,1,0,0
3wKXZG21ww8vnjCBwvcTyn,0,1,0,0
5j3VwLttDQ77VOFOZZkvgu,0,1,0,0
0FLC3mezcwzW0uunxBxCZ4,0,1,0,0
74odA0grOYOfPHIpGNaYKm,0,1,0,0
7Bkd86FalFII92c5fRuJDd,0,1,0,0
4MEQj5uZdqAGsn6ZFkQoQv,0,1,0,0
7idSQrhsdXK3EGTQCqKL7a,0,1,0,0
4aGWM8Fp408kPMSqfjpXDf,0,1,0,0
0mgN4FBXMnaw89ocv53dWS,0,1,0,0
2mvGuKe4Oug3xXXDn34z7C,0,1,0,0
40zf9vU7TLKCVo09j1mdtI,0,1,0,0
1WxOhlWWtXRQqqYCf81jyv,0,1,0,0
63OVyqTlwSlCjjSZ851Pkl,0,1,0,0
2h3OCCgYHLX3EmhyO0x8mD,0,1,0,0
1XzrvrFWOFCOXfBs1YmcTu,0,1,0,0
1v2YX73fAv6jGF17v6kB2r,0,1,0,0
5hOEJ5gFJeQAAccpWMOwgD,0,1,0,0
77ztBawhkoRORdA14Bu7QV,0,1,0,0
5rt4oQqPJkTAl9NeU9YKp6,0,1,0,0
01FtbFgcRqSZvjuajxh8Y4,0,1,0,0
1G0oy9muVv7HtYJwZfCWd0,0,1,0,0
2MghUME4koBmlA69t0pkFC,0,1,0,0
70er4JxIbiCqW7IjpYFuyN,0,1,0,0
4q3PJ7uciEJjReswv8Wdel,0,1,0,0
131ESe39ri3BvKSVsiay6n,0,1,0,0
7eqi4xfwyLPdKne5WSeMSR,0,1,0,0
6fam74ThfsPgNMmJKIMG3A,0,1,0,0
4Jvlsez3fFzCOwlff0sTkt,0,1,0,0
4jEmihXCo2NKoBLihdREx9,0,1,0,0
6RXu3ktASrPpcwyIh6ZR8U,0,1,0,0
2KQxVLFIQXDearzqz9GpZ5,0,1,0,0
4Ie5bzk1l5VV89U42E0FVE,0,1,0,0
2Zwp1IzYPjLgB4XnjScNsa,0,1,0,0
6DEuuCiekGoFvMRBcxmiHo,0,1,0,0
4ix2ZKtu73Q9yfQB5u1obf,0,1,0,0
7wnOIsffK03jLqKIXFg9Re,0,1,0,0
5RBiSpjnEyPJeMOTOTie17,0,1,0,0
1NJ5FnSd2PdawuVSppdBLW,0,1,0,0
3PoH92xpJFoccbyaf8M2h6,0,1,0,0
2nzkd3t1l3r8t9Bbg0Ft3p,0,1,0,0
4ucKS5aQ1LtEuwRydz2F2f,0,1,0,0
2ttUItTIWWjFO8Nwo3vczZ,0,1,0,0
1LwB80uXJGpljHMfkaq99Q,0,1,0,0
2ELPDQsorCAhbuN6YPvZNp,0,1,0,0
0QIhzy7voZfVvxmjgLPhTK,0,1,0,0
7JulbcBLSBOFdc7RyeM2At,0,1,0,0
04NmxsaRYt58fsOhoKa8wk,0,1,0,0
5gQo6iVfqfJ7Fqdmvo7csg,0,1,0,0
4OjguUptNp47VI81L3g847,0,1,0,0
6C8eegr7qSzPyEWy0h6fHq,0,1,0,0
6W0nBTBUZ7Kg6pEHT8VqPY,0,1,0,0
5xrUgBBaXhHwsvdh43bUC0,0,1,0,0
6rf6XVLlTFEfSefpYLJGGS,0,1,0,0
1Oz7DdfTY4G61KRAaBvHgN,0,1,0,0
61hWilihU8jjMXdzxNzvPk,0,1,0,0
4WPI127jZ1n7YOKWlJhpoL,0,1,0,0
3ywpMCdME7bD3sHD0MNv5V,0,1,0,0
7bB8yK5eOJeGyyWJu4eG72,0,1,0,0
2ZQIacuROPqmioMEYUg6R8,0,1,0,0
2BFuVUMsvSomRf83W42XwS,0,1,0,0
6QpeIzIezSYdv2mi9j9IKX,0,1,0,0
7az2ccIm7n9rmHzF02mO6T,0,1,0,0
57fLluJKgCn2MYRrluhKjC,0,1,0,0
3vaEwN297b0tP5s821Z8xx,0,1,0,0
2jGBigN6SL8pFC01aZ4yEO,0,1,0,0
2o64s0UlrIUFetdw4s6Dbg,0,1,0,0
0jZP6iv4c8g2dDo2X5Wcnv,0,1,0,0
3HbIYlwKjQc05zLNHWlOTP,0,1,0,0
0tky6tIvGdGiCsojqDZaec,0,1,0,0
1kDzvPisz3b93vViQKx0W9,0,1,0,0
1jYkf87LFaDWJuQjHX875u,0,1,0,0
1GmGhVsDFv243iDSdyhg0J,0,1,0,0
2dOf2tLC8a5w7DrTUZqoRh,0,1,0,0
2ap2SpqFQYpwRehsMcitmq,0,1,0,0
7yQpo4njBNFTbLyMmzB28c,0,1,0,0
5vtcIY2RmxTj2oZcE0zbrU,0,1,0,0
2RT9Hm109szubwtsFznP9A,0,1,0,0
3BLCiK9GG7vqO4LAZmjRdz,0,1,0,0
5RqzsnbrJlLKvhinafDjxB,0,1,0,0
450i776SFCKn5EyvwphvAe,0,1,0,0
2dH0A3pdwnKdAdI6oRjcnN,0,1,0,0
63CMgeeEcBv8NZN3fmj597,0,1,0,0
2gciEPLNYHueGmMniLaROk,0,1,0,0
2zDQWjTP8HZoYZrHpQNOw1,0,1,0,0
4KmyOrVae3wrwdyUGMJy2G,0,1,0,0
6HsfyEvHJKV5D0SN8NvcnL,0,1,0,0
6tbZf9RLvb2gQ3XuNEEnYP,0,1,0,0
0SYd0RgLA5d6CQ7iQyutWQ,0,1,0,0
5dEeLql0DYJe0SWInyZiOu,0,1,0,0
1Z8OCpaKETkypfEe3oh8tv,0,1,0,0
04VDjeMw0vdb3CrgsAqSHr,0,1,0,0
5zga5phMU4jO56qzt0cXdQ,0,1,0,0
6dDcaOiexhyzDVqpXR3GZG,0,1,0,0
57zOXBneyDLj12VU2oH9Xl,0,1,0,0
7BzwzAbvD5diPkkc3b1uam,0,1,0,0
6M3OXUk3US4zMq7Av2lq9E,0,1,0,0
0z8eYrFTz2KORRoR95MJO4,0,1,0,0
18nU4wfrqNfnvuXo9SLA7x,0,1,0,0
3XJqmpLdsFDsNOo7S8MUwz,0,1,0,0
1r6FMbUS5vIU29e2KJ2orV,0,1,0,0
1RidykIRVr4Nrf5TgOxvMv,0,1,0,0
2txrAriQt6t2Rzq0eZi1a9,0,1,0,0
0Qs4mfi7NTClH7lw21Frii,0,1,0,0
7tmvegDK8CjnuTKco1H5fT,0,1,0,0
6nLtZJMZimtETz7ME8LzZw,0,1,0,0
6vQd0EyBgSIZ1NfJ4xwF6P,0,1,0,0
6rlVqkDc3UI3kCq6CEx0oP,0,1,0,0
1l2V0u4FCicUrG6034FafR,0,1,0,0
3lQqgyDUsM49OyBt7CrLlY,0,1,0,0
0ToZUIGN62qDm4geJdWF6D,0,1,0,0
3iECsswCVixlNZFwTzgvAG,0,1,0,0
6IWF8DS9uzUXCGmDSAucqD,0,1,0,0
1OlWZcuRj7YYhPMWgzEAzL,0,1,0,0
0gmIYyrLLWOSuyrOxWbTP7,0,1,0,0
4asUyFdYHNLfItLtmnK0a4,0,1,0,0
3WfeJOoVSZD9T5S53CqXFk,0,1,0,0
3SHgiVf7NDMLA7MslZI5Ti,0,1,0,0
6Nv4o7Krr4RmPeVbtpWf6T,0,1,0,0
4nK9Sqh2oqgqKK1mFkfvKU,0,1,0,0
1EukfL77D1UYvHM9vfDJ8h,0,1,0,0
1lQaT6RH6xARrKv6IwUaWz,0,1,0,0
7fQWDSwLENhNxUQy9x3rnq,0,1,0,0
1j2bf4sil27NaO1piZcM2T,0,1,0,0
7fGKvy3qtmjKB6weT4RVle,0,1,0,0
1n44RtNEfrEzYaKVFxBvcM,0,1,0,0
3PPQFSaisyL2fMjt3ItmG9,0,1,0,0
4XsB1c8z4D9EZOs3lUZ3cZ,0,1,0,0
0Tks3QrBWb8csS7Bw1Nrid,0,1,0,0
5Guk2JbXxHAzUoIPSQnwRL,0,1,0,0
2fqdz7u8FPZTRHqtI09KyD,0,1,0,0
1dKp1Xqf7emRRue6Ifyp7p,0,1,0,0
1qCAjgbgOmluIuJOGWwYOy,0,1,0,0
6xDUqVtmUCwjdq6imvoJAe,0,1,0,0
7bIuJKvZepEKa9RUfEFwtY,0,1,0,0
1xoQxO9jLRmA9StWTpasxN,0,1,0,0
4HvJh1xr0V5YuGgrTPaYTg,0,1,0,0
7INRYIENhIJAkdLocE2x5H,0,1,0,0
0E0Q08krO6bBVzyb0YvjyI,0,1,0,0
2smPRWSprROTiHnwarSFAi,0,1,0,0
7CdOEpq3AELfBQz92NZlaH,0,1,0,0
3EpyE3JEgnZTaCatTbGufN,0,1,0,0
2SzoBO83qv7Z9fnGBzPkCW,0,1,0,0
43Bg4RP3FQ0Eab0OGfCZWI,0,1,0,0
2QAPmNJ0ViyHUNN8LWaCHo,0,1,0,0
11Lq3VwxmC0HaG1yb9CPPk,0,1,0,0
5woYdpziU0h2SOoLFPiA6t,0,1,0,0
6NF8X9bgdiRIdAoeDloazL,0,1,0,0
0G48nDuUsKQSMsBPNel2Yd,0,1,0,0
6OQd7hXidnmiMh7nM8h007,0,1,0,0
7tyTlvERt18LoNrXAJCxjK,0,1,0,0
768zk0himSdi1QGjNTQ6Du,0,1,0,0
0gYOkHTnICKvTxONHeiQbp,0,1,0,0
0eIMBhHqX5TDDfqYiSEOVa,0,1,0,0
6NtKxb0sXVbuEXYrGcoGam,0,1,0,0
7mHEDbWp7po7HCyXGwXkBz,0,1,0,0
1My96YZq3tsQmO2wRRqfKN,0,1,0,0
1phjELT9qQRccdofOmiQis,0,1,0,0
6pW30QRAtvVHwhTMhJYaLn,0,1,0,0
6RPZRRUouy3IdXZfxWR1G9,0,1,0,0
69IBh8ezB9zTJ6vbHpH2mW,0,1,0,0
4BO8AfHe7MCC5PRgsG1Q8e,0,1,0,0
6F9vcjyiqsLiOxmuUndT8K,0,1,0,0
0fdZyDSQY4o7cnIwB6dsOs,0,1,0,0
6LfvM62ln6IPyi2ifFvFlx,0,1,0,0
6MHQqZMDxvruItuMi2IeaD,0,1,0,0
4obLSCuV2l9aLOPEWqv7sr,0,1,0,0
2Mr8AQ5Hwdb0ZQAiiDqBlY,0,1,0,0
1Je6MzJZkKZtwv4jWVvUuc,0,1,0,0
0SGE2xVYlmzXsiJhAAQJSv,0,1,0,0
1qYctPZE4i9v07YqwhdFnq,0,1,0,0
75TrafX8ge9mF0qucHVkAb,0,1,0,0
2Ir41P9EmLtG6SdG8NEEGU,0,1,0,0
1L3CTdm3pqARlqmFoML9Kd,0,1,0,0
0HoTh0i6ocio5pAwsi0sdK,0,1,0,0
6iBxZNFuOOiWvAEeNMohBp,0,1,0,0
0bxt26rRTGJDqAm4Roa8Ma,0,1,0,0
1kvhfeB9Sg8DMhbLu6TbUA,0,1,0,0
7HHPdHJFw4eZuHuyW99mqx,0,1,0,0
5Etz6ajbQuO6znbAgMXnaI,0,1,0,0
4AMshtmkJpxEwVdGdcl5Gv,0,1,0,0
3Z9Fcg6krlC8t2ZEuAwLbJ,0,1,0,0
7aHgGhJcbBLVViRXpWVz0M,0,1,0,0
0t508r5Km7yMFfGXwzW4zX,0,1,0,0
5CLgSG8vOgGdvDLk626PlF,0,1,0,0
0YXbeTKUjydfoKSgBmUA5D,0,1,0,0
45QzTJcrfVeV90srTtgUnT,0,1,0,0
2ocTM4JMA9BENLoJUmRrIg,0,1,0,0
7L54YguHVHxM8vBL4JIhsH,0,1,0,0
75eav0ij0jJkIQHvS6xFVT,0,1,0,0
1fcH6BixBJwbwFK3XtJr7q,0,1,0,0
6fhh7raYaiI7s9hfNBpNB7,0,1,0,0
6BJd3GzivXB7laiKxhi9gT,0,1,0,0
3XMlp7xN7Cj3v3Xb1Uvt4y,0,1,0,0
6maFqJzN0HkAlRP0n5Y1FT,0,1,0,0
4kVWYmKRWT7QP2czixDQuK,0,1,0,0
1a6HhcKMON1R3a0gq69eib,0,1,0,0
2zRjJC6HaEzUCJRyF8gD10,0,1,0,0
2ogxD3A4gCJcKJpavlKY3P,0,1,0,0
6pIRzt28Zeb6DINsgNJt3Q,0,1,0,0
7miMk5pgJrQY1ONMTYqLfI,0,1,0,0
2EGYelaopDioc8S8riMJxe,0,1,0,0
0lYykTD4we1JCW9J5ip22q,0,1,0,0
796C3SZLzMGI1U7Rkc0AAk,0,1,0,0
0mRhUdfApzeB9oHtMcG2LJ,0,1,0,0
5R6f8BMBHzwuMaD4LwAWEj,0,1,0,0
2qAYprMc4ICFmrFvDN0MRF,0,1,0,0
2oYRk1daPgPuda12I6Y7zh,0,1,0,0
7qjyTzrGeEOuhNUzg9lxgp,0,1,0,0
4Ly7iNmfH0ktsGl5apu4UG,0,1,0,0
4MsDzFZ3JNCVDRKCVsnyh7,0,1,0,0
1Q1hiDvJEEan3BgSnDY78g,0,1,0,0
7wqeVDcHMAce5uL5PPWGHb,0,1,0,0
23shOfobNGui7MsbhdPOCM,0,1,0,0
6JvajBzjrt6VOpeV4YblII,0,1,0,0
2YojCULsNEEyEknrVemzIR,0,1,0,0
6l2XGEchldRyBgTGKzN68x,0,1,0,0
593AhZEXQoTebRDhLYB08m,0,1,0,0
7KH8ATUBnRbmoyrtWoN2qg,0,1,0,0
0lm9zLhxXVbO6wN316I84r,0,1,0,0
5MigTyWUDDlIAqoGqGToem,0,1,0,0
6fgq4UWFGyC9X6WjD5a5CA,0,1,0,0
7HvoASiQ8U1oFVQQOyfYeS,0,1,0,0
3gsArKhkdW9SMQDfAzc8MT,0,1,0,0
7wd3hk6OloqWDtjccM68ZU,0,1,0,0
6hnje5ITAWy9egMtZTFu5i,0,1,0,0
74Gqlq13TS5iwHj0Jb34Kq,0,1,0,0
4RVDUrXUlPD1XRJzXMtkGZ,0,1,0,0
5jDgk58aauVNP5diSsKR1Y,0,1,0,0
5B94fDU45jLlmnnFawk8FE,0,1,0,0
1Kn0u0VHBE16134ZAUnbeL,0,1,0,0
4Ysb8Heogga21vlXW3Ijrv,0,1,0,0
3fCNzBtBDob5CFC3zyUUHv,0,1,0,0
1BNl5rJsiK0d9uVfOI8zmz,0,1,0,0
4VQGDcUYtzbiqQqYU2MHyH,0,1,0,0
23TyfvAKpgiMvvs1IBdx4B,0,1,0,0
3lgF2eGbFMeCE97kRYQw6t,0,1,0,0
45MImeibAl7WGbunQS8zVH,0,1,0,0
31ZFaB7kStdjr9EUfEmVhP,0,1,0,0
0xlFTYejINdgE05wiqXLty,0,1,0,0
4qN4TSnHCcg74Srq861O1z,0,1,0,0
1VMjHsZT6ifQCr9tvIKS2T,0,1,0,0
7KcwIPisHlugcm104ZCTkf,0,1,0,0
4a1sSKOmelRLnUgOj8MCtd,0,1,0,0
7vjVMSsZAeImcvAAfpPonB,0,1,0,0
0KK8EmyjmG1lDP0EGT2TVj,0,1,0,0
7AyaJCanbpuoosgRPXAig4,0,1,0,0
6ip8YZrZkhYVx99jzuubvo,0,1,0,0
6rvh2ZFfDTF2y2axGw0wMm,0,1,0,0
5Rw0DWiy7ZQgqQk9djbxeT,0,1,0,0
48RPSoYQexq6A4jf3JM6su,0,1,0,0
5dPor8DAaF6BVtxVqQLnHH,0,1,0,0
5JF30Xe7EfWKnvTqRdzVmm,0,1,0,0
2TyAbGhHSBlCxzFoO8v6uN,0,1,0,0
2et8iHdlq1B3Ebj5vivFKo,0,1,0,0
290nmHskg8GjGImzNVnwLe,0,1,0,0
7I662Q11Uk4rN9CJiDVQM1,0,1,0,0
2K2eaVYdt21WXVT4VPquzz,0,1,0,0
20GEDVxrz0ZcuKVwJA9IcF,0,1,0,0
2uAVOyP0D1SFcHWoDdYGUb,0,1,0,0
1ynVvFtXqUKAerOLrUhUpc,0,1,0,0
26RShawczSqg9yoP8QJ663,0,1,0,0
6SwO4TOl9nVt0cHTjTMp1N,0,1,0,0
5Hm4RCjueWQn0BraZIxpLz,0,1,0,0
4zu80BbjG3Qm10xf7Qduey,0,1,0,0
7JGTgOqiIYoNOwJpllF6zj,0,1,0,0
13bvU8Gl7vR7gHtUby3Tk5,0,1,0,0
7ohvzXn0MDWPlOyi6enLOy,0,1,0,0
1o1G5sW3G11gRZOQ5EQQk7,0,1,0,0
1mNUQMvNhVbHiXxFwq0pBC,0,1,0,0
3b1WijzIfICMWFd2tLX4Nh,0,1,0,0
3wzoFX6SADPIBIt3UVZu9q,0,1,0,0
3AqNTr2T6JIl6XVDGQgBcB,0,1,0,0
56m5bnnhfyhygjzVorILQe,0,1,0,0
1ZG3TdJlazNzpFZaGgGlEf,0,1,0,0
61XT8G3gw2xZMZZjSMjg9N,0,1,0,0
6XUgIGsJNcKAIcucS4JLUh,0,1,0,0
6tt5TqLnvUcsV0p59EGtiv,0,1,0,0
1wg7GZrEOAnU99NgikrhZa,0,1,0,0
29fF6ohNOqqAGwFIPEnBfg,0,1,0,0
4IgFY8E18Mdfbqe9954B7T,0,1,0,0
5gnTo1WWotYbVKrXGEtyXb,0,1,0,0
7hFpo4HqFl2eXSPBIr2VpD,0,1,0,0
2gfSQw8rIfw4K0LVA9QH6s,0,1,0,0
53OZtOPPKUqMDk5ykrON4V,0,1,0,0
4UcK4BAgfDGHwCRIl6fEat,0,1,0,0
6bfJZ5SlGFLwVB88mkXdgl,0,1,0,0
1VQpDIabbH2tWKDNK3yanz,0,1,0,0
0j5Xm4QBNGhbv1zVcKGkoj,0,1,0,0
3GqQpi494W5JP2ggm3w36Y,0,1,0,0
7jqF2hehOR8rRoDFLZc1ag,0,1,0,0
1hezj5dff8mjIv4oWRxVv1,0,1,0,0
7D5Wp44IJj6uDoIqZqbfKQ,0,1,0,0
1RZVxPYAhoBz36OQIZXFMq,0,1,0,0
4tgAxlrL9yPiBCygXshkRj,0,1,0,0
77xIyo4xZcXOBkVNJRQsZV,0,1,0,0
4f2U7KasT2vkWT2vaVZcI8,0,1,0,0
0y2x7fVURoRamD6u0Ql1lt,0,1,0,0
1vkRFQzTm2QeI0Nl5IspRB,0,1,0,0
6eFqXBJpVzVjCz6BOS5Ky7,0,1,0,0
1hrpknPOeuhEfmeVQFKcIW,0,1,0,0
0sgZNz0bhTBaV56nMPfxDV,0,1,0,0
4TLVReV7qDpybfygdlYaK8,0,1,0,0
1fQFxyBgiaF2NvuoEwqRVL,0,1,0,0
1DEtU9qZvdogY4W8Kni8uB,0,1,0,0
3GLzBeOg448s8cXaMmGrzR,0,1,0,0
70KBHOojR9oaZgzaLgO7tg,0,1,0,0
1vHPidGnUqwfhwLukbCiiF,0,1,0,0
5ncaygM9eqMVAQEvrBWjhN,0,1,0,0
4rBPzdq5R6fYv2FtbfGnzt,0,1,0,0
5lyR54APffbT9NO9aIUkxy,0,1,0,0
1GrGqyLAQud5OfuaZmUt0p,0,1,0,0
2GZo8lvuWQfdoviKVg87DN,0,1,0,0
35wCkQEpBk33ykCep65UTn,0,1,0,0
41vBbdUy8RP989WbQAWjAt,0,1,0,0
5B2q2Ze3aF4chb1f74dMGx,0,1,0,0
2HYYqbmpPBF5sNRkgAB8rY,0,1,0,0
0fNpi49obKnlAuXwSveUH6,0,1,0,0
4HcWlGxbUfPVDzfVzofKzo,0,1,0,0
5qPUg0HlHtkIVL7aCHaRjq,0,1,0,0
5iBC6bfYiQg8GGK52weLgs,0,1,0,0
3XlFXkTfFY9DNRwoKay4tu,0,1,0,0
1OW3s6js6PoynY9e10pOoG,0,1,0,0
0Fxqb0VrjN9iBZwatY4xZV,0,1,0,0
7AC3AeTtliKD7YcmLKlWLH,0,1,0,0
1O2zxBxt83wKWs0Zt6MWmg,0,1,0,0
37or3Q52zgGxtUSdFV0uf0,0,1,0,0
40j8IBJFssftlVqdI6Xd4O,0,1,0,0
3wClLU0uJvsBIJEN7an5cJ,0,1,0,0
36AeBVkuQ1EmkuV0mqWURi,0,1,0,0
4Ck2lK1tBXtMy0UW4q306s,0,1,0,0
5846AUj35hPU9jlV5ChwTH,0,1,0,0
44VcHEDFtRwPsz1BASdf0B,0,1,0,0
6AvaRxzvppjXviS91h2adR,0,1,0,0
1CNK190yBU1p7Ilptx6Hem,0,1,0,0
5sxFaCClhV8cDlGWYOqmL2,0,1,0,0
4p6VIcO7KXAWuH3OKsLlOF,0,1,0,0
1OKvkrwflbXEHJsYBgfgUe,0,1,0,0
6OYZTwQeLIhi26zVfjLFHf,0,1,0,0
2ziUKSGPs9h8txlXuZEwjU,0,1,0,0
1yrRrnCtqG2ICItTVMdXoB,0,1,0,0
13TK4dhZUyyp3kBGDDUJsj,0,1,0,0
2r8yfIxyPEDmjf8EXxw0Zp,0,1,0,0
6p0jUxP48OcA8YGR2SPuhh,0,1,0,0
6qTN0KCfsOt4pVgQnnMaJD,0,1,0,0
7CdCVEO4mr099MFWpJubvX,0,1,0,0
36qTHENmSv30Wt40CFFVEr,0,1,0,0
5DO74F9ycylohDgrkBLSaR,0,1,0,0
0pTbO2BdHlLL9en9LVR9sP,0,1,0,0
0PcsBv6tjitV2u6lFGV40Q,0,1,0,0
263NCA6spsY7T3AccK7rqk,0,1,0,0
1UOFAk9Qf7LL2quRiIdzmf,0,1,0,0
5nSq6pMGpU6IiXm274FBY4,0,1,0,0
7aEsunFJ2rvBZVsiQtvFEZ,0,1,0,0
293NwwB7zzfuqPzfWYnWSd,0,1,0,0
3wcOx6qVLVNbJwTZRZvFIW,0,1,0,0
36NGlGaQ52Wm5A4eIAOZQQ,0,1,0,0
6XVBhly8vvkEUmv0FEBBKm,0,1,0,0
1QQSSpzQ2jJh9ZnRVLrOAO,0,1,0,0
5tH6j9xZ0l1uHR8weHhjC1,0,1,0,0
0zffvrkSfiwvt6vCkWs023,0,1,0,0
5fvtVlRrnuTRDNIjkGrMsz,0,1,0,0
6lshw0KCUy1ALuQENrJMPg,0,1,0,0
3sMMf83ApIGfpR4Q09gRNL,0,1,0,0
1MVAez1Z3urVha2cbei1Lp,0,1,0,0
6BiNE9gx70Znw9itpYKeGb,0,1,0,0
5HtrNkYJ2ANgcktzXnvOkl,0,1,0,0
301RKo8HI3xWRDy7v1zyU8,0,1,0,0
5WFBvcRO0p4NeCB1BcO737,0,1,0,0
3FScHFzulQiXiTtPieT0G3,0,1,0,0
5uvmNLRQYe2KBY8dpugV8I,0,1,0,0
2wPApF7JnXvaP0FM4cJR7Z,0,1,0,0
0ZTkxqSXfeRUBwR4aKN0ND,0,1,0,0
3PCSkpIn5h3FC8bUHwaitT,0,1,0,0
6fao27Fk8X07r4nhygvFcN,0,1,0,0
45CYJpKDmPMCaBTjt2UNKt,0,1,0,0
78HJh9F7FxIws1d5365nzS,0,1,0,0
0Crk5hSRLVDy9M5NKSRcUz,0,1,0,0
1ISHM5P7ZSrgOZDRmfGrMm,0,1,0,0
5VdeHNvlwjGAYO2sLE2jUW,0,1,0,0
3e63h0Jlo7W2qpmKLp0upd,0,1,0,0
3NJ0aO2k9hS5ZokQJkr9HG,0,1,0,0
3yzeCR0rKfvGQgnI7p6C4K,0,1,0,0
5hiw6BAOxUmgmAJIkRK50E,0,1,0,0
0HVQTo65AUN2h8w3lgRRIi,0,1,0,0
5U3bpjd9EFuN8anjPjkS2R,0,1,0,0
4UvK65I6I2OUKVgO3iyErL,0,1,0,0
3RRpOJ7jmw5fXYlVR0fIRc,0,1,0,0
3EdUGgotxJuyMHhntX8r3v,0,1,0,0
7KkVeziY29jeLBt82VZ0NP,0,1,0,0
7nzxL1vRHwePmrCGRywV5M,0,1,0,0
5mWYHBHi4gWECxBnFwKC9Y,0,1,0,0
12dSNIeFHq5QFuR9RePH36,0,1,0,0
1u7Lz5kWzkt8Quhjs3lULs,0,1,0,0
3tBkePtkZpEEmiD3vUBP50,0,1,0,0
4nHCcTvHHvR78eCdbf6yLs,0,1,0,0
3aBcQ1isEzzhtPqj8RFao6,0,1,0,0
42tOt1mAyWXk9zj9dgQWFe,0,1,0,0
20RbkmnRQeZ7LkrPU2jtvX,0,1,0,0
3d3sC8Yj51skuPIJC7WAj8,0,1,0,0
0x7BtoCOiRDo4NOO6WQMdL,0,1,0,0
5018qrRLyDvPbdDP0B6eBZ,0,1,0,0
3vkCXVaVSj8Zzk30seprQr,0,1,0,0
36V3RhnqaGvEJYK8U33uHf,0,1,0,0
0yBYmNE0tXmuVMRqsbBQTk,0,1,0,0
27PEm1oc0rdDguPlmWkC0g,0,1,0,0
3ZkIF2DY09AJSbAJe1HPKr,0,1,0,0
2x0tlazLDidoerH6AJQVVB,0,1,0,0
4ANSt6zZvUDgnebtc7Uk7A,0,1,0,0
0bin6AdZITN6zG24FheOv7,0,1,0,0
4se4OV7oIddUQRPbR84b0R,0,1,0,0
5LykfLjRM5564XIJSwhXXO,0,1,0,0
3oi9taLl42JCAIMEyDFMQG,0,1,0,0
4TzcbBtCMTdi3eu6kTPnUe,0,1,0,0
18clM9VXZK38MYJ6ugG5ve,0,1,0,0
27BZjDvEhBKmhYDMb3IufU,0,1,0,0
42WsDNpGSKf0mow97d5Kr5,0,1,0,0
7Lz0WPY2GRtlNzpUCtmUx0,0,1,0,0
0fs9iACZF1v4TwrmK0dCnm,0,1,0,0
5d3XjkfqjcrhjmTOHsp2pX,0,1,0,0
2jIIgSaOkRdZB44KqVadsK,0,1,0,0
1NblJ1wlstBR4MQ4LBnx80,0,1,0,0
6lNgp8Y0tKKqNwBFyssr1l,0,1,0,0
4XSoGfoQt2YOs8nPtA1tqX,0,1,0,0
6gocThjYKavjPMy0LEqI3R,0,1,0,0
4DO6i8kApkgSuSlLCoK8TT,0,1,0,0
5EiY49hyaoXogyzyOpSLj9,0,1,0,0
03iTNysmVggRKikFHywJzx,0,1,0,0
5ZgLlQXpqB5bB6nB3YxlwZ,0,1,0,0
5GjnGUa90qq4ZZALLSmLQz,0,1,0,0
0ohVxsNWVbbALVFwWtt6a3,0,1,0,0
3RddyrI8mmInkKVoEsmri9,0,1,0,0
7dl2Zr4fWAcru7XEzfUAUm,0,1,0,0
226LoiJ0LLCKESQQt36Naz,0,1,0,0
6ZYHOs9ABj3IayOhZJB7b9,0,1,0,0
5XaXFYXzxolEhMI4b2BBBq,0,1,0,0
2065XpXhedULe3nhaHuXAl,0,1,0,0
2YUsdCfkQoYyVpKWJ2MV9k,0,1,0,0
2Y8zYmKp49oM8K4KzrCi5v,0,1,0,0
73SQELq9su2KYNgoam8JmN,0,1,0,0
0zpLT4sKuzh16cv2sDjAuI,0,1,0,0
29FbWE45ETBzDl5mWAmef4,0,1,0,0
6XLwZAVmLG5CtXyjmTgBdN,0,1,0,0
3CdI1UoaWAbJVfMPzehzgV,0,1,0,0
1fH3YiILpWLogj1HpTjm2Q,0,1,0,0
5IwqwCBiVej12AwP2nyDhp,0,1,0,0
3st4G87ITfeaKb0otmwsAP,0,1,0,0
3EMLjX2YxbuviFUPrQG8ek,0,1,0,0
4XPfHZUzjseQrxArqumORW,0,1,0,0
2cssLngOLegICh6GoLfwxO,0,1,0,0
3OBAH4R1U5W5XXjYWA4wfk,0,1,0,0
70nWg21jU2onSfkHLijmi0,0,1,0,0
13uYM2p9Ww9EPlsBb4uRiU,0,1,0,0
6nCuTjdduprymtTmkgLw1y,0,1,0,0
6zxNBa5DWxipOExjfh6di0,0,1,0,0
5zLdDJPBi3hUTJUFIrU7Vk,0,1,0,0
1PAWpmWCqhK7BHFZ3Vd1Z6,0,1,0,0
5kuZLPBH4JgoI3ATSeEYdH,0,1,0,0
2b7BSMikbdg3g5uGApDR5O,0,1,0,0
5TFxpjFpd8z2kF2i05QtMh,0,1,0,0
4rtJDw0xolBEcwPCHSsvyl,0,1,0,0
6K53IMT61hljkoqNfBa4Ud,0,1,0,0
5z9eMU8NR9yhefE0xJXFPR,0,1,0,0
01sxm4Kol06DGZSGryOBD9,0,1,0,0
3gs6379N6WTffMsIC3B14n,0,1,0,0
6CQHM6efbGSJXW90RJ3XvG,0,1,0,0
62Attle6HhJRSNJwPo4T7s,0,1,0,0
2ptsvL1fng7h91llnpORxf,0,1,0,0
18fO3lI2q2CwkBrhMvnAa3,0,1,0,0
5efujyjeU37mb8aiHFJ32X,0,1,0,0
3UTOKn4EX7nji1RMEYZhiq,0,1,0,0
3Q6dxeCtHMnQdjxXzZDLPP,0,1,0,0
7utRHA7CWXm9BYPWqA5FKC,0,1,0,0
2qB6NBrHVkju9HoPyMOrIH,0,1,0,0
2Wxij3HXpNh5zHFV5mSQSX,0,1,0,0
5O5k9w47yROZJErI98wJv9,0,1,0,0
158D2c3XEIuvRcoTnTB3mf,0,1,0,0
6ioQL0FcUgJPdFkkOhtVZW,0,1,0,0
1je6hRphauPrxVLbF0CU78,0,1,0,0
2eAFFg385IAlbpeOXSTWxi,0,1,0,0
4Y1MwAJ6qSvwhej6piEsSD,0,1,0,0
5FNg8XIQPpdYrr6cyzuJA3,0,1,0,0
0IrWISLaVxgjdmsPQmzB0U,0,1,0,0
1uze0pw9wVZAqShSfx6S4V,0,1,0,0
07hTpSIVNO7JG3mQmCf0rI,0,1,0,0
2dygR555ApXCGx7XXoBIPu,0,1,0,0
0VH1SbE6bzrTNu0LBqz0Dv,0,1,0,0
7HBUMUrfY9MsqnQZyTR8qj,0,1,0,0
4jNSXdMVWDBbMYfuIJQQ8J,0,1,0,0
5luQDT0B4gTtC3mbv109ak,0,1,0,0
2ZhsgsKkxS1c1eS9hQ4GVK,0,1,0,0
4KaAcGT9SQnMSeiVGjYveQ,0,1,0,0
2MHaagFd7gnYTSNxpSoqjw,0,1,0,0
23x0xNhlWttRgsLreqlkU8,0,1,0,0
3vYPPh4xyws6zG2ZxNKOER,0,1,0,0
23nQpHVwCOngzy3kdMJhHR,0,1,0,0
7bPAfHBlVRXicGYtWFm8ep,0,1,0,0
7zR2C7lby6gWOFJH3iID6e,0,1,0,0
4dT09Ht9TUz7n1q9jHNqji,0,1,0,0
4U8sedE5yce7m4SpDySPkC,0,1,0,0
5rep2t0kpQJNtvguNn8HEI,0,1,0,0
2B7eAmgBAVzTqXZ4qiUOzI,0,1,0,0
1iXZLLCnX5gYXkwtedC2E3,0,1,0,0
3BmiOY2Clg4l3KER4yO00A,0,1,0,0
1Gj6uz6c6w1j93it4bqzOa,0,1,0,0
0fd2hVZ5d8t5owDlWGjkTF,0,1,0,0
6SZ5CVRkn4yxiCCNDf7RtU,0,1,0,0
3qz2ukqH49AObmcbLU3R1J,0,1,0,0
2wvNR5QgG4E6Bfs0haepy8,0,1,0,0
2PUjrBewKQZiaNbUw2geAg,0,1,0,0
0DqNY3e2Ctg9FdEIszixB2,0,1,0,0
08VP984ILtbVMCqm9ohTte,0,1,0,0
0I0cvCPTJmGxLAZeQ8k9gC,0,1,0,0
4gt95GDb7GBn0wO3SCNd3K,0,1,0,0
6w7nXLkhVyN1RPViFxPbZ0,0,1,0,0
6EEUZqFmL7aw1qh8bPu7IC,0,1,0,0
333WQ6tkgfujj3HUkygOkz,0,1,0,0
1HTbZjTmSQBqGc800t36Fz,0,1,0,0
2g6bauSozbPUbFd7QoMD5o,0,1,0,0
3XcwTTRnVWp0jKlpt3SVaz,0,1,0,0
0RX3IWxIp456qhHrA5Aj76,0,1,0,0
6qed9pPygecmtwZ1UebLC0,0,1,0,0
1jNdTV89oAgjOFKfkaRSZq,0,1,0,0
0Gw099A48ACHl9eZY5Ubor,0,1,0,0
10ePIXTjeWakUXYcL8aZUn,0,1,0,0
6opDmuHuhiuYwQRVCEpKGJ,0,1,0,0
38Eiv8o5tP7gpgeUbzeg3j,0,1,0,0
4Spdf9o8jMXzmyJZGm8Buj,0,1,0,0
3SPoRlCp3PuQBRRPjcDy6P,0,1,0,0
5A7pfuDchE3zjsMbqS7QRt,0,1,0,0
2aSLmoisWzkg4LcMdZtrRG,0,1,0,0
0OImYN5W4RGQi4e8BHHqwr,0,1,0,0
3IJQM1oSfupLqTtHXZhdTj,0,1,0,0
3EDV6PalOciiaLAtJ584sO,0,1,0,0
5o8qjmi93JYLun0DxeGI4m,0,1,0,0
2wb3M9bMQl4DBaasznykr6,0,1,0,0
68UOVEhnrAC4MG8o0MhzMM,0,1,0,0
0dpmTuknqV9wT9mGtZpsIr,0,1,0,0
43jZtSmI2893zerHBw0hlQ,0,1,0,0
4WieDiNZxPvfCtOxtYjIZA,0,1,0,0
3av9bo876NowsSjiuElzIW,0,1,0,0
0PI1snkNIULAFsK0d9PAS6,0,1,0,0
0sZRAH5Bb3ckEOWPshw5wT,0,1,0,0
1jiPzDvfI26gBM09HlnBQ3,0,1,0,0
68alBUZIC3HwiM6B5641Jz,0,1,0,0
35amDf62HqHPMCrRck7C1b,0,1,0,0
2Q8UMUrZY7jsX7MAXeDQPx,0,1,0,0
7JsdR6Zh4Z8RndJxIYRZvb,0,1,0,0
1Zc1uZlhY6hQXPTCurGtjt,0,1,0,0
5BLEqoXjbNY9tIS9BK6Rp9,0,1,0,0
4ZdyARCATMVHOJ9Kk93AiM,0,1,0,0
2afOT4V5MfjeSEgmXRi3sX,0,1,0,0
4WqaLMU2JllxWuZRDS1og8,0,1,0,0
1AeWUH9a8t4L63zx1duokd,0,1,0,0
5jcX7ajIbhZGiiVWxVY49X,0,1,0,0
2uNY24Q3XYmSCYJCgpY0EH,0,1,0,0
7pPDnekjJtCGd7N4c04fKZ,0,1,0,0
5LqRI3UHOKRIUWfb3lGCNA,0,1,0,0
0ImfzerxKLNKWWmxdt6Ncf,0,1,0,0
3NPTFCBY1ZPiUMQD2cG1wU,0,1,0,0
3ifqp8ksYMXFtryVsQhnD5,0,1,0,0
64l6OzSZgrGolJslooAzJt,0,1,0,0
0O9tEdM1scWX3ikf5wym9T,0,1,0,0
4LauUYTud4ymhLjoAlOHgN,0,1,0,0
1PSVqDAbj2pUzgG548Bu3F,0,1,0,0
3lcIdBXFQ7oPeRXJDgCJB7,0,1,0,0
5Qe0R6sq5LFssRkszl1GaO,0,1,0,0
5S5hAnYcr2nOyhkEQG6q3h,0,1,0,0
2wJAXX8Vtkvht6XovLaoZM,0,1,0,0
5jwYCEC79tJTFBccWC4fWB,0,1,0,0
2xcKF4m7CPJPz34g7QnjAK,0,1,0,0
75k6FWKVOO3VLMSPH7cFdf,0,1,0,0
0F6Kxi8w0GyPDWCSCyxPCz,0,1,0,0
2YqZxqz2Y4y5VXDFwHQUJZ,0,1,0,0
1FpdrPjcyHJnAIfbNwIuOU,0,1,0,0
0DreeL7BdyG5G8zg9IoCy2,0,1,0,0
1fegNuZytSTWTeWhWPBIyn,0,1,0,0
6LIf0I2AAlmSkLB3ICcUIr,0,1,0,0
2tTUEIOOTgsJGFgoRblU6V,0,1,0,0
0boLQbu7TypSS7SQr8pPit,0,1,0,0
1akdBV7pzL2wIM1b7JyCMy,0,1,0,0
0VgfRl0bYElZRqbww2LicE,0,1,0,0
4p3gofhUeDcqffE1gFZQp4,0,1,0,0
2gpjsHxIHhjSDtOcX12LNA,0,1,0,0
4v8kcTJpzM6Jh7wCrmBeg4,0,1,0,0
3ZEy5ysayghxlgBo84ccpL,0,1,0,0
6tb3vThQgwwQVEtzasvQFL,0,1,0,0
5En9tYkkWAAHHNZM3OK7RM,0,1,0,0
3L6jodgb87LWALMibWfst0,0,1,0,0
1ZtW6ClWaWYeMxiKAdrSkO,0,1,0,0
1JxmbCAXjjbSsI7mg82X8y,0,1,0,0
0yg3tAnozYLAG90sNZDKk6,0,1,0,0
2hnxomq9AWfMUIVUoiChJF,0,1,0,0
0W0rI7GhmsK0oLlIOvmULW,0,1,0,0
5SqmCsGsRkbRfw406ClHv8,0,1,0,0
3MiesB5nFnimApjXOHR4GY,0,1,0,0
0YL3DJPCMIFNY1k6WfD7Rn,0,1,0,0
0CZqymCifoLitPQkYXAWrn,0,1,0,0
2eMQ0a85v0pCHHfZEtKrPi,0,1,0,0
5nfByrxAKFPlXjQXCEOMQ3,0,1,0,0
73aYXh2HwgD0iRd9e5p6C8,0,1,0,0
3lPdMJjU6WlWvi2PRzNImd,0,1,0,0
58XB4IafDsWrJNYkimaeM8,0,1,0,0
0olRkRMIYFNg9JWpfTdV3H,0,1,0,0
4X0bCniYl6eYheGzkxx6xA,0,1,0,0
3VYUjRhmVL20SMRkSeH0yJ,0,1,0,0
43utKN2wlVXxm2tBNvwrNL,0,1,0,0
0F4ADA50HpctoZxrachRF5,0,1,0,0
1SgAlnGywSZcFQyqiqkCa3,0,1,0,0
77IOaI9Moi5jMJerU0g8Iz,0,1,0,0
4vPoAz72TVAqS46rJKPDUV,0,1,0,0
7Fl26yiXjlDkD7CvHbZzdJ,0,1,0,0
7jiAvesH35sCWnFwtPJh27,0,1,0,0
1ixJEFbsxO3B8PvG6UAqBV,0,1,0,0
25GVVHzvApJFaZBLzcG4Qu,0,1,0,0
6bSviMzxrJKBQF0hRO477S,0,1,0,0
2mNgqet3jI2aXuD2nom8Ou,0,1,0,0
6R9V3nC4AtmjOEQn9UcCIL,0,1,0,0
1VAC58VfSEpoQW9smFLk3i,0,1,0,0
5wd7ukmdkveWt57L0csJ26,0,1,0,0
3YPPOBj3KeFspmpxvZhraA,0,1,0,0
6x3jJW3WWWOzMWi80Rj3nS,0,1,0,0
1vroyRtMP96LV3xqBu8TCH,0,1,0,0
3RGXrx4m62MJorRaTZL7Ao,0,1,0,0
7zGIHiXF4WCf18pWjGW1Pq,0,1,0,0
3YV4CA8UGr7o2Ltnejmhpw,0,1,0,0
1CJCZFlGKi1sA9EwZAJFuQ,0,1,0,0
2azRGZq2Y4ozRidXcHf9r8,0,1,0,0
4GtqmN67scTScbQNH45q0I,0,1,0,0
4wQlR80CkhFHdteF1Zf6ay,0,1,0,0
6ADKHSX1l8G8cNqVxHB2RG,0,1,0,0
7esPujg7F2qogjjOQTZA5J,0,1,0,0
7uLWzQHPdfO7mau6Xugi9G,0,1,0,0
3LXOU2b4ER2SFasfFH4Bwo,0,1,0,0
1Ez8lvR19qtXpFo9JVxify,0,1,0,0
6ArkEBdSOu7pD6N6ax2evJ,0,1,0,0
5iXjv07ZmsLEYQaYcJjfzt,0,1,0,0
3wKGVSb0BMzRA8saarED2l,0,1,0,0
0EfSlKhJLReWOOElKC2CL5,0,1,0,0
1kLbzWaghDGRdWcwhR491q,0,1,0,0
48KVwTJ4X4eOw5mMGDdAaE,0,1,0,0
0Mhm7cK5vj5eyHXFQp0NIF,0,1,0,0
3k8UDLq1WALCHmZNwFqhf8,0,1,0,0
4LduOVhcfECiewArgAhTmF,0,1,0,0
6dHqEC3dtGyATlIIrbGq8W,0,1,0,0
7jRDcGYUq5oqvMlONML9U8,0,1,0,0
2utZNmCOxD8oti0FRrm03Z,0,1,0,0
1eXwvrBdol6pcfGXoRW3II,0,1,0,0
4XNWK0CrV1vqH8hapNmpzU,0,1,0,0
2VqGXXfRwgyNbOJzUeqPrc,0,1,0,0
2WXm4r2GKV1AirfyFdNk0G,0,1,0,0
4AkESKX605qFytdpBnIFV5,0,1,0,0
6DipZLPS89GEP0lVwEeEe9,0,1,0,0
4YMq7FVAH6GxpvJbtdJioe,0,1,0,0
2s9urmQ3wbyVHRDAbnMs8E,0,1,0,0
7i9WdGYc5KBcGD30pyEX6u,0,1,0,0
7fpIpmOYz4j1XWKLq8GuM2,0,1,0,0
7pdsnPWA2317egiIGLmHhh,0,1,0,0
5ivfzMsHibOfkf1Qk9cSbS,0,1,0,0
3gRtrozm2nT65d6vC492gF,0,1,0,0
2hphsLAPTRiergVKR6UsT2,0,1,0,0
3TjwlOX6dM4ccSR4iVgRYL,0,1,0,0
40l7x5OxudlXOBaRoaks7U,0,1,0,0
3juOG2qcKzhO81BuSe1pS6,0,1,0,0
35lOWNB04MlF3DDN1IMT4O,0,1,0,0
50ILoY6htqkw3x6foE6nED,0,1,0,0
6rWifFGZAxbaUDZz4oK6i1,0,1,0,0
32Bn7udCvEtx8rqieFxhVj,0,1,0,0
6SjAwnRWSBbILDSyb1pU1z,0,1,0,0
0THvST0cyisEPdVqcocskF,0,1,0,0
2zcn8ktVl3W3IlQoZaAapq,0,1,0,0
2hX9qdrVXSwBuYAX6dZB3M,0,1,0,0
7vtJbvOOanT8i9fhe6FNsw,0,1,0,0
2mud2vC1bzxxOvOcYYFDEL,0,1,0,0
1XkmEqkt0FOgXZY8NLOqwa,0,1,0,0
3Wb2X1kBx6oqRcVgARpf7S,0,1,0,0
15GMG2MF85wCvJkHsRWIhj,0,1,0,0
1xdpBzjk5u6BG3RKCdmEJL,0,1,0,0
1v2IE2E1bpeiv75daiAdjq,0,1,0,0
7jAgyCAw4imFAL3Ho7kpmv,0,1,0,0
1YViPF3bZdFiaQfabS0Box,0,1,0,0
5xnxPnupZgJhNsWd5Lu01S,0,1,0,0
1eIIQsO4sE0d2YYnC3zsUw,0,1,0,0
4buBiJtq5vBSiP386BGqO9,0,1,0,0
1o3vZk9nCYYtGpRqMSY4pK,0,1,0,0
7s5YpEop6Fh9WWK71GP0rU,0,1,0,0
7DSbEI0kBdOY9ztzMa2pBs,0,1,0,0
2LEOWYiw7T7OpUDCAfHxcT,0,1,0,0
2omhFTDQHiKTbOcuoLRT8P,0,1,0,0
6WzXhfMA1t8zaoaAYHQLjn,0,1,0,0
2ayuNi4IPzUC3xGpkyRhZs,0,1,0,0
1tauOVDROfdCEibu0jl96S,0,1,0,0
3wyN6lHezHakXge6PxIJWL,0,1,0,0
2tvacR4s27PO3fyUS9keKp,0,1,0,0
3o9d1vIVcnkElx8yrJjPmQ,0,1,0,0
1wJBL8rjW0qUG1TdsaPYcR,0,1,0,0
0EJdsbTDMIt2BbIdTaQaO1,0,1,0,0
5pl6Onz9e4I6QKuY41iCAS,0,1,0,0
1pjmcJreUBH9AiSTBQOFpK,0,1,0,0
256WC6VItRJvdexTV53QmA,0,1,0,0
0unComW5hoNP4O20JVJQax,0,1,0,0
7umBWkWvDC1z3QpuM2LfHB,0,1,0,0
27yXbkjykK4NlfSsRbV8Mt,0,1,0,0
1WWq1UaU31clchwPsE4RaS,0,1,0,0
5IsAHQUWRxMHIQuDlQtTn8,0,1,0,0
4aJBAV16WkWoTKQ6CfwS4E,0,1,0,0
2ZedPy8XujEchOekjQjdFd,0,1,0,0
6kSG6Nq3FL5B8XOXl1jvur,0,1,0,0
5hqKAb2mNEUa1TBkhxg0u7,0,1,0,0
366u75RrtZmbPoNUskLSuI,0,1,0,0
1VgQhPp3sViSPNHadutZi1,0,1,0,0
7uJxUoWJEyJLvbRI07CS2v,0,1,0,0
4nnUSC5QnpVr7J6bjl33FD,0,1,0,0
03wm79NI3f7VfBDsVNx5hU,0,1,0,0
0prZNdwRKSWPJQXPLhE98i,0,1,0,0
6B0et65catKBssKpThwwwa,0,1,0,0
33dcceZNLWTKdcZvA0Z2dk,0,1,0,0
4egu3SO5d513ernVrstzT4,0,1,0,0
0p7WaXWa7fbJeJaIx8bkq1,0,1,0,0
5E1DDT2g1WfwXqhXCjYL5C,0,1,0,0
4RH8LqvopVQcpiZQ4tfnSd,0,1,0,0
3RkZJvH7nY3d1GlisEFj82,0,1,0,0
52DC1pzvkWnFdiMwyC4ypX,0,1,0,0
18aBrVLlkyKw3tlJSM1s0W,0,1,0,0
0E83ANQn2EktK30Vne0FBm,0,1,0,0
6eU4BqfK3Df6MAzie79ZdP,0,1,0,0
5k75iEOrtsClMADqTqBDkY,0,1,0,0
5dLCaxdxLhletk3OZriIB1,0,1,0,0
1jdREw2Fj46nuOdS50Z2kT,0,1,0,0
4IhEZym7UZkZGAgW5bpgqb,0,1,0,0
56FPICInYV59jpGEvPjL38,0,1,0,0
4QjUvX7XcBoqXkzUpgRvcW,0,1,0,0
1qJKSKza8K4NbHnjfmFZu7,0,1,0,0
1FxJhwSjP8yM44yTDlmHGW,0,1,0,0
09FAdWWfbCzHzrJN6mqhu7,0,1,0,0
1NnIhSyU06MByCQuZSjm2J,0,1,0,0
3rxXyHK1GmpY1KyvELd7sS,0,1,0,0
7JRjmqXXlqjLR6QJnZxuQi,0,1,0,0
1YO6kU6773PiDgyhkkHW7a,0,1,0,0
2mp051ZwCStRiEap9na10U,0,1,0,0
4zaQ2NC7GHZRuNrX2mNSDx,0,1,0,0
1e5KPTpwYCcIOjQadFrdLM,0,1,0,0
25vWojfnrjUlOuuGEqjv3s,0,1,0,0
1vXAIMgWSXhrNdCfTLP3c5,0,1,0,0
01cZXFKTlHE3FJJpld8EV8,0,1,0,0
0LHeHh6UrLOaEv12t2F2GZ,0,1,0,0
3TOB4KM5pCRkkeKFspHAIf,0,1,0,0
28K81MUjgrSP2ahAXYORJM,0,1,0,0
1sLC51W8CVDCd7LAWugxBD,0,1,0,0
1ytM9Lui6ybHJU8uJ6oQh1,0,1,0,0
4lFca1gog0YeyK11sDo1Iq,0,1,0,0
30D76Q2Y1RZwbL1tqXF5SF,0,1,0,0
5vv0riOZDMSlx1mlT0o9wo,0,1,0,0
3VmuQSUpEkqcmBlBSIqPUr,0,1,0,0
5U5hpKJYl9gPLZygjPB3tK,0,1,0,0
3omjmGoTVPspoCgVQTAH94,0,1,0,0
0odxvebY2u07eX6qHpwOdq,0,1,0,0
4Ox0C0So3aUvPrmRxDNpYb,0,1,0,0
7aT2pWLuqVeGyJMK35gcwW,0,1,0,0
40QTygDRTJ9GMkjZkPMPzk,0,1,0,0
4uL9p875BM014qxCz2zmTn,0,1,0,0
09sPJunGXjGWVwDdX947Zt,0,1,0,0
3pVbPjsslZoaL36ZsVcXww,0,1,0,0
3iEpkf2gqZUAGuE5deEwih,0,1,0,0
5XKBZDqmn0Ss5ThZNBk9uJ,0,1,0,0
7l41FPQzOmhQ0YIDYBkOFN,0,1,0,0
0DRsdTx7OU2F3Bp7XQEifc,0,1,0,0
7Dj7FIGorgbVx8uY66PzlM,0,1,0,0
4DIEe1vWFXNImjsNmp5BTX,0,1,0,0
6uxDbVkGcFE0MWVSXlEjqJ,0,1,0,0
0CDjl6LNK2vgXDJgZyFryw,0,1,0,0
1AjCdOBpaB7qvwlQUMgZlZ,0,1,0,0
0yIRuYNuTm6Pfff3YvpdBk,0,1,0,0
2Qu94kIM4TzRpKrWnIgvZn,0,1,0,0
0JoPmZ14glFoKvqzR6DmWR,0,1,0,0
25siiJq9hQiXmtkmTSFr2Y,0,1,0,0
1fPLZZAEKjk5JJ4HBZpKSI,0,1,0,0
0wojmtCDm6BuJj6oE3RKOK,0,1,0,0
6cFvBp0fQI40UXdkD3V9lH,0,1,0,0
2dt29j3Iib6K1sm2jHn9UY,0,1,0,0
2iPJYx3fgYOrdMBABpY774,0,1,0,0
6zrrJvcz8e61OKjrr6wFnV,0,1,0,0
6cy0PqP061SH4fioTWe8Qt,0,1,0,0
36LcgFU3cREtugrl4hncO8,0,1,0,0
28wC4Ori0HB7EvS9086jdI,0,1,0,0
72FEjbeWLPqKEMUMrMTmWD,0,1,0,0
5qBWdkW54JqZAhpcbhLygX,0,1,0,0
4MUdxrDxQAMqa4xdzpHdgq,0,1,0,0
12yoY9f9BTkH86SnUvy7Ul,0,1,0,0
1ZeNiuzFIS9gucTcKPZN0b,0,1,0,0
49y9CmlQM5jeiSt4VtEMRl,0,1,0,0
1vDixolfSiNDNG2QA72hvW,0,1,0,0
5HnAM6KMjVhJWguBRDlKIL,0,1,0,0
2pFNJgzgrXCYQceWyLQLml,0,1,0,0
4y35MuA9o37kbiQHmwl0sd,0,1,0,0
3CU3PSEhZVJqT3l1iCnvP0,0,1,0,0
0X7MbNJZhR2eMNmAnZz4TX,0,1,0,0
5KJYmnf57eEFeiS1cklMB6,0,1,0,0
0DEUbXmcCyMLItqEML56f3,0,1,0,0
35r41vcoTm3tTDKqDaMKkK,0,1,0,0
5GM1OCc3i18YtVLXC3LQWn,0,1,0,0
1MjEUhDQY4XaSiMCwRQiPu,0,1,0,0
2fgl1bqQySF6ZMpeHieLUK,0,1,0,0
58za6CnXIiH2p4fP7ah3tB,0,1,0,0
3nSczwZoAW99mwXkrxRIrG,0,1,0,0
2CDWewHO981TrcahCLwjID,0,1,0,0
356mvYJuqWdinPpF1Wa6wt,0,1,0,0
1RV2635rSM7cGzrWrREstK,0,1,0,0
7pGoJyUM9wQRlbE94Qi440,0,1,0,0
4CE0lSnYzcksiXO7LdvCP8,0,1,0,0
3Snyhf5BImYYbMW8xBeDYd,0,1,0,0
7lGWhX49fpneFrD4FPa8aa,0,1,0,0
0XrJXzwywJg0VX7DK7cmST,0,1,0,0
2Zt9pcnCnAPy9xUtESgBLI,0,1,0,0
4XfUe3ASsR3pbeSKiz32N3,0,1,0,0
3oxze79wy1gElvs9NqtlTX,0,1,0,0
0wWtI91w5hv5StjwLd69TX,0,1,0,0
7ud50XmiSR3om97YLNT3EJ,0,1,0,0
7tw9fM3moPT2Yv8tbkjPdA,0,1,0,0
75jEKFYmD0118BRLU95SX8,0,1,0,0
2YwT1zmVDFMs4QvlZZFzWO,0,1,0,0
6AM1fz9uOgXFem3mN0PQHf,0,1,0,0
1yxNl6wo7DpdDh0QRExFdd,0,1,0,0
0XtLcPe4iRLccnfwmn02sL,0,1,0,0
4P7tz9v9L0u3q6fAlB1FPu,0,1,0,0
3697NiTOF8bay5GoxDTXUz,0,1,0,0
4yfGbreNCsPsWstPG12aXR,0,1,0,0
6Psr7VNGuNk9o0ElD5tXhj,0,1,0,0
5GhehMsSvlXd0pbC674Amn,0,1,0,0
2L6o50BxlsV78DC5wjBkif,0,1,0,0
5Szz8TFM4fk4kDQBawqqqQ,0,1,0,0
2ZoL9nBZ9XhyQdaHWVFcgS,0,1,0,0
1P1CBy4VHzN3ZZGnjP8qim,0,1,0,0
3Icy7nAPHQvbRWUySNURsc,0,1,0,0
0XWM3PObt3PZ9N1T3zPLkb,0,1,0,0
0VGXgFARIxtqNWMSPym9Od,0,1,0,0
4NISGeHlv52AEHR2KzXuOX,0,1,0,0
49hUAKXfIgscI2LhZKJXvd,0,1,0,0
1ZXY5zcdXpYRAc9H0srhWJ,0,1,0,0
6MdMp3yaa4IVkQo77irzgF,0,1,0,0
11RtzmaMcFwecovSZxs7gR,0,1,0,0
4k6ObcgVexkck7wvzo2jvz,0,1,0,0
68xC75Ae7qbcqASdnsC9sh,0,1,0,0
1zESngvBuLAvigf1PrJsV7,0,1,0,0
7kK0AUyOgA6cOjyNIQxGvD,0,1,0,0
7LGX9DVAO0Eg8v3bldZxyk,0,1,0,0
45T1ozc3oj8wGqXqEkbhL6,0,1,0,0
6ekYzM65nrCuKc1InRRL9O,0,1,0,0
07XW1i3sbLVCQt0n7pVTlc,0,1,0,0
5zvqHsgSmhNCoWV9etbX3K,0,1,0,0
6jTldBZobLjpjzjGboZMX8,0,1,0,0
6sw0uSEWrZdhhYUyXiuNIm,0,1,0,0
3MF7qadJ6a6PlakRXY4oUN,0,1,0,0
1BfgUzlsvHUav2Jk1Eblvd,0,1,0,0
2HWc44LNQIsb11XUlvTFra,0,1,0,0
4JW3px9ksl7ytdV3lO9s4J,0,1,0,0
5OMXnLnyX9MQDc3hmvcNjE,0,1,0,0
1bxd2QBMqKBwzdyZy47lK7,0,1,0,0
3mCveEOvoKf8V6HBGQhhv4,0,1,0,0
1sToaSbsBH5vi5hXP1LrnE,0,1,0,0
6LmmumMLrzQvBizXu2SfOt,0,1,0,0
0qAO82yaBsKwlKEdsecIoR,0,1,0,0
3gn8BphQPJ14sjVfV1VsyC,0,1,0,0
4WlUioTGM4lWt1UIkF1TgA,0,1,0,0
34sE8iqfwUT03oEcurGFBj,0,1,0,0
4emjnCFJ0XD1uTgJ6jhZhu,0,1,0,0
5GFXMRzWTgQumLKGhVHpFq,0,1,0,0
2028ZsgtcJPA3Ucl9rrUbT,0,1,0,0
41Q4ewc1f4idNw0UtXGsDo,0,1,0,0
78oXbTTFjJx1CukWA6Y5km,0,1,0,0
11OZAVhmwEj4sab84laRKv,0,1,0,0
6E3FCH3nSv3YTLxZL4K5OH,0,1,0,0
1iQ6WD3GZuyRonoLPKu0sL,0,1,0,0
6WkzYN16ZlzjyKouB4LYkH,0,1,0,0
2liYoWL2jQQA1gv0Ntg6tb,0,1,0,0
4nCYIUxlAvwH8uw8LvumnM,0,1,0,0
2pprHSPBXXqmxrJw4yVgaJ,0,1,0,0
09i4U3oxs6jwEQnI1EhBiW,0,1,0,0
7eTyKHaXxzVAdIgMGyebrg,0,1,0,0
08AskY24kNJs5H4AJTESq5,0,1,0,0
1W1WDHXvVnzDhZ5BPvx8YE,0,1,0,0
2jtcQX6I2q08O5K3Y82phN,0,1,0,0
6sRYnOxFcpf3ejhGhTBj7s,0,1,0,0
6mP6Eq6c2b79UFkpjTjoFD,0,1,0,0
2YBp97kY7RHuBIV0JESj9Q,0,1,0,0
4fW7lh5F5jJsiQ1bShWrzi,0,1,0,0
758lxMqmKLDwbKdI3nDzHj,0,1,0,0
5qI38UyYYx5F4zZNtFyq3Y,0,1,0,0
6mpEpBqRVq7kcFa0A83ksp,0,1,0,0
3TQyEog1QPETKxGTt7h5wE,0,1,0,0
0Pd0B9qdvfuyHgPeUD7GnK,0,1,0,0
0hErtecwZtaXn4ZSy6Mn9u,0,1,0,0
2OTp3QMcb4DAk8BtTIFug8,0,1,0,0
3cIi5T4SVb2ROrr7OBJ7l5,0,1,0,0
5ASDcZ2MTg56CA4qb98jO3,0,1,0,0
0Xtq9aLQpFlR7KQrY9jcn5,0,1,0,0
6KGaHcpSjzSOq4wO4wsiOU,0,1,0,0
3MvOJNe6SADP5rorm7uNQG,0,1,0,0
4Qn6EWBl40afIR32Os8WDU,0,1,0,0
3ROTWzeXOhGRPXEnh43yXP,0,1,0,0
7aSYjy2aVmuN4y6xCjYEuj,0,1,0,0
2D3VOm7LPv5UHM3Gm7ciu4,0,1,0,0
7JEFOR3csOSaxnmFGklPEy,0,1,0,0
5yxZNUSmTerCGWYAvgJWXH,0,1,0,0
4q7zdUAuaK005I8E9lOs5m,0,1,0,0
5XFl9NCbbyByuNHK90zgUE,0,1,0,0
3pWnilFpleASDbGJud5v8f,0,1,0,0
7eQ0uGvt4HBgSQOyIB412o,0,1,0,0
0wPE6BZRn1bl7mexGJAdBX,0,1,0,0
75HeKcF9WOaXSOpzc00S3R,0,1,0,0
11HUubiJDyAbNxyCZQLTCt,0,1,0,0
7Gemc7x7xemXJHfiFEgDMU,0,1,0,0
1ri7HDYs04xMVel1b0ydPT,0,1,0,0
3uzC7vz9aDsXYGa7JbY977,0,1,0,0
0JOBlHOlDkyxRKZrop9kbq,0,1,0,0
3PrxC2jnJmO0YqOhEWlmKs,0,1,0,0
0i0b5q6dUPxmxiPOZYSYwE,0,1,0,0
1r4kXBREKQDTmBMBPUCiXI,0,1,0,0
7k5LvE41zI4fIGKvZ4j5nF,0,1,0,0
4wXSCDwLlRVvjBFQbM37qL,0,1,0,0
1CCHAzxNXd9aH2ZVlf5dXn,0,1,0,0
5rrzznQxcCBESf1vs7HPWK,0,1,0,0
314Vo5r8ippmxVzHyC0Qk9,0,1,0,0
0e6RoR4ungh55n3Xk778nY,0,1,0,0
5MOEuGNWffDTHWupE98bkQ,0,1,0,0
21nQJv2OQc3OEN32ux3gCb,0,1,0,0
4su5On95YTBL8wIwoL3jiV,0,1,0,0
7I2sZjMdj3XV041eQ99nEJ,0,1,0,0
1VB3ZBCW8ABbgU5WzHSUHa,0,1,0,0
2HF32Xuy4d6W0XFUHvUPmY,0,1,0,0
6q3NMoLLh1cQwmdLSWpeYH,0,1,0,0
1hvrKWtXyXaIdof6kaaaWT,0,1,0,0
65W5nrfYG1mIjuJwre2T5E,0,1,0,0
4yX19ljIzNvBxsm3L36SjJ,0,1,0,0
7sicyHXaIyhvIlpvAo7nDV,0,1,0,0
7foSbht0J8kZXX4kv4ftre,0,1,0,0
7C2hkIuAppBiU1v4PoFN7M,0,1,0,0
25mqXvO3k9tuZRwBkNtwWr,0,1,0,0
4dH8VszvuKWqODL3BtK2DI,0,1,0,0
7rNzTLyEYKQwpmK1LIrX6E,0,1,0,0
3rRtgOZ3DpTzjBHOE2w1YU,0,1,0,0
4V7LQ3cQ1dXn4lsCqarMcO,0,1,0,0
5VXQfWDjgxfJwpI3cSmT1C,0,1,0,0
6YGlCZyAn5GDtZwMKictoC,0,1,0,0
4H9hK7PCTw7CgEYJfPWbv3,0,1,0,0
31eCuqtYg5jRBKGm9dzfzY,0,1,0,0
40iztfT6wC72UY12HFvRCc,0,1,0,0
4MV1HqxO4bqEyYyCSHdSoo,0,1,0,0
2qGmkElnQlPZmi25PnXgvP,0,1,0,0
3xlpiJLNQwTwAtl9rSjXNm,0,1,0,0
4cH3fC0b0nTY04cZeBzV4D,0,1,0,0
2ZsCNtjiuTtggdxIB4xfJb,0,1,0,0
1IhgSOZcG9uhRK9T0PJ8H7,0,1,0,0
6ZRDKqd0wzOEP9miaOkrFz,0,1,0,0
52yegbWBeTP8BeVawjDEYR,0,1,0,0
6URedvg7eau0XNySDD4WiO,0,1,0,0
5Ry7dCcmfjXLM0QhOizEeU,0,1,0,0
2V6wbERx6uQ68fMORZHeDj,0,1,0,0
5WixJHPdmM2EyO0RG0f9ww,0,1,0,0
7uQIVrDObULevmR1Izclbe,0,1,0,0
0r5QvKrnNA8NEhQMU1GclP,0,1,0,0
3WuUZZN3uwQv75HM1Jrqwx,0,1,0,0
3GNYKwGk3nEBxYrzjEkzrw,0,1,0,0
6B7T7NPQgmXPnIg0z8aO1a,0,1,0,0
2UHpQtiQJy3Aqzm6NR8nBm,0,1,0,0
4NkOLpOZyvUCwefNylqIn3,0,1,0,0
3j4HCabhrOcQHeXpTGg0x0,0,1,0,0
60ocpIyVnxYRuZHwy2Qr1W,0,1,0,0
2ER6tM7MNRHxby2OwHEsDN,0,1,0,0
5qghKD6xo6yPMOURXNbmQK,0,1,0,0
14F9lep38pdSl3lrXpMHlF,0,1,0,0
4biWl5pNcrozAB90txj757,0,1,0,0
5gZKQkx5Yo2snx6RMsbAdc,0,1,0,0
1w7UBzD22Om2P1tReRxH62,0,1,0,0
4KZZInvglt6M94Z83HvGPn,0,1,0,0
3Ag4cuOc3TGLldiaFMPkFW,0,1,0,0
0aGfR6wyR0uwdYHNwhuhha,0,1,0,0
03PSqSdiYc3suwKt8m2Sq2,0,1,0,0
6ZqrzXJ4mP3m4A3L5dVjUh,0,1,0,0
6A0R7FmrBpIr9uROtnhhBB,0,1,0,0
3ZkKQrx9K3wHVEvzxWna7q,0,1,0,0
1gewZLYL8rO76iw2b1cGXx,0,1,0,0
7l1g1hrKB3FTbGfSJgXVEn,0,1,0,0
3464kKUOhI0WjL5kvYmu72,0,1,0,0
2nZYcu4JaMD3QDZt6s8CE9,0,1,0,0
0PzB1TxOu3lCA6G9KVpns4,0,1,0,0
5ZjVupyesMlUcGjhN0Nlm6,0,1,0,0
00sx6KhyeXrGOpqiNXT41V,0,1,0,0
3tMRJfDxO4y5iUm1HGkqGd,0,1,0,0
2DRsucGT5DKpDPNs993dh7,0,1,0,0
4zv1apxvPFi1jgjFcTqscM,0,1,0,0
4iXFvIqkWnjttrOGmDQLgw,0,1,0,0
7tPpjbptBrdARfBAHWJKaP,0,1,0,0
3cq2RsCF60AbwbNqTvrwQc,0,1,0,0
292yN0BfYfkLvrt6Ju4SWO,0,1,0,0
6xzlPIUOga7XhRSJWrSFBI,0,1,0,0
7e5Ctkn7YvZ0ySgfIZLNFk,0,1,0,0
1OS9Fu99k5lizqztTCLHCL,0,1,0,0
3qBJfAfoXzR1dpnRbUfm9o,0,1,0,0
1FShgn0Sd2NoRAG1E2QFzJ,0,1,0,0
50ybZat8m6qstV9F5xMIkJ,0,1,0,0
3LtCGJmMRMpNOpSy6gzCWE,0,1,0,0
0vSBayCy1rjIBAT7LQtvEN,0,1,0,0
3tXjv0WUGySjHfuDcN3zTp,0,1,0,0
5n42REIjU8pglIWbOGTJYT,0,1,0,0
3WIaI6BuqR0wJOPLbGuiwb,0,1,0,0
6Z67CZTyekyqC2wsIC0H9T,0,1,0,0
0Hnk4ZIfYraMXXdnbwDf1H,0,1,0,0
1B3zqCF0U2u2Ez3O8Lw2VP,0,1,0,0
5O3AH1Yqbqv4KMzLv56Trp,0,1,0,0
0LTNTK8cApJ1z4StxHC6V9,0,1,0,0
73vsrDOtaZKAs5HGBw3cHl,0,1,0,0
0Hnds4XJUQ6tLoUS3NXUOg,0,1,0,0
05YdQDaV4Jk2L0XfS4cjgD,0,1,0,0
08MUrUOgDfPT24Wvr6v236,0,1,0,0
2kOCq3enb6U60j233ro6EK,0,1,0,0
2sqX6Op37Z5tMtIqqNq6Ip,0,1,0,0
4DhgrVGSuw3dVGaVzOkPrZ,0,1,0,0
27ARDAouqdjFHC5N9ASaLE,0,1,0,0
7w4qSp8AAIPRRgfa5yp4Bc,0,1,0,0
7kEddwy9ulpv3mGE2GlU70,0,1,0,0
7022YP2evKaVexMP5aZyub,0,1,0,0
1lDzlDXh4ilkQyT7dpxYb7,0,1,0,0
3KnZ4dMPWAwQHxBEGrembN,0,1,0,0
4B1R6GbsGlsvOQpWu7DKE8,0,1,0,0
7Gya3FakiqKRwcbwTOvwMZ,0,1,0,0
3KBttTzFt96fS0jpNfg9Df,0,1,0,0
0SHHATpIcPOID9IiJlMkdT,0,1,0,0
301l3okC9TerlDCt5h4Ac5,0,1,0,0
6bgegAvfDyJ9psrH7eutVE,0,1,0,0
6rWCMoXbKS8kWKNrkDCIFc,0,1,0,0
7mrW5YAogosxGPGMbpFd9P,0,1,0,0
3xfhKE3ClgPVYalWAx1Gun,0,1,0,0
2yXKGs3eq5YZak7KYgb4Be,0,1,0,0
0zuRkvVtIf4CQCrCZCy8FQ,0,1,0,0
5Lne5xQJ6JQgXLH7BDbqss,0,1,0,0
3W7SZmL1TLtnfMgij6AUUd,0,1,0,0
3RdKMkHQC1A3Gihq7xCwHP,0,1,0,0
6dNbjgp2GK7lZtwQgqMWnL,0,1,0,0
5JkRsfIOCIFZrauhGdqyo6,0,1,0,0
1X5xvh6gShnJf5yboLI4g3,0,1,0,0
1XRTjHvHkZAY46eopIl1gL,0,1,0,0
4n1dGuijPmz7Q8OH7af8Ez,0,1,0,0
1vbSiiz036oQstRGlzgaap,0,1,0,0
1UuJC9Fl68LMOWZWdBr3Id,0,1,0,0
5uDqS9cQ48a6d8lw428mDc,0,1,0,0
7dYk9vMVHAhraPoHu0MnaD,0,1,0,0
3Ifu41GLhRr2FD1PpJa1Xp,0,1,0,0
5WclZY0moaSAadNOZGuAb5,0,1,0,0
00YQ0a0prjf0SY0HxmjkzD,0,1,0,0
6asZOIjIbk8hrwhRYDi6s2,0,1,0,0
6t526vDIF4w6oLI6Ip2OHf,0,1,0,0
7xlt0B67Lh878DaCZhLkcd,0,1,0,0
5GSL57zRetrSZ4G2e8apoq,0,1,0,0
7AOSr3rl9nW9nWB2AgAjmu,0,1,0,0
0l9BqJKUj1K1zMGI7rAwHE,0,1,0,0
4gD1wK7aaJXr62EB3nIDRQ,0,1,0,0
2AlmnIuHuT2wYMIe1xj3uU,0,1,0,0
0s9DK2Tic8dA66divc4sxe,0,1,0,0
1TULmjVNJy13pumiPzo4yb,0,1,0,0
2J3uwQsgI1WJeIzPOT8LMA,0,1,0,0
3op9nxKZjPfqGeQwsFxCvx,0,1,0,0
7wmLcZJtySrQAdIbDba6CY,0,1,0,0
6WjA5aGzy46IwPyW9YM8GR,0,1,0,0
2VEEYpc5yoAoG5oK89ETlz,0,1,0,0
5Fyi2gx5LU7jdQjSpxgKAY,0,1,0,0
3R83Fqw3BxMSrXAtpFlBF4,0,1,0,0
5kcZs75ippcgV0y4WXd3eK,0,1,0,0
7b17wSWKPtT4eZtSBWYLoV,0,1,0,0
5Rk0BW6yWblQYRPoJGvXnF,0,1,0,0
3vOdTRwyrVCqWPk3cDpQWU,0,1,0,0
6cWsqHntII3Mtb6nl2DRq9,0,1,0,0
2S4VQCYFTXswbuCoYL2Bnw,0,1,0,0
1gW8G6FXhlYk7YjZmlOQBt,0,1,0,0
5BhwomRLctQ4mTZYsluzWk,0,1,0,0
2FMuUdLea5dmKiDTu7YqEX,0,1,0,0
6n8kN0aUkFvfm0KrwcsQcQ,0,1,0,0
3pmskWPKOmoYk6rTgXIsJd,0,1,0,0
1sgCN24nYvRyz0wXDm1wRF,0,1,0,0
6mPSkYShcT05XKVGMWhElV,0,1,0,0
0pUe1Dn7gZCSvVycdimvHI,0,1,0,0
17LznAjNFzuq1QcL1wd714,0,1,0,0
5QZKbmMJyYfZf97OCig1am,0,1,0,0
74vV7SGhiOoFgmbaqcmkMg,0,1,0,0
16WzFW5KXXs9NAM3TybORf,0,1,0,0
155x40ruQ1ZGVeiFXCcBHP,0,1,0,0
7Ck7peaWxEkEo6PY7jminP,0,1,0,0
2v9OWptkNr8AofIILt0N5w,0,1,0,0
3zv9MmxLixBUTewiW71FXz,0,1,0,0
19VFCawLDVZJS6wQlBM45L,0,1,0,0
6OyJUFH255pcIX6P4altx3,0,1,0,0
48aKmUXQisgTijguYGaQu1,0,1,0,0
6nNdSCkrnVX6c02EVzmCKu,0,1,0,0
4qClXMNqE4wkZyuUsKru2g,0,1,0,0
6OZFVIyTZhnh45TX0FDRur,0,1,0,0
3EGkAZHMXHdbaTQB6pprTX,0,1,0,0
15GoId0c18sHXpntdhDEw2,0,1,0,0
26H9FuPuqbrNvjmeVkOLFo,0,1,0,0
6Y4Idant51Qm4TGJ2fhO4l,0,1,0,0
0R7eKoasKENWo8P9wf9QTU,0,1,0,0
4GznFMIdRseNHQcqhUl3HT,0,1,0,0
7bswweYtJ8VvCd7Gynsbji,0,1,0,0
2cIotXJwuP3kNLjohJbnnR,0,1,0,0
2SRDEG9Gk6tJNTSIHyjEot,0,1,0,0
52VaDYV05lNiD7V0TGP4Yr,0,1,0,0
44NPk4pBlWfnxgvPE9LJTO,0,1,0,0
5Am5UpZq9G0UXafsjEydmh,0,1,0,0
6cyxK0hqt8XSoE8PZaRd2P,0,1,0,0
6Rdtip789Wtf86r2BCON3i,0,1,0,0
5uvvupdXmeQ2y5emqyGbpT,0,1,0,0
3zk7JcnXawoU3BptN4BoRN,0,1,0,0
2itzi13Pv3Nu1ogBhWIIDj,0,1,0,0
3nSK6ayyRUq0w3hJYwGDPR,0,1,0,0
7CkQeOBavUlIRSEBNVgSzs,0,1,0,0
1SqcwYftvX6S9XqItGyO5I,0,1,0,0
5w7oZdIlmU82hSphnt92mC,0,1,0,0
1OImHSFyQyv1ekbWXuOriS,0,1,0,0
7b632zTAPRwgRBaG5FFSGJ,0,1,0,0
3MVMBFdKzRu9hq6bwlFqYe,0,1,0,0
6mfM7gJz5FMtuxNLJTQXgm,0,1,0,0
2zKYz7fApM9sSY1hnJbkBf,0,1,0,0
15FZr9A7BAImYSe9osAHt1,0,1,0,0
3uO9ZwIvW9SsyjCjv5TSKp,0,1,0,0
5TNYMKRZeCl1WG4CFMjukB,0,1,0,0
5NtJV7nLEUNoXTjTqTQJR9,0,1,0,0
3Jh3i0PXd2jlob3lDk9aXU,0,1,0,0
2vJmeL5CmgcyJw7GbQV6R8,0,1,0,0
1yQCg3hStJnlfEF5YoaL85,0,1,0,0
5YIiuvPCzKltep8BnZIXbj,0,1,0,0
3hcoWh1VNLtqk24jS1IBRd,0,1,0,0
1OWIrJv6KfsqN5ZCsUmMOJ,0,1,0,0
08aAWwmOPiV7BfTH8APkgV,0,1,0,0
5aoSRYkf5yLo3R4LtfWT3J,0,1,0,0
6lFsjwQPwnXc5bvJVdlrKy,0,1,0,0
3JLRt3bAAcYe8vgU3vmhYD,0,1,0,0
79Qb3JuV20t1baCr320W1O,0,1,0,0
4HVB2Ob9fzawtX8AsjUedW,0,1,0,0
3WuCJ0HesPkkQpc5VsZW0h,0,1,0,0
4Us31TtgO7CLUZ74J090r1,0,1,0,0
27u04OucjeQRehARhADi4H,0,1,0,0
5f0weowIOxKsuHJdJySNdA,0,1,0,0
0H2R9FtdXjBpBugDyDuGO8,0,1,0,0
3UCBiktWZX6bYOnPcMQQDA,0,1,0,0
0OnKC5gMFcbl9Yr5qC9lHE,0,1,0,0
1XcqduaTNlX3UcX89yMGUb,0,1,0,0
6cmXLVJ3ucMUDHPO6TPqjd,0,1,0,0
7aJY3poV04dODDypEoT8or,0,1,0,0
4HO1DezVBX3mgIuc5eblHX,0,1,0,0
1mrDCh9UnQuY5Zp8AhWZKO,0,1,0,0
7KbDT1P1yInbeTIs434pJj,0,1,0,0
3HuRtfAiiElFN2JwEo1pFz,0,1,0,0
0jteH1nk8sikSa29bxLd8y,0,1,0,0
1F8JoLtL9qTKcTg7ahNnyp,0,1,0,0
4AlJZWo0KhBLREbtecw67B,0,1,0,0
3k5jUfGeneTCyvlLKmwliV,0,1,0,0
00fTcTMnEfmunMukXl11L5,0,1,0,0
7fJIwImiQxpxG7dn48ghu3,0,1,0,0
65VfgZAfXtpwLMLCSPLC6B,0,1,0,0
6C1bnzEI0YL4DwEt5LRVi7,0,1,0,0
0XtYTbRGfwGeWEBBq373jt,0,1,0,0
1NyxfsaQQRo32qsIU7VsoM,0,1,0,0
1z3GBur0J2HNnA1dXiZvlM,0,1,0,0
3vV23cAFM1yBgkhdSp8N0R,0,1,0,0
67q9sILtclaqZ21nyy5FL5,0,1,0,0
3g2AUuxaUwEKhj7XIJtftu,0,1,0,0
630TATr7uqb63eTQefmUz2,0,1,0,0
3aFmsotEAt1W4EAKerd3oE,0,1,0,0
2UuSgCVXkQdHErDQXkCrEW,0,1,0,0
4YKbKPSCtQ3LAY9Smj2QoK,0,1,0,0
6oybkqn6FkmZMs69nzpren,0,1,0,0
4pUpMfu161HqXewXvaY4ts,0,1,0,0
3xvT4DtwvCguUVlYFM8VYI,0,1,0,0
67d25HbrYL2fttjsLphiIx,0,1,0,0
45Ihx7XHGy7P2nETzRsXks,0,1,0,0
5DpC1JwabmWNFV00tNlJMa,0,1,0,0
6Y1s9ALkgYBerGatSbpZGb,0,1,0,0
14EvL1a70p68Wen4N6PfLc,0,1,0,0
0VnunvoTRaTgLwac9J38Kx,0,1,0,0
2L8LO5JkW5VH8G4O42yHL0,0,1,0,0
4yNpAlN2PiJxaqnV2M8Upo,0,1,0,0
2rPSWHvlqLLrfYVx7jmTdC,0,1,0,0
6kNp25thKD57gxpyz7M7IE,0,1,0,0
1d0OyJhdrOKCKXAL5z02GM,0,1,0,0
37gzdLjTnBx0KQzDEHdBFB,0,1,0,0
6KYRQxjglvfjgXbuYFNJl9,0,1,0,0
1PjLpQa1Ue1uqD6iLPpPW1,0,1,0,0
050eFzayNkZrY2peMrUskK,0,1,0,0
06h56Kssh1KCnaTuAgqEfL,0,1,0,0
4jUV7Zhl7vXZVopaR4IVLa,0,1,0,0
14RZHBGJREUlEOqM89w0vJ,0,1,0,0
1g7ufDXivuK6Uc1KLqOXq1,0,1,0,0
0xYh1mPI4FR6U8Swxa8FAd,0,1,0,0
3KxoW7F1HeFNYIdW3m7SkM,0,1,0,0
0EIdUyEoZ64AcX4eQyhblB,0,1,0,0
7kcsPkFooB8YD2OrhahtFA,0,1,0,0
2DiVQc2sXfORXNDDvn2M2X,0,1,0,0
6BGlOBmrDRg6qNiCU6W5Fl,0,1,0,0
43Kb1Dj24jZammLyZI4dyV,0,1,0,0
46NYGTSI6AferpyWJoaBsH,0,1,0,0
0KQdYjaHHgfaD5U1UYRdai,0,1,0,0
0AJknwb7WqgSfUN88Wq3ua,0,1,0,0
1OECepKWC5GIBuMjlZ74j1,0,1,0,0
5oz28gHjYlnrpY4axkorB7,0,1,0,0
2TdI0CimQu95YWbIpG0Ot7,0,1,0,0
60mR7Tqh5dqwtFFnhPdVl3,0,1,0,0
4EU2wBCcRzWPUCW38pPSS4,0,1,0,0
18JYNkjVWlZON8PVIgYrYu,0,1,0,0
5ymWYbusKyd7qbxa00LbnA,0,1,0,0
0FqVCaVTiKkm0NXJPLXlYj,0,1,0,0
1ksFX5c0JvBnAHpoDjA02T,0,1,0,0
4BFgRl13vcrctWNxLKlWoQ,0,1,0,0
5m1EAv3R77BPhU0hcTtZ5S,0,1,0,0
6HCPe2B0OmA3QDZ1GdkMlZ,0,1,0,0
3YSmhzGYy8bkpf9GP3c05I,0,1,0,0
0TKqwQPX7Hc0S2qwWWNdWN,0,1,0,0
0iLtcexlU7U4AcbLlxgy95,0,1,0,0
0IfPWrP2FuWWNcywmwM1ug,0,1,0,0
5iUzLoKO9tzQ6OO9CwQTSz,0,1,0,0
4coWFz8jqHDKNJoiZyhFRL,0,1,0,0
13pd0yb72EajiOyvi0tJR2,0,1,0,0
6ern1NwJImcKnElq14JMhQ,0,1,0,0
6Sid9Vn7zj3w6iKOvdzlGO,0,1,0,0
1Udp1l2qdmFRpRIS9gg5U1,0,1,0,0
1K3uXvg0gH63FoN3ICWzjX,0,1,0,0
4eV5sdQouVXJ9OxPbATcte,0,1,0,0
4SpsnzvEGyRceDLQUgzW1A,0,1,0,0
3luaRwWGRUIxTzzESiH95W,0,1,0,0
4ljajW1b4WTe6dezueo3GL,0,1,0,0
5sevaIvSoc4vVFCAjUoXlz,0,1,0,0
5z7huXusidPJfIwxmh34vi,0,1,0,0
22h1d91DXCnzSaaNu5aQ8p,0,1,0,0
1NnSFkbCBKAZAVTlHKZ7K7,0,1,0,0
4XAfkzMCtu6ReYBX3qnW80,0,1,0,0
6gogs1KSyKabTW8dRU1x2l,0,1,0,0
56mLIkd2MxEEGgG3zXuwzM,0,1,0,0
1BpxrgMhkKUfrXZPpJaEBA,0,1,0,0
2PKG043fr93a9vuREriWXx,0,1,0,0
72VUavfAbTlYgXM4SUz1ws,0,1,0,0
0POd1VNXuwrDBMd0gBfnpa,0,1,0,0
0ASJ0vS6F6alynfSOew4cN,0,1,0,0
4IEwvOVBWzz6g4O3t1f3kj,0,1,0,0
1rNo9PWU8w7gJSL7XcRyYH,0,1,0,0
0XfSfFmMiJBSuOMbczBDxb,0,1,0,0
6ThraeTlMTRcZhA8X7BOcf,0,1,0,0
7sa8X5rf43YSMJ7dFDrxqM,0,1,0,0
5FTtGR1V5KvhMW2ZHLokSL,0,1,0,0
6Ik2Shv8VgXFM7o59CKDBj,0,1,0,0
5UhDBmT2F9v9Z2ewYrYp08,0,1,0,0
3kZldkHoHCKIy0yQLE1EvG,0,1,0,0
7I1n9FgXhgSWDkTWcY7UmL,0,1,0,0
7sW89SXTxcRMPL7iv0J8HA,0,1,0,0
1fFJKpkpnlVjpZzUXFcw6M,0,1,0,0
4u1sx5jKlaxuvUlHjkG3b4,0,1,0,0
5yYMlOzXDyXOyIsRzXJwMz,0,1,0,0
7l4dqbZZRkF7Tqu5GnzL31,0,1,0,0
1a99WIakmeILGOH4OCetyP,0,1,0,0
5zN44BwK0xXCWrE8kMthI1,0,1,0,0
1ptsQbJNdF5pHHTi8Pb7b2,0,1,0,0
0R5JqFqAfPRX8Nwch3hUEa,0,1,0,0
4AlO2nY6mmbB1A6kI8fqnj,0,1,0,0
44Q2haSsjch7BYAshyf2GV,0,1,0,0
3UQC8UbuRvXrmJIxNYwZkQ,0,1,0,0
1xCDVzdpLPEngzsSHkhxFe,0,1,0,0
4rUyWWB64N0rdR7ODcpDgB,0,1,0,0
4jT1cQ9UH4z5AzUvuTxm7i,0,1,0,0
4KcVQLKPfgoGPL3paXLsx9,0,1,0,0
4lXxx0SzE4ydDwnw8MrmgM,0,1,0,0
5bkyUe2cId8WVtThBKXlaD,0,1,0,0
3pfmtVKhVdjUTb7oko2izv,0,1,0,0
18hwAnTIwF8smOve8Vodln,0,1,0,0
4FEWOcETXvIopJVaHdXXMU,0,1,0,0
5RHj4hS31qTvG8FzWFknrC,0,1,0,0
7eZ9K5yhhlxTtrFAqiBZJt,0,1,0,0
5gL1r7rjNoz00C04yDoVWB,0,1,0,0
6tKO9fChM0QbObIhvDv7Tw,0,1,0,0
2bcvyyh2I4UFHjGWJSPN0o,0,1,0,0
76GvWuXgitYboAMgHMfdnE,0,1,0,0
2QUA4en8XzTYOmx3yIcBMB,0,1,0,0
1Nbv87P8ZBgJ4ozTJBYk50,0,1,0,0
6TmWTlxf8V4FgLsIZ6zKuP,0,1,0,0
1kjnLWz76EzdcWOdDlAWYd,0,1,0,0
6Gbsq2WN8VpNYsjJHhgulx,0,1,0,0
460VD08Fvxy6fl0fEFnRK3,0,1,0,0
3sRSb98tMVOL6PLeu4nse2,0,1,0,0
6STd7Q5u773TVlgvodjmHp,0,1,0,0
2U2emwkGHlCkg7ZMbjZcFh,0,1,0,0
0pZ9a2CIkZ3OvJ6p94yLzf,0,1,0,0
31yVQrf5dvCKF9TQqzu73j,0,1,0,0
1lIDlYtFhtZJRCgrzzOsqF,0,1,0,0
59lGCR8hyvftUBBw3nKOTh,0,1,0,0
5R31mr93VNkkZjXEQE8dho,0,1,0,0
0uLXO02b6L8W4wgAQL66ex,0,0,1,0
3ijzb7viQl65YZ55CYe5mt,0,0,1,0
5k8NDwXCDIOufXmjOIaymr,0,0,1,0
5lbZybOH687sMkZWnBxF4P,0,0,1,0
0Obymtof537SSSTCnTzF1N,0,0,1,0
630nsJkMdKweDWgAplDQFG,0,0,1,0
3Xa8n1NQUFFdKpiQfheS7X,0,0,1,0
6gg9oxBoKWlssxGSEkjrX2,0,0,1,0
4xXbSuwtRb70BWGCh0o7qh,0,0,1,0
4ALn9Ov3CSQWQHSgxI5BuN,0,0,1,0
26o8jXAFVnJTb40HY7HshF,0,0,1,0
1OLhJPfvRxAezi8n5qhqpH,0,0,1,0
2jlBmHo2o5fKpPFob62EsH,0,0,1,0
2SVryTical5es0CrmNG0Be,0,0,1,0
3em0VoNpqarrDfR243NjD1,0,0,1,0
2cNZRZOS2XQVjQ1Bb4xDbY,0,0,1,0
2BuiHkd45E7nOPj1PoFmyi,0,0,1,0
4YAWpKed1TWw32BCGL4prq,0,0,1,0
1nxcjyp2HjcUGlJr4WQcbO,0,0,1,0
412gLFnZJna5Qx4Sh6qEYi,0,0,1,0
6gV2ADDV3671h7ld5Arqab,0,0,1,0
1kFvXAClMiHglCDpnQtPEF,0,0,1,0
5qWV02xG7zRL6XcxX2bJ7v,0,0,1,0
78X8MyXfXxsBG1HOOJ9usq,0,0,1,0
3GtghqpVHzFB2WmoG7uS79,0,0,1,0
3U6Ti3Qr7XEgbsD8F4FGlD,0,0,1,0
0pZoAFQE8q4cIiRpeZqvjZ,0,0,1,0
2rC1TVAaC3RouNqSnPJqwl,0,0,1,0
2h0KX5hgGkcCFhxLob6ADD,0,0,1,0
7nZiX1wWeVRCMb4LSQywuo,0,0,1,0
0f1LyK9QA3I6YFl2Gqxiki,0,0,1,0
5VdD13lZbx7dazpMYOMrsV,0,0,1,0
76g9j4VzIqQBJ6zEaw3yeS,0,0,1,0
11S1i0HUYxddwJnn35ZAB1,0,0,1,0
0HK6oKtYZBg3qVkBIyC3rE,0,0,1,0
4gJmZHZbsUj8izBiAFHad0,0,0,1,0
4v9hTyfmEN9QDmROmD6Ngf,0,0,1,0
2OkhGe0mg8ndXpaJLe66ff,0,0,1,0
31aF5nlUz9a9uAoerqs6r5,0,0,1,0
6FloanUDKX3FTXuzEwMwrf,0,0,1,0
6GSHyqcu6ieRWRYWqT9ASv,0,0,1,0
15HwuLiNzgxs6pVwb0sDLn,0,0,1,0
5D6kHSj1zJGduaRn9LEZke,0,0,1,0
37930peOssNPYukJ52XTw9,0,0,1,0
0vtMu4uxeloIWsmi5VRKuq,0,0,1,0
0DxpOqFobjjfUfGLYhtiY5,0,0,1,0
21SU1Oouabzf4aH3ewzcTM,0,0,1,0
28x05kjwMl1eXORnumrF6d,0,0,1,0
387cBI33tPRPpISnalReQi,0,0,1,0
549aiAj8AKGRhi53VV1KSn,0,0,1,0
2bPqiShqW1QfQNwEqGljP0,0,0,1,0
1OIhCqT3FmTFGRjL1Vk4Iy,0,0,1,0
4yBz5d7MOSD5oaZ9tHPRBQ,0,0,1,0
1injBUiRz5l9gqzF3R5KSY,0,0,1,0
4nK16b7N5MulZCGxkPOVCg,0,0,1,0
6NEFVSAF2YolxUIicLvirS,0,0,1,0
404kcSxDc0vCByPQBHnl9K,0,0,1,0
4FZdasbokPDHArKLKOcylD,0,0,1,0
6wXJfI2DOEdk9PRbj6tELA,0,0,1,0
644YF24XWGAxaCkOna8Oqf,0,0,1,0
20seVHvNHfHAJsQt8R89kM,0,0,1,0
1Lu4MHevzkeT1KeNUyU3Wo,0,0,1,0
2MxU6bVnH47u4QlNHHvDcK,0,0,1,0
0ObLlraIVQbjcv4oAokuKN,0,0,1,0
3hm740XLDPdJp1XmKuIxGq,0,0,1,0
5u7H9Ahgds0EvBEIkAbxt4,0,0,1,0
29y1S4hlLA0ZSCaeKpqPfM,0,0,1,0
5ovzH63Tu98QVMJvoEXpRS,0,0,1,0
1ntsgFBCprBfRv0z3VN22S,0,0,1,0
7wEQhnh6igVSAyoatIIuU1,0,0,1,0
4omlC9fJU4aj9WAm02PH5i,0,0,1,0
5Pi5bWdWuHG5SSKGw4zCGI,0,0,1,0
7HPaK1BUgt4S8BGl1G6HL2,0,0,1,0
5YGDTcOe6ftBqqDIOMmTF9,0,0,1,0
7xiFKll2BMTnFl02z3ZNxH,0,0,1,0
0sMSTZYGIVmPPgvXvixWed,0,0,1,0
0oOW1N63Lu4Er6OAYe0fYU,0,0,1,0
0w6ALtEvAQIfP5DUDzOTZe,0,0,1,0
2ubc2hkZklPD7u8oz1SrI0,0,0,1,0
2bvOqjv8UYCSOInxK9B19h,0,0,1,0
0S9qyFJ8J7pDrxre0n4A6q,0,0,1,0
7JG4RIebPrE6i6PbYo9nOg,0,0,1,0
6VETjLnBFu4eAcYZwcFlOF,0,0,1,0
0Jzrwd3lWWRfKBTZqaJUbA,0,0,1,0
3Os5IlMwFTdrdStxLfGMkO,0,0,1,0
5CgBfY5P8jUZGd1V4Epn2b,0,0,1,0
01K7i9r30qrl8Qu5D7Vz22,0,0,1,0
57PzAY0AqX4UmrXgUWABDc,0,0,1,0
070PHQ0F3X8TqhFgXAtqhY,0,0,1,0
0r6cgvGDSivGk3ZjCuhitB,0,0,1,0
0Jsf2nkjF6PoKIvPYfgB5D,0,0,1,0
2zBnhoYdC2rr3OOOYJ01MZ,0,0,1,0
6cMuv1IMXzsPMf1oJNr7aa,0,0,1,0
5RtY7Fj0ff79Mu9ldzSWr7,0,0,1,0
5bGfBQQEwaW0qK2jqt9V0D,0,0,1,0
5pJEpQq6YMzxE8WvUqc8mV,0,0,1,0
28OkVs3UQvXrtL3rXcZ9m6,0,0,1,0
3xJ3jphDM8aCDZFsJxSZIr,0,0,1,0
2bZ5qodUklxluljPiU3Kx5,0,0,1,0
1CounrXtCHnBdfCyRnTRsR,0,0,1,0
1gwDjnZYgY9JEhRqYN5gNI,0,0,1,0
06v9JwkKisTq67g1B0IbVG,0,0,1,0
09ys5NseRLdJHddRB734N3,0,0,1,0
3dNCyn8yV6NKoHDRg5kLcq,0,0,1,0
55uEyT7CN089GrOUVPZc2m,0,0,1,0
1C1zPp9l8RJihdXPtnblPc,0,0,1,0
3UyhOEdAs8VPnpSNP4HRTK,0,0,1,0
3ZDwqtzw6qE54lTe4B5DuD,0,0,1,0
10X4BdiMlLSYrHaJKUUJV9,0,0,1,0
7hpoDwNt4O1XZrxGcY9pF0,0,0,1,0
29xztfMopkuWxktOhQJLpM,0,0,1,0
6xjm5w2lynUAHf5aNXn5UW,0,0,1,0
2kKGlMGJl2lXSJLP2rNqxc,0,0,1,0
6ZMDYCSJQW6ruO7MitKTNM,0,0,1,0
3MkERnSw1cPt5aDxY2HTQz,0,0,1,0
47nyyspCAECCAFJgtQw9wW,0,0,1,0
3RW1C5CTdC18LgVQHy5wGI,0,0,1,0
6FwstTRgyQ0woXyEcxdXe3,0,0,1,0
3y6J8vdeRoCaPZiqQXHL7K,0,0,1,0
3si9EeZZ2nCmoHH4gecqsh,0,0,1,0
7fRqMLJNaphBA1CSIM366O,0,0,1,0
1BuuAAP6Ohbyiva0gyCbJI,0,0,1,0
5YRUcnhhZAnirx5V3kY1KB,0,0,1,0
0ffRZ3Mg6MUmgX149YhqcE,0,0,1,0
3uurN4ZEhO4hSSIj0hZhUP,0,0,1,0
7heB4idyTApXR4gCHTVU3M,0,0,1,0
4fuljxMph6XqmtZZ7y0VX5,0,0,1,0
6eby7zniM3yMWT07OZGpe5,0,0,1,0
5y2WV6A7t1gujZcDDJamzH,0,0,1,0
7sJVHO7UTMNpzwZd8Jgol8,0,0,1,0
2CMkjlauyCYNc4AnV3zyB0,0,0,1,0
5vBkpVTLcix3VtMyzeBeRZ,0,0,1,0
6JsbOEIRT00FASamgxWEUH,0,0,1,0
3xPRSj62csSiFznpaE2M5L,0,0,1,0
5KRNqupVTU5ezVRopYPfns,0,0,1,0
6x9xegyVvhUFk1OpERjnwJ,0,0,1,0
1BkUJsbKR2OukTNE26yr4m,0,0,1,0
051vBD5hiFyltVRw8O0m4Z,0,0,1,0
5ClU5122ESEvM9yVI5zyJj,0,0,1,0
5t4TZ6CerZ6VIXAeVetlcX,0,0,1,0
0v5k1EI5RQjg92jPilsR8Z,0,0,1,0
0sAyycWihjMKWbIaYc5QCh,0,0,1,0
1dgrIoED81ylk6LUyGpKDm,0,0,1,0
6iMGnxGihd6sV3BbEiS550,0,0,1,0
1kRgJz62FNQ90Ueqk306zh,0,0,1,0
4aaLG8lD6WZN332T6VAbFN,0,0,1,0
3Kkc4l1tcjffzuIox3d2i9,0,0,1,0
4AUXxRGOUahNe4JthBUgux,0,0,1,0
2a44useHPvhMG3gNWp2VfC,0,0,1,0
2YBMuVEjpz54FJoBRPKV7o,0,0,1,0
7AtK6aNKo39rssKX26zCXJ,0,0,1,0
0gn9UPCj9A9NI3lhur61LH,0,0,1,0
3PSryBaoxghvTWn1jnbAv6,0,0,1,0
5DvXpcsHPZfTgIrcq73ZlC,0,0,1,0
3j81wopNcaLj44n3E7vrfK,0,0,1,0
7aK5f74sF3b2HkKFRnbnS1,0,0,1,0
7926xAyacv9pwmzYc3copZ,0,0,1,0
3GyXVFUxEqnOcyfxPZix08,0,0,1,0
07W3JNe7L9WTbPfCbOzViH,0,0,1,0
3fkrnm1YGc1c0MLaqH8Bmc,0,0,1,0
5mqGxPOYKYHAwmWjdMrkct,0,0,1,0
4IZYssr9ilTGyRN6FEEKFY,0,0,1,0
7xkH6niYJsIBI9OKN68Jnx,0,0,1,0
4vOzC5R0PO9XAd2X1G3seT,0,0,1,0
3qucL9Rw6fSWlyscoF71tk,0,0,1,0
3M1FZ5rTKeJOWV2KcJ0PPn,0,0,1,0
7wlckb9qSpTstgOf3SOBRT,0,0,1,0
0nes8OP8b20AR3TJk00XaP,0,0,1,0
2mLoiKDAbhJEFWCP21BkK1,0,0,1,0
69psYvwh7nUmtOElkPM5Vq,0,0,1,0
4S97RuZKKR9tVLfWrbV2rI,0,0,1,0
4LsuH1dl75wTpvT2VJerTK,0,0,1,0
3G0OAsEsqTjJo6RlP3pqgU,0,0,1,0
7Ec3eXxUuCXyu28bV2BkdN,0,0,1,0
0LCuXcZ7HTD8jvev3WwS4L,0,0,1,0
0VjBUDbxbNkM8uvmUt0t5p,0,0,1,0
6x4Eeqxkj52NtX9cHKrmBB,0,0,1,0
3DrbsmkiMi84anyH1JYu6j,0,0,1,0
0lT8ySXfAIMeRfVc5Ng2kI,0,0,1,0
6eVXIwITXzonlRQzT8PjCE,0,0,1,0
2NhUkzR4G5q2nuAxlhyutQ,0,0,1,0
2oLBg6SmBZPgJCQoaMpKzU,0,0,1,0
0flzqJ9ONVl0z6YXs9xinF,0,0,1,0
29uuP2hlQgyI3SqoKmofs4,0,0,1,0
4ZbeqLljNJEnpM1YHRKyCt,0,0,1,0
7s1E6w4oRXFppMuMIOQDtC,0,0,1,0
3hBWEZFr0JlhsYIn3NYjlC,0,0,1,0
5XBfXNZeaf9FCLLU4RH81B,0,0,1,0
0jGWbu1TZAHaWzPcaYbs5F,0,0,1,0
3FcOPw1ZmdfrAXyTgEcjpl,0,0,1,0
4UFzoZZrBpdWNZWq03n2Rl,0,0,1,0
2PFfGXCQsSPLIZTzMiKyoG,0,0,1,0
5PLDXjiEu81xenmEcXG3Jp,0,0,1,0
3LFJyErASB0EW4uWSnjkx7,0,0,1,0
6pROC8Puta4EPb6HdkJrXv,0,0,1,0
41BoHBrjehhuJxZFw4iADR,0,0,1,0
68QzAi124uBxFRpKPTwTvN,0,0,1,0
32a3LNpoIN7pnWK5Gzr5LS,0,0,1,0
6lTptSXnPn9Yn9hD8wZUTE,0,0,1,0
66BizPseVHNfGtlJBwnnEG,0,0,1,0
3xV5pPm170LzOozMHD2iw6,0,0,1,0
0qEOTFDsefp2Tsp7IYSRCK,0,0,1,0
0IEnJnKPGnRXdQPQ8KOkpr,0,0,1,0
7zD0QiOsmuO90TUWhy6Tzd,0,0,1,0
2B4LzF8yvNoVoM3jhX9wBX,0,0,1,0
384Zra7bHHYKalTwMcokWz,0,0,1,0
6hg96eiyvbhiX8BfWvSY0N,0,0,1,0
4pET2njCtoTY4PIf6JXw0l,0,0,1,0
1U5ulKssofQV0SXDThVTDo,0,0,1,0
3Za0W2i1Conah9zf6YRPlb,0,0,1,0
7uAfmCwMam85bLNAk9Ey52,0,0,1,0
4P0Omru7BCbisKKPpdgH4X,0,0,1,0
66yt2ADS44Pu55ZvFyIuGN,0,0,1,0
7amXJ5K5ZVsm2Z52hgKsex,0,0,1,0
0jwcjh5QyMstfRUWMrarRY,0,0,1,0
3qj9IPBAu3wFvQnyIErxk3,0,0,1,0
50qn0vtEJZODdL4jdEZV33,0,0,1,0
3HPEI5ghqZEl57XniHr30m,0,0,1,0
67xrbEAyASevhTQermwEiQ,0,0,1,0
4sAg0thxInBkB6nJ5coAa3,0,0,1,0
0mhtyUbfaeGLhpRWztbDJu,0,0,1,0
7ClWU1emJqLPuDAVLxGmgk,0,0,1,0
1EoSCzLO22Xyuedvd1Ubm1,0,0,1,0
5RfnLRnyGZ7RfP5qpwEhpc,0,0,1,0
5bxDH0gdGBnUsY8bPLjeCg,0,0,1,0
2F27vUHOb3uw8nM12PbrI4,0,0,1,0
3eEoiYzrObxpLqEZrFte1t,0,0,1,0
3IidVyTGQGLLU84kE8Tqae,0,0,1,0
2iKN2200LOXp1YmfVZ1uGm,0,0,1,0
4G1VeXpDVtsWeBD36MWzuZ,0,0,1,0
7GuI3VM3QpPPUdkKEezSSr,0,0,1,0
5b8ERPUNHEPFmZf0fpJSjd,0,0,1,0
2vpLHESGHMkFjjACednKW8,0,0,1,0
357UkTFfinEKlpBr4ABa8q,0,0,1,0
4W4lif4Onyc3LgjSPudI2e,0,0,1,0
2PibqHrMHOOSEcuNK5cDZA,0,0,1,0
0j5YdRtEEZjC47i0RT4Psi,0,0,1,0
13LTTTTamYO5LQrIBD7IRO,0,0,1,0
0FPEAhkIHqrDi783kbdss3,0,0,1,0
7zgBBXqinuVQHpxSIhUYtY,0,0,1,0
50n9oMXk8cXX3JNLpQs7YB,0,0,1,0
5pnvoqmaMfll36XUNk2Brh,0,0,1,0
6mtkcq8hGZuaJmdd8W14Q1,0,0,1,0
3oXbpDCoCzEnb3XrNwm1Hb,0,0,1,0
6JCOcSGyvrRhE86MIF3ubj,0,0,1,0
3UUQQFR4IPumCkVoqmSO44,0,0,1,0
7ALLnFcmV6A9vqOwIAPgQo,0,0,1,0
3AN2AK9oLnWKcq3Ih3c2jC,0,0,1,0
5JqKYtTO6iuhyY2WMbsQY0,0,0,1,0
64peOzknnRSqs0CkcFXvyI,0,0,1,0
4x6noyEQzfQ5o6uyEMhDQ5,0,0,1,0
1raWqeGEqxSntm5yeHcFyd,0,0,1,0
020SNAmp0CzNSCCf4KvfXl,0,0,1,0
1jC6vakjUoiLA8c0emdtyR,0,0,1,0
2qqoxfSTEVdKeZcHuTG8Wg,0,0,1,0
3lcJvz3Z3qZih5pNGeYZqM,0,0,1,0
0psrSwsDcH2R2xzMSO4wxo,0,0,1,0
3tWF4j2j6VRKeoZi4xzOvE,0,0,1,0
0sEYjr7Fkb6IKEKblGbNIo,0,0,1,0
5dsj8vBCuNxGF3kq7LqYGU,0,0,1,0
2BUphPPMsEvBKAKKMYHWSu,0,0,1,0
40iP6cJUJjdUsXMhwgB5E9,0,0,1,0
0kq2NOXax1jL8Avol6Ixxd,0,0,1,0
2mfI6CPGhmmGCAGdrdkHFK,0,0,1,0
6BVAYJ7Elk3yLkTUou1oug,0,0,1,0
51DL5zrj0vhd6waIfZd3qY,0,0,1,0
0t7wTMmUpaWqrIgpYVp9U7,0,0,1,0
0nG8s29t3UwAQjr408WQzL,0,0,1,0
1ttabKgXdCWDgMfGNzZfgy,0,0,1,0
2F4tLIq7zHpuvGYkANeIBM,0,0,1,0
2Ot8Ylq8XHRIeqxmUCvF94,0,0,1,0
7w379kTJ39xYPVY71KikDT,0,0,1,0
51IC1Zysowl3ZS1M3IuV1t,0,0,1,0
5nMvqykLpXFS9n8ukVUR8q,0,0,1,0
7Gnrf8KZTmdZGWmnKqblpP,0,0,1,0
7MhRuDyq6SZRpMQiuREmgK,0,0,1,0
1YDYQ1jJXhgXMtgk6Kd9zW,0,0,1,0
2PxDNxtPUvlmc1DvVOMcqe,0,0,1,0
2RKQJuux4Fbf0hTPjCVdVQ,0,0,1,0
61YprPtaAD1ig5h8Ii6LaG,0,0,1,0
1nxuPl96GEhtXWDIlpgot5,0,0,1,0
1mdB3QhZKCLbuJttX7eekR,0,0,1,0
6sT2uyY2qQQCcWZqikbTBf,0,0,1,0
26vpG2k2mLxvpp6zEvTJ4n,0,0,1,0
4bdTk1roAtMs7jBV287rb4,0,0,1,0
5SbbPJbn1kWx7pRQgdENWO,0,0,1,0
2mqOZm2Apb7lx9br9XyDkO,0,0,1,0
6107HkLEbekN8gpAeL4ZwG,0,0,1,0
61fY1Ohwp8AiY9cJlt2uCd,0,0,1,0
0cprjEZxBE5vPDtcQpN1pR,0,0,1,0
0hRgNbpdTJSFA2LFc70GR0,0,0,1,0
3H03JoOOHUqxRVtQrtbvUp,0,0,1,0
4piKyA3CzS8hTC92tiUuuD,0,0,1,0
0rsemgtEUXcDNkMktb5jRP,0,0,1,0
4in2ynicqzdTuCh1q11dzU,0,0,1,0
5lgIEaQV1Uo1plRcHzkRsY,0,0,1,0
6jzDyXRaiDcD1MSL8LArXY,0,0,1,0
4SqkgpjuAUCYcIWZR712u2,0,0,1,0
72KkorgoKgaLKwbQ7ooaGb,0,0,1,0
58a9Ve5ysXU8BrSfg45ACx,0,0,1,0
6NgWtUCbO9aaMfEObsLPgJ,0,0,1,0
0v7SwCR0gWuncWoezAlL7c,0,0,1,0
0Ddqg7xlnGNMIrTJTiVAV4,0,0,1,0
2ILUHaDVNne9IUzlYYlEDa,0,0,1,0
4XUCvjUZ4Oj40Th1B3Qgb6,0,0,1,0
1gL7SeYAeLbMHFpJMtCmDf,0,0,1,0
6MUjUeQhlafND2iDRlWG80,0,0,1,0
4nnZYnVF4OzCp02KPcRUeg,0,0,1,0
243gcnSAfVCZfEblWoS4B2,0,0,1,0
6yLEz6L7jZUrHVyNoUdWwK,0,0,1,0
4MhfovQAQl1UCIFR5ERgCA,0,0,1,0
51VwVXNHnLpM02EpaUqEdg,0,0,1,0
5y1G1IOtkmmUaqWFmki0Yp,0,0,1,0
504EOrxPgKMpXReEyNdwVU,0,0,1,0
3SS81rfpmh8qWIqljkdaKx,0,0,1,0
0LsJx77NX1fOsbhxbXhLBj,0,0,1,0
6QdbGJNoCJVCX0mZhVAe7m,0,0,1,0
6HOuVllO36s6edsrlTbOOV,0,0,1,0
0EHm4Ar5GTdJXKVSNCjPtC,0,0,1,0
1h1d1YP9sMnm1mYy9Im5NQ,0,0,1,0
58cSF7IbJWafgA0tbNsjnU,0,0,1,0
5DuEr2VqOWQRRO222hU41E,0,0,1,0
0cvrdMKVLysxftWLoHBhbd,0,0,1,0
4B0PLTyEivjFfiK2ctk5zE,0,0,1,0
6bRGfEY3OFrVsrICB9tH8F,0,0,1,0
3CCdXwN2LaDMzJN8Ec4N37,0,0,1,0
09n57ZmYkOmQmNxW0ro8Ks,0,0,1,0
0hIm2N2ms8ydGVYwTqqbor,0,0,1,0
2jIOU0LS5vakBD4qsCy8E1,0,0,1,0
1Ta9ypppjamfiyRcy6hQgc,0,0,1,0
0arTaMXSmGrEn8qlpbfKqr,0,0,1,0
3zry322d6KYy7g5bja5WuU,0,0,1,0
2IAleEkHS2pfbQFO7hLpTD,0,0,1,0
3gEORM1hAlGbIzzvhDxE30,0,0,1,0
1dphQZC90wNW4BVJTVjbVX,0,0,1,0
4WSRUzpAgXk8EYhS6bWQbc,0,0,1,0
4KKBW56S7iefa0YSjY9cMT,0,0,1,0
3EvPcRyoZKiaEo5OMR5h5g,0,0,1,0
0Gs2yY7fM3RxLa4Tlg0Uc6,0,0,1,0
0WBBqzfXgtrRJXrIC81ou9,0,0,1,0
7snTgtfw2hpS24zoAtPWRL,0,0,1,0
30xSAwIv7yIZF0FMF7s4MO,0,0,1,0
71NabWabYR9uCXVdROid2y,0,0,1,0
17JJpydNsVSTJNIcEQDljm,0,0,1,0
3D2vZzMoTTqecXDXU7OT8L,0,0,1,0
1kWnV6mdaFQJrNACjIKbb2,0,0,1,0
14Mio2a9tGCd2bZFWpKVbj,0,0,1,0
2YVVjKYamBwLaFROlxbpbt,0,0,1,0
1s7zifk2QBsfagUqJ5G8Mp,0,0,1,0
6nmvqHGgjOkGFVFOXr9Mgt,0,0,1,0
0EFA5NpOyGr8lfC2VPR5GZ,0,0,1,0
5600EGy381fgpQ6zNQJ7w3,0,0,1,0
7uWThESE9f3f0cVV3qmA1h,0,0,1,0
3zKFHnCmW8snZVk2im7rSq,0,0,1,0
3BuecXTs95ehxxlrKhUu37,0,0,1,0
5s3BKdg05xIyeaQwpM6p7E,0,0,1,0
3e0xHkBdxl2Q29k1QQlcGF,0,0,1,0
2bK0Qn3s0g9sdsCeSa4VO5,0,0,1,0
3CvlwZ7fLneU5m9BtjOwon,0,0,1,0
0rp1vxe0pIK1lxB9Or5Tne,0,0,1,0
6GmnNOr2DmnLNyi7GBBMeW,0,0,1,0
47LMVm4RfrfoBFvBF3gnKg,0,0,1,0
3yQq6lIJ7PhPwkdkznq4wO,0,0,1,0
5EYFTEQJCTk73Q9FUeAOCd,0,0,1,0
7gzrLqouuFTHt4lx5P5P2p,0,0,1,0
5AUFuF9xW5MjhOf9epLM5J,0,0,1,0
5BJCzXA5Mr8k12XXVoOq5H,0,0,1,0
1PpoydQR0IuT9POR2YCQWh,0,0,1,0
7wCR8JYsRoiIfLbRvS8IWE,0,0,1,0
0LE86WIJtrlCMNpMQYwMfx,0,0,1,0
4RwXc2oAJhlpHWA6YhhLvW,0,0,1,0
72Kb0kCWgKrYepjT0nlztX,0,0,1,0
7H2QAtfr91pBztHtF6oLGb,0,0,1,0
7kJHDlDobAYeU3lsJDEXnC,0,0,1,0
4hYTDu7I4uGcnXR5ppqvMS,0,0,1,0
796IEEkmBD6MHwAR9lCIn6,0,0,1,0
5Tj6Hy1uWlG6TouyiR51KW,0,0,1,0
0KhSLaAZGfWzje0s2yepuX,0,0,1,0
26H7r1PG2ltvl1pEY4yRcp,0,0,1,0
7E70YFfC0nd5NGRNxCbSOV,0,0,1,0
1QGz4b58sYfkQv26L4eFku,0,0,1,0
4qm2DXADO8O4fieLL7LgpV,0,0,1,0
1pP5kmBEAawMOP8Dq32J7Q,0,0,1,0
28gcI8eCxZS8Vhi8kHn1RD,0,0,1,0
1vQFgwVOnpvrWcN6ANzmRL,0,0,1,0
3bSYHxHOC072rR1ZKlcGSP,0,0,1,0
5hKVmUsPJrgb1LiDI5j7cA,0,0,1,0
4sfqrSkUuKuDExHCqMKA1f,0,0,1,0
69WTysmSFSNUiBNnnQJEml,0,0,1,0
79CElpEfWojinCyfSt1iS0,0,0,1,0
0sU3EbXR5XlCm6VCns1rIM,0,0,1,0
3KMSpycc9m1s8boFsUpCRP,0,0,1,0
1VBhtwJ9r2YXh9v8pYVLcX,0,0,1,0
4yW0nuHx6u9CCJW03QNLvQ,0,0,1,0
1HyMe3Ij9Vb99hx7qDtJHd,0,0,1,0
2enEI4kc4zF57VrHqqC4zp,0,0,1,0
4PVkQml6XploH2V4yA6E3A,0,0,1,0
0gaRWNrUA75qGSGkxkJ5up,0,0,1,0
7mENDZ3h5nq2Whik5njTDc,0,0,1,0
6UxVEcD8SYVYPklA3iceig,0,0,1,0
6gxnKjrOtc3CRciJbfJWwY,0,0,1,0
2ajjPjvKQJctLB3Jy14tXu,0,0,1,0
3NSQDiqIYvVMVle9TDaVly,0,0,1,0
0YrQVNat7IuucPEGigU34r,0,0,1,0
6hSGg6rKsf1GfyjXZzqDb1,0,0,1,0
0RqtWYlCqWEDz5xOyU0yzu,0,0,1,0
1z0ELJu20v9WIQVYVUulN8,0,0,1,0
3MMHGQLAFxms2uSm8P4A25,0,0,1,0
1FnaczIA4PeUzf3M3OB1ys,0,0,1,0
2MAqElv6lv1GFOubvQZly2,0,0,1,0
6bjMuTwKvuKpFr3n2QZNcW,0,0,1,0
4E7R7GhIgsK2Fkraprcx3Y,0,0,1,0
6v1kBRkuVKYze0KWDofCij,0,0,1,0
6YiPx7PLYYyYwyb8sAGwlF,0,0,1,0
6Jf7uoczgirRq42AceO8ah,0,0,1,0
12OCq2rmzmeMAVmgImMFQf,0,0,1,0
3fLPY8ixpHtjkKj2O43LOB,0,0,1,0
4lEIBCYjcISlpZo4aMsSbq,0,0,1,0
4cskV73NW5VvbFBiWE5RJb,0,0,1,0
534dktvdLEJmsMqxWG0kw6,0,0,1,0
6vlsApja7fbk9rGypt0u4R,0,0,1,0
2vluWPkAJvneyBa0whfX74,0,0,1,0
5ww18kjfc0K7vGfSQuS05p,0,0,1,0
4aKhg84unNqZhI4uzWjQnq,0,0,1,0
5cjzi1ScA6aI8POFreojFO,0,0,1,0
0nxaleW3kD3qrm2iwZ4dWb,0,0,1,0
1kcPgeX7j2xpAVgFYAzhTG,0,0,1,0
6awLXIvXP7QzU4iTmhIQMD,0,0,1,0
6IAMPs5WVLCXSMYRqrlL6S,0,0,1,0
7pxco1AmarwW8GBLhjnyq5,0,0,1,0
6AVLMjb9o7s0J3CtseBeSZ,0,0,1,0
5xxTUwUz0Tukws1hsh7Wbi,0,0,1,0
6Xe8G97VhIuvld2PLkkBII,0,0,1,0
0GVLAewMnT3Lqaxj5emwFD,0,0,1,0
6Nw9uHMQ7foefdODIl6iwT,0,0,1,0
0Scz1LxKIh3TYuGCQfwsZM,0,0,1,0
0v9OVvNqqiBPAOoPb8BI8p,0,0,1,0
2qSydpRvKEkySfL3M1NpDY,0,0,1,0
2rtee6HXqNlPX53rUy74qH,0,0,1,0
1VqXr4sKukDRI2B12JBzdu,0,0,1,0
1KzlXIXzUvBpZ62AJeCI7R,0,0,1,0
0lCJsKkvoFpz1mredoIzgj,0,0,1,0
3U5C9TnG4aVHnes8n39ECb,0,0,1,0
2cB8ubafrUOgHiZJ7CM57P,0,0,1,0
5qmOiN6XgfIt807H7f2iSf,0,0,1,0
5zC0LxxSGE6BpYakGh6yYk,0,0,1,0
1z3jXYmTr8pPRCR7Ztn1s5,0,0,1,0
042Ry8pHFnM760Q9tQ4Gx9,0,0,1,0
5qhSzNBRNMp5x3SXRE4a8O,0,0,1,0
3mYRVvQAOiFZ7IfSZ9Kt5w,0,0,1,0
4UsAlVyCtzJDkEwwtr3Oj3,0,0,1,0
3OITQfvVbAty6E3K2V4kHk,0,0,1,0
5R18fhwPXNmPmbkh6O7flD,0,0,1,0
14H5yrpQnb9D9tVhGohqmY,0,0,1,0
2rUWiybiIFtIQoWldXrhmf,0,0,1,0
0LRk2giWRe3DdAxcRVKqZ6,0,0,1,0
2c5CEA3BSsMtEHdFpFHyHN,0,0,1,0
3dPEc9ElYpXcMZnYpMXDVl,0,0,1,0
0KNGBV0sW5JSc6iqJn4yei,0,0,1,0
3E2JimjPfOmxlf1J1Ngp9G,0,0,1,0
2Vo3XiWg97i9ChAWbXoHWu,0,0,1,0
0Flwt1jYm2KTaZdPPxZTQW,0,0,1,0
6yHMDzCoIHDHSHMw7UWucR,0,0,1,0
24neom8zyXVhXy1qsuQ1Ak,0,0,1,0
2lon6Ufw7sYV2atMdExX5Q,0,0,1,0
5WGu1gWV4wVvYEDCoB27vv,0,0,1,0
18ulmSmy0hm2cfCRCEI234,0,0,1,0
1n8NWfiuqKAhSQJ5xEF4Aw,0,0,1,0
67GTn7J0LZZIHZifT8frrd,0,0,1,0
1QmdO578prUNx4Raq8TFQV,0,0,1,0
5eKyjAgwdjNJhjR7Vvlaxz,0,0,1,0
2dJdmSaC9vrKwEfPssqcni,0,0,1,0
2uqtaallrF7moItGQHB2vl,0,0,1,0
013zCDYJ7o22aABtfl7D3M,0,0,1,0
7dThqRcXkcPguz3k8sMirx,0,0,1,0
5ZA5GdKzEMyIAl1koAut9Q,0,0,1,0
34rBWR3qDBGfG7cvK1aa01,0,0,1,0
3UyIkNZ56QKMuqov20uvME,0,0,1,0
6neQcYJDmjm0shh4DYq3Ln,0,0,1,0
7HXbXvTM546iDLOlu1sToI,0,0,1,0
3Q0WnQSEPv6HYA43cCImGS,0,0,1,0
42HXXYtXgJ9PAnnK6i3oj1,0,0,1,0
72FJ07MsWl5wOOg3mj82bo,0,0,1,0
2hsyBrD3yeZp4XYMNPNNEi,0,0,1,0
3GIeMaLfYatIZKHtr04wdF,0,0,1,0
5UDIWJUBxd8ojkU1YDuDeo,0,0,1,0
0JQHCgjwXFtECO9GW9OStc,0,0,1,0
2v0SkB4Ol1Gg2jVqr80u0i,0,0,1,0
7j0dEteOuDR76EZlYcdQYz,0,0,1,0
2Qqi46wKXOgbZdpIvthrfe,0,0,1,0
3oKO6MZAo4BEU3sugLC2Ch,0,0,1,0
5c6M4NLkAgFOWrBPxcvagU,0,0,1,0
7vqoHFKVDYp7Y2qao6BOED,0,0,1,0
5Qynhr4SwatsDhIrb9ln0S,0,0,1,0
05Sxlqrjbze5wjnmXkFudi,0,0,1,0
2j2YuHhacLID7bbC6XEAbD,0,0,1,0
2bnOhzJWokk4ToNS5uL0Nq,0,0,1,0
7gUOewLnfIxaJWJ4ziB2eQ,0,0,1,0
4136aY6zYUngc2gW9SjORs,0,0,1,0
5Lzfsk13zK10YbLT9V1KdR,0,0,1,0
4K0e0c21JQAXQBb4DHqTJI,0,0,1,0
7kPSdbMKI5wSJsb4OH1r0d,0,0,1,0
4Xt7JriSe3E1mHC4B7f8FF,0,0,1,0
4QikDOnAfXwS3YZlZa5ZGE,0,0,1,0
6RtiIy1yBxLBz1ocredA93,0,0,1,0
1hB32TE2NDJSs0yGasGEGz,0,0,1,0
4FqUbcKo1gkoNB2vxMk4JF,0,0,1,0
2K0E43Ly2HwW6OXjr9YQ8k,0,0,1,0
4LLaUezVPD9n5Ku1Ur0I4b,0,0,1,0
6DyaMBvVntlJlul8ydEtvn,0,0,1,0
0Ww28y8TkdNMhijhYgNbe7,0,0,1,0
11NphFafqnvoxkU12wTpIF,0,0,1,0
6w5LLfWILQWDiDnIVjRLPF,0,0,1,0
3zzobx2mcQAJ4o6GGrJE0W,0,0,1,0
3eele6ijwz1nucVaVEQyUN,0,0,1,0
76c3a8U9xojSkqFxcGbt5t,0,0,1,0
18OyimPfJNtG4d9ImyJSgd,0,0,1,0
1wB7eIKcJckRgLw9jcwvNk,0,0,1,0
2ZqncUSd3mSSdqXfEoGNU4,0,0,1,0
2NZXEDLPJC4zzzS8glDRov,0,0,1,0
29RGiTzP3VbcBLVbU1q5PY,0,0,1,0
0h0KgtXuWabQQ0ZaU6pAXc,0,0,1,0
3Hy7wMqtqgcvAoB06kWZS3,0,0,1,0
4kwIzK57nz8Mj9xVfqhBWM,0,0,1,0
6sbmYh9racv7IYaBKPMZNq,0,0,1,0
0ytVIHwVZAXx1DuMya4fXa,0,0,1,0
5nMZkeFFPi9ilueEuC06V3,0,0,1,0
2IfNUjG5Dqa6haCrWCcfxu,0,0,1,0
4DaaNoc2VFFfdqf4poJIcg,0,0,1,0
5ig6Q7MDA0jPJaY8KfGkhg,0,0,1,0
2fqzyI4loXtftf1jHURFtT,0,0,1,0
7yGxTi1VLwdwkdR3MIJMg5,0,0,1,0
3ZejStneCuXlf2OIL7JTwi,0,0,1,0
39yUUt4T8cfy7z0uwZRXmh,0,0,1,0
6RVuiJxO1ctvk254A6e1Dq,0,0,1,0
4iEqAfx4EcAISbN6AmTgSd,0,0,1,0
5FGqoSFDiDwmXL2veAIQoX,0,0,1,0
43YUai3v1TrIukWIvGargw,0,0,1,0
25ebcGNv1lRtq3Am4Sq1W5,0,0,1,0
54yObFoAeg9YpDtcSjKnn6,0,0,1,0
3UkH0vSHixAShWmWM6HoQQ,0,0,1,0
5NnHXlh7wlACLK1cVO7GqC,0,0,1,0
3CbgJJol4ywEBpvd89j63T,0,0,1,0
6sI5TYToVOQOZMcclbsCOZ,0,0,1,0
3Ktma5BWMV5Sb2671zY6sP,0,0,1,0
2gzszhpwyIM3omKbOenrRl,0,0,1,0
6J3yAnVmj5b8fJGqDhMmSR,0,0,1,0
3Xiwv7EhCPqvaA4lDiapPh,0,0,1,0
0PFf1Hj0P8HWzUMlY3jspu,0,0,1,0
5Frn42QZQiLv4XdARtd4bs,0,0,1,0
6kdizlwuvkScWu8ipWi5oh,0,0,1,0
2qaHxTiTX9qvj9rX3Ejj0V,0,0,1,0
1STmhH0Bzghmv1uDYtTwMt,0,0,1,0
0JCkN6wGMybB83VdKJ0gaC,0,0,1,0
1KHtn7XlchfNCiMKXUFqMp,0,0,1,0
1BVSsrFe0Dd8w9zmH3BhKU,0,0,1,0
3mACLZ0ARIwViM9UiRa31a,0,0,1,0
0WS98wFcXo10QunHOKXZdZ,0,0,1,0
794AFHAlDhgyxkXmm7Dd73,0,0,1,0
4fT74MGmKvrrOi8mTJps7z,0,0,1,0
2rwq2v32sHOPY8rLMTnrDp,0,0,1,0
5fAerQWymz03CTZAV6pDfn,0,0,1,0
52RokhfUzC0jKLDz0Tu9SR,0,0,1,0
5PEvT6Wai5Io2XNEAhthfa,0,0,1,0
75xpPSfhCC3IG0HFQssBw1,0,0,1,0
3W5c9QEVZAaTaa7JcpleiS,0,0,1,0
2X5Ct67wfpNxXy4OaAWUsx,0,0,1,0
3QdeBgQj91CLmeNsJnk8Sp,0,0,1,0
5U8IEx8Gv4GRfulGeVwt59,0,0,1,0
7eF5eVULBCHGAEargb9YXo,0,0,1,0
5TnOOeWWokctADmEFiWw4R,0,0,1,0
0L16NfeRQu0MFaGcaLr2SW,0,0,1,0
41vXzT1aJz4qf1H5CPGgO7,0,0,1,0
42x7Do1sMHrACQlHuNfnfB,0,0,1,0
20b3iNdxTlWGQGRaB79z4k,0,0,1,0
1FWB7txht6se3zgfeEjikl,0,0,1,0
4j9j3lvUddgZYPk4ktZW5D,0,0,1,0
6flsAyVXMoMFoCEh9TVRDG,0,0,1,0
5naXIdFy5lWaXSHUGG3yFC,0,0,1,0
1gJ9bguy3gnj3yDm9rnpfK,0,0,1,0
4eUwN8gKPeGK5c4gTXvYhM,0,0,1,0
7IJUbk3siJav1wTWIAKSOA,0,0,1,0
4LMkbhNvKOdBMtAxfEUDGH,0,0,1,0
1GpctAKVJZ2cpvHHqSpF5Z,0,0,1,0
22jUbh8izrifnfqsAU72Jm,0,0,1,0
113P6HUwU1rvQzB1VPtPYB,0,0,1,0
66RVeelFzK43ebjBDMYyOa,0,0,1,0
7a7EYHaIkQXomWF9tlc6Rq,0,0,1,0
7CTwLCcMfLRkLC6UVWMVgH,0,0,1,0
4Bsg82R9JpPZcaA1OtdTsF,0,0,1,0
5lGsrFuUZE0BCOIJ12RmB8,0,0,1,0
3N5L2HAgfXXx61UMZtVYlR,0,0,1,0
6rvkcpkLS7e43JP4IXpZJK,0,0,1,0
7EbU857SYssMHXNCcDH6r2,0,0,1,0
1Fwglgek2T62ka77GZeCrQ,0,0,1,0
1uIh7dlWp5lfaUEH2eBVj6,0,0,1,0
57baIDFGfWfpA91hrpqb6I,0,0,1,0
0Q3nzlTjev0pXZIZkoflzz,0,0,1,0
0u0ZyrLLEwz3KPqikEr4Sh,0,0,1,0
5NUDeqWx7zAXc70btMjV2C,0,0,1,0
7xSyM7OLQAjhH0eQJHjzBZ,0,0,1,0
4gzxmTl68ZMAqHmxi15vwN,0,0,1,0
0TmjJJSEZLQaK5m1DNvTyV,0,0,1,0
1FvYBjEVauDxKyi1Bbw6mA,0,0,1,0
4wdINekwg8MNmB57xHWZY9,0,0,1,0
0aQ5U8mah1IeoReoYo6chI,0,0,1,0
6FzC9Aua2X7TlGcAKjifkB,0,0,1,0
54KKbhkJfv7BX8GzaSX4x1,0,0,1,0
0NqC2s1yyKUAwltBqIxhuk,0,0,1,0
36OMuqaHyyuTv3DaN0ST6j,0,0,1,0
0Oq0EKpwn2Qt0k3eoNif7K,0,0,1,0
6FDpO4BUrz4nUuIz8rsRZV,0,0,1,0
3ljxdL5MeCxAckQETdRJTF,0,0,1,0
5nXChH3UaYu4dfzYkDvBb5,0,0,1,0
5yO7tE1WZbiKXq7NSWaFBE,0,0,1,0
4jwLgoEhWF0E3Zfr3AGlkX,0,0,1,0
1QVd07riwMzQlTTKbbqHSs,0,0,1,0
4yhAbCERQYOlyHXh0dP8dL,0,0,1,0
7CtjKXzyhB1B3ZB9EW1b3n,0,0,1,0
71zxkqEPTbkH3LYM8ncI8j,0,0,1,0
4rez6CJk6wAilEEUuf3BfZ,0,0,1,0
59fi8Dqg0fPDSXZ47MCUMp,0,0,1,0
32OOKC7TmVWK6bwmjD1OFV,0,0,1,0
64aLKgj3o8zLSRiWRROnH9,0,0,1,0
4sHLejUgqZu4YLF0O0RdAM,0,0,1,0
0Q5us52cvbepevLCM4RrbQ,0,0,1,0
7cAJzsJiXjleDiBrDbXuhM,0,0,1,0
2u5AvuXkwzqeLWhnE1qoeK,0,0,1,0
2dfDvU7uO855OcaxnZop4v,0,0,1,0
3hJxzKdOJVu61QOkGThDVh,0,0,1,0
0vYZfCLYfvevMRynTbuaT6,0,0,1,0
4aQMO9bEIu082SqANU0dEN,0,0,1,0
6tEDM8XZuBySE4XoiDdTwq,0,0,1,0
1SpCi7ffNMr8aHqbVlGliD,0,0,1,0
4rMQ0OujnWGmyOxx9a2MXM,0,0,1,0
5hNEscjZZJAYRFh2Ts5dOM,0,0,1,0
2tn8ouUjQelUDn1rgMX7zz,0,0,1,0
2T6GxJVQErYMOrpJCI891f,0,0,1,0
15vVJ2wOZaY2BX3ssKB1S1,0,0,1,0
4t5MuzaWffnc9sVS2gnrBB,0,0,1,0
0QEdjgimpwltSje5JbjNZl,0,0,1,0
4UPJbOgGGyPgEQhkVPyCCp,0,0,1,0
1bdNFCfv58ZPnQYeLKeKQb,0,0,1,0
3FSxU0vnsyg8E3UwVYbLBr,0,0,1,0
4hASCP30mzLROU5T0y0TOk,0,0,1,0
4yY0nuBqJJ1RuX5jyNP3mi,0,0,1,0
6rpCDjjnGF3vo4o5sKVrFN,0,0,1,0
6u6DmGtUL4xnXKuri20gW0,0,0,1,0
0j6b0L5zSLfyVDAHb2xa2Z,0,0,1,0
2uquR2IYQ5oJ0coJTQ0AUx,0,0,1,0
0qdUceuytixw6h9zha8H6r,0,0,1,0
0w6n0yyUWxBQihqfF30feR,0,0,1,0
0beCkjzuNmdoqzeTea2fKY,0,0,1,0
2OFjTElooJpe7jxcbyn9rZ,0,0,1,0
5B2In7jJ3f3LiAefRMcHaZ,0,0,1,0
1942AmiwxiQs3qOEVBPQWz,0,0,1,0
44goNZA6lUTpZMeHBTq8B5,0,0,1,0
53IEhcDNwMVX1Eu3gKDKMC,0,0,1,0
0vdIbVnIrsRPPPvzIh6cMb,0,0,1,0
7vPwIU31zRxaImYwZ7hdns,0,0,1,0
3LKDKU5ItvVwLINMQx0TDn,0,0,1,0
0v4fMzBVxE3YtYc3AfoZpr,0,0,1,0
4JmpjumYlMJylbBhHsAjEV,0,0,1,0
14jj7m02S4fILm0QCzc7NF,0,0,1,0
3TjE3A8tLih7KBwKJ03Htl,0,0,1,0
6sPSykSp4mYXyyySQIduDC,0,0,1,0
2a4wKh0SHmHWgyQDrknRt9,0,0,1,0
2HFNsLkHdOGPsFS7DcvTRo,0,0,1,0
1eiI8Ki2Dftp9wdaPsQZkO,0,0,1,0
3J6Cp5QO2052hORkwJl4v3,0,0,1,0
4iPL9dgxbdPEvcsOEvuOGx,0,0,1,0
1ZTakLJfJXdBtcjpffgQD5,0,0,1,0
266Xs0OT9XkTI2lIx87OWA,0,0,1,0
2aMTikt5jnaWyvDoaaxTdy,0,0,1,0
7ja6pux445uqCWoDyS2Oj4,0,0,1,0
6j5z3DW09bzTsAUtg4HJDn,0,0,1,0
7rWsLkb67CDtxU95n0zaQ3,0,0,1,0
2OjNqv77xwosfUhhuwSXqT,0,0,1,0
5Yd0nGzzeqvWWDc1eDqWRm,0,0,1,0
1djGP2iVpEzxsazR1QCXPr,0,0,1,0
64cuPJHBNAadYQKPbxHmot,0,0,1,0
3CltCFTUiNtI2eCulkZcjb,0,0,1,0
72XtOR0IN7Bx3T9nMYEMTQ,0,0,1,0
4JcfDlUCKurSyN5GZEhNJH,0,0,1,0
5eYaQSb5tQX2zMjtfbPEJM,0,0,1,0
7D4tqDEJB7neZXmm8edjHW,0,0,1,0
4jFsrywZEdfpFGH9c7WJSD,0,0,1,0
01xGzRslOqpzr3gmbJXNwU,0,0,1,0
1Ft4tDDTlpBZQA5VDYxCcU,0,0,1,0
6tnPgCtkUY9kwR7Jxbp7qa,0,0,1,0
3uWrnUvYmQn7uUtoA4PirC,0,0,1,0
5s9gD1W5tkrrVxQU28UbJW,0,0,1,0
5ZhGi4BwoOUJMenCKbbjRy,0,0,1,0
5L1NrAk1FiA4xE2Acm4BhN,0,0,1,0
5lEtp3nGMhJMS94XTc4z7Z,0,0,1,0
2jGBX7SdqrlIOO9l6ENY0q,0,0,1,0
3y77wo4l5jTCMLrINhNjhH,0,0,1,0
3541C1RfR6BYxHz9sQDq88,0,0,1,0
3TmjwhlJiA8TqGgr0TNDZ2,0,0,1,0
0IRECH1OsFU6DDNLg1LCpK,0,0,1,0
39XTtp9QyfL9bEEttMTB8q,0,0,1,0
4l9fRPLFxaUHSf207RUNn9,0,0,1,0
6xA8bk52vbC83bXiO5GfEN,0,0,1,0
5KSqVcqu61YTGl7GkfqFt1,0,0,1,0
3GbRJAxe66m6Kg8dfHwycC,0,0,1,0
1TJySowNrw96rVkKJWRyWl,0,0,1,0
6cH1dyNQfqxo51Q5NLeCXv,0,0,1,0
2Qa9KVPZSSq1oVavNwMTPE,0,0,1,0
5oZpj7Y7PgtBJBV4jMkAbl,0,0,1,0
3skyVNTwxInszIKYSHOcZQ,0,0,1,0
1jRGWO44CFwCsY32hNymcC,0,0,1,0
3NewUm6DGonmHoTUMYo425,0,0,1,0
2oL9ZjtGjtAi1UsI0QnJ7I,0,0,1,0
1BCU6aAnYnVRZepJetbR0r,0,0,1,0
4uOv0KH2zwCTleVuueEzBi,0,0,1,0
6AzJ6MHYAVuQxywnQ5UQUS,0,0,1,0
5k0NMWtrHI1IZEkKnBI8N6,0,0,1,0
35rXsbycnCnenu3DAq51Zy,0,0,1,0
0irivgz7TC4iLJkRUqsUsu,0,0,1,0
02t8z1GUDTgWgZmKfLUfS6,0,0,1,0
2Yy31FDLkkhEGKp9vIDoEo,0,0,1,0
44G5KCn1LhRkZmExXtMZvo,0,0,1,0
0Nsu8EKzmIRCcje78SfahE,0,0,1,0
6DCM0qgj0Mrj9w3UjnaURx,0,0,1,0
7gAry3I9QZWcGL8KwW1pCO,0,0,1,0
4VR6CgqQCOnKy6kFJDTAFU,0,0,1,0
2SrL8aCzLdGjv0AVRFkGuM,0,0,1,0
3f9335V5Fih7pBlOhTz3oJ,0,0,1,0
1pEKbNZGCcFI0TJ6QcbS0l,0,0,1,0
3pftRkTeuOYlHocEcibNgz,0,0,1,0
2yFoiOvcAbG5plHz3QmGvC,0,0,1,0
4jmxtCI4Tu8qW38o7fKJ65,0,0,1,0
6Xbwra1umy7O3ZVtixKkcA,0,0,1,0
5PDRbEOxVolQnMoDIgQ9oe,0,0,1,0
5S5HxlYrJsYjJ2X0cZhqgD,0,0,1,0
1sIJ2UvgRutO3mE1MTakn2,0,0,1,0
1l7cpxcf00z8wcUgmKHTFh,0,0,1,0
0kcBq4cunxnrKZ5GUjUmme,0,0,1,0
3xTjhphFojPKc4Wo24EKSX,0,0,1,0
41AcOg9GGzOVRuO8RXQVoj,0,0,1,0
5tzGsdgURcG1SG35SOZsh3,0,0,1,0
6nhYcrTPg6yebl9B2f6y1J,0,0,1,0
7y09cKbwlpAhqPjb3RpDTF,0,0,1,0
6DWZ3E2H1a9nidnJhL7tRA,0,0,1,0
1v0UxXKR7gUre8kcByGdY8,0,0,1,0
3FzzvgTc0awvtwrhzUvKvq,0,0,1,0
7eT9yWpoixVXfG7K97p42n,0,0,1,0
4DHRLqCZrn8zeeEkB7HI6C,0,0,1,0
2V6xhEtPMwa7teYuWyoezk,0,0,1,0
4FbXw69kAOvnHAjL0rQ1x4,0,0,1,0
3Sh9T1l5enk8y7CQeXNEmK,0,0,1,0
1FtC3S0w6S4kiBKNbCKmVU,0,0,1,0
3yTMuSHyGmldSAUrIpHlqN,0,0,1,0
5bluvvgwWbEHTzGTZiqm0A,0,0,1,0
0ZWTiKaO3Pet4fMdOYuzx9,0,0,1,0
58kPWcaQj1PSeXz00yt3nz,0,0,1,0
4xY6oeHOSRAZKmGizxBO5Q,0,0,1,0
6eSY3fti2DDmnVq0rajHyu,0,0,1,0
2BXOGdc7CnxeUdqyIamEYA,0,0,1,0
2DZtJgaqDWEQUQjzNeUq8X,0,0,1,0
1aAIwYr0pbI0Xwu9rQULgO,0,0,1,0
0Ndn5BkeGMmTySINEPJoKQ,0,0,1,0
4SpW9gngOO90OwFhLBNBf8,0,0,1,0
1CJFitwDkdo3B0goc4Q9aA,0,0,1,0
65cFhf2W1eZk6BsTXDWtMn,0,0,1,0
6Ker2RFCDgweTGPX3O4Bff,0,0,1,0
3QknknkTXnwcy8gEOiTxQY,0,0,1,0
7msPfPgGb8jse73zL7ERrQ,0,0,1,0
2eBeU7xBc9Q2HVYC4T2yrD,0,0,1,0
6OCmMzqAdjxyryEcSTEJH4,0,0,1,0
1bmOJlD8gp7t86lsliCQAJ,0,0,1,0
1in71j7uA8lC4lcV8TBfpV,0,0,1,0
2ZOMdszeOsFaj31wt8mDNn,0,0,1,0
2wCLVxp6xCGTnlzJcrMXHI,0,0,1,0
4Sg0j88XZFj3mQ5YUDyfBt,0,0,1,0
5XPoFKXIJisa6NUHcFO3Zk,0,0,1,0
5AZCS61jMlq7JGpOGG00oP,0,0,1,0
5URyems1E7vvmSehGOdmQb,0,0,1,0
27kxphX2pU3bErLNPkbhBT,0,0,1,0
0PZfjYnADP0vxfqF1ywqed,0,0,1,0
0xmv33ndaa93nMf6yjbJPp,0,0,1,0
5nsffuU38WGlbHjTYoQqF7,0,0,1,0
1OINJVtaHI3fDZTW42U2ap,0,0,1,0
6axpUMT00ML9TEEqSdE5ZA,0,0,1,0
5H5022WHp1NRNimycR97GU,0,0,1,0
0Z2E0bVchT7MTmXAymCsQO,0,0,1,0
5qH7PIaxjDsCCVcp7DrtpQ,0,0,1,0
0KBgkDMMAe5EEgqXozO8Jl,0,0,1,0
64Of6ADmAqAd1qh1dmwlof,0,0,1,0
0tRcuC1pE7MPbr5r4lanif,0,0,1,0
0wZYdLCncX8eBQ5Kd90p3I,0,0,1,0
4f1iiuT6uYQQLaXav9LjLw,0,0,1,0
0YgkiGXyNp2S5dFgX6PK55,0,0,1,0
0XfhutokYhxbFr3zVUkEiR,0,0,1,0
7bTfnZbw7S2LefPXsG5pQp,0,0,1,0
75gfwpUUQLLYgXRrp8Uh16,0,0,1,0
5vzwk9Cm4XfPHoz7DEAPcb,0,0,1,0
6dPv4kK87d3jc8goZQrpZY,0,0,1,0
6HWCBFx0oYCG3nbbvRpTy0,0,0,1,0
0gJaTrFO9JylZ3aTiJ3gkU,0,0,1,0
5HzrdM3VIlPUkCh75meXtB,0,0,1,0
05nd6ylAb8hSmP0Q8OVLSf,0,0,1,0
1kz98rBuZEVKGpCLRU0h4z,0,0,1,0
1XyvBc7cVRTJqp7lZcovLE,0,0,1,0
4uFEizUe4GrbsaJQZqWOHv,0,0,1,0
4fH3O9i7XJZMDxa9Pcam4Q,0,0,1,0
7C1uwSwWYFg7sClbIQBrkw,0,0,1,0
1yPf8d4Nf0AGRrDW8tsH8T,0,0,1,0
60HVkf3EAlyTcQ4RKo4239,0,0,1,0
4EoHnRqDHIpRJCiFuL3VJH,0,0,1,0
7tWQMG3fkxOX7obnA2NW9o,0,0,1,0
7xipCb38QvHZnzwqQNBF43,0,0,1,0
6i07mlHlW7usdIBAamDgC9,0,0,1,0
02Zek03BhFnWlitfdvHp2J,0,0,1,0
7uXwSdw8MfU3YEW5PwM8pT,0,0,1,0
3vsA6xogF0GlXHcpv4WdzS,0,0,1,0
402GurBfKnWctRRAM8Fz6A,0,0,1,0
2qxyJd1IiJzZ3sQenXMvkY,0,0,1,0
6kZffIThYJKXyVnUbQjFQ7,0,0,1,0
269QODCL6Is2Yr9HGTiCqj,0,0,1,0
1bWAjC7jhhDTzn13WigpbU,0,0,1,0
4xRnLFbrU57qVQU5Ba9Mwa,0,0,1,0
4Wq7bn028khvPa17lLl8Bg,0,0,1,0
3slz41559S3IbRhUO95bUB,0,0,1,0
3HzHiZ0TLBEaSBvHggT9kG,0,0,1,0
14hADoJPOxaBNLaHUJp0ig,0,0,1,0
09SXY9uD46VXtiFCqwFEcB,0,0,1,0
5wkw0sRZ28xVzTiEalcMRG,0,0,1,0
0rjh1nb4Bw9SedeT7PA8Wu,0,0,1,0
2ycFPsx3zoBoc2ny9SDbMM,0,0,1,0
5bbU1ZXEzjK4V2UNPdSY6c,0,0,1,0
3aA8KRhBN52TkA9YuecZf8,0,0,1,0
0eABcdHg3ROSXtGQPIP8gp,0,0,1,0
5lRnhUTWHnW6QOYrxA9sbY,0,0,1,0
0dtt9zTJ1Nw4VNvxWvAeVD,0,0,1,0
6T4Jxna1tZO8nGj5JqO7a1,0,0,1,0
2YsRywCI2fGi31wHi7dtlP,0,0,1,0
7ofDU0PmNvUHM0Cry7Xamk,0,0,1,0
6tegtcBLIEcaTAuecGLKf6,0,0,1,0
2TvCfjdBfqcCSNJuVpwBWu,0,0,1,0
6nYV2UnsARhQDdWra5ZIaT,0,0,1,0
6n7ciubCK59Y0aAohBBmFe,0,0,1,0
7dG7PI5wyQzSktacYYV9Y0,0,0,1,0
5ssnyKHR2xJryDIl2NBZhf,0,0,1,0
5lHn6K6rY456MG8kUiKIZT,0,0,1,0
1TpHhuQzg7WFg9l2r2Drr0,0,0,1,0
6k1Nh29MxjRSkVY49ZQ14d,0,0,1,0
6hpeDrSHLil6Fjw257kYMf,0,0,1,0
1AlCJDfCNvInKzfqrJ5LwM,0,0,1,0
5LWGRlwAPPBpLc8vC6iPgV,0,0,1,0
31HBHJrEepnno7wngFF12z,0,0,1,0
4wCD7Itelvim2nDpLhXpTX,0,0,1,0
4iX7809sXjaMY3iyqyeHR2,0,0,1,0
3eWp7pbUQuQQeRBMnA4nnK,0,0,1,0
37knuEI0H5NOuS1r51JOgR,0,0,1,0
1ekAPRePBoSTWW4Vl4OG78,0,0,1,0
2LT7qqizdHqd38UyN6t3Fi,0,0,1,0
7BAnBTZU9pIOY6WtiA8k6S,0,0,1,0
55GI04q61Kvt8PKmiFJBlD,0,0,1,0
6gaMHw3XzZuev4kdp2SC16,0,0,1,0
25gGbmVrvL34zlyASX9avv,0,0,1,0
7IT80mooIZIbJZNtMDvCxB,0,0,1,0
2tJC9wsKU5lFI2ukGDCrWZ,0,0,1,0
1CBXDANweTZYKjK5Bxyrif,0,0,1,0
1RLZfabP0tAMUeTBreAeX7,0,0,1,0
0faOD8yt1zsFWJanJKm1Kr,0,0,1,0
3nlAggCJo5gWEGxCTeFVvi,0,0,1,0
3pEzu7ezIV2dNDYFCkOIYp,0,0,1,0
7ci1PO7wZ9suRxcjP0bh9J,0,0,1,0
4bi8Dk95qwlbpFaAeeuSLg,0,0,1,0
2I6EEHBRHh6Z0uUOUaQ3Nw,0,0,1,0
76x7tPYJNAzTvsfcwBp2Vb,0,0,1,0
1j4yruhEod1hfBHjgKQOUB,0,0,1,0
56b3woTgDrY2Y1EubQX0XB,0,0,1,0
79QOrfughoJT0YYZ6S5N4S,0,0,1,0
2OcwZdoH0reVvNWdDihH9K,0,0,1,0
1ichty2eY2WChBD465GPA7,0,0,1,0
0pODizv7R2cWUAloH3KXpz,0,0,1,0
702Jn4tTtHlE8BXzB1nsiY,0,0,1,0
5k0zQwmbXYxlu1RR0OZpXW,0,0,1,0
1QPAwlxoDto34cckCLs5P9,0,0,1,0
633wIHlxDpPJzMoOTgAcPa,0,0,1,0
67Tllq7AUJtYHlJ39M7YOI,0,0,1,0
4hnLDkjxr9NPxwHcPArM9D,0,0,1,0
5sFZWYLxtk0htbCYtcYFKr,0,0,1,0
4ppnuJvkq5XvpgO5alz3GW,0,0,1,0
1CIUSR44vZPmCla8acn3S6,0,0,1,0
1hKYpmszbkiOrt3yRRqczC,0,0,1,0
3KcaoG0fknYYiJtKJyhBfr,0,0,1,0
2rPQibGy9lyDV5ZA56Rc79,0,0,1,0
1KQ0iCIspwq0XSfawKZlNk,0,0,1,0
5t2s4TbDwYoPnYMAzD0h21,0,0,1,0
6EqbqmtYCffvzVk8qrOfl8,0,0,1,0
0SDlLf8hiPw2b1qZ10T81Z,0,0,1,0
2hZxf4bgow7ArKy8gXIQRL,0,0,1,0
29XPD14vjHvxydrDAJEVab,0,0,1,0
6IMn83HMM1lUPl1iINgg0c,0,0,1,0
3cHDzNJ2anoHSjVfFoMeYC,0,0,1,0
5dG4ENzKnJWEnKG4qlMDPG,0,0,1,0
6mOSvM1wAslfuBSIrpYgZP,0,0,1,0
2rA0tpSo4WzOulp4e3L99A,0,0,1,0
7HO7Y7ZCZcqYtpDa2xvtIH,0,0,1,0
2gx3xy14AjXTCk894UOoZu,0,0,1,0
74nGD3984V7HpvuTsG7tfC,0,0,1,0
34IGMwBNjg2z6oKCF3x9MY,0,0,1,0
6epsi7BCwcDsVMS7vqNN01,0,0,1,0
2TuWhi1iW3TlCHngfOo3Px,0,0,1,0
27sSrkdmxQ4WE4P71U8VqU,0,0,1,0
6mDZ1zNTdiFe6idOHrEwOy,0,0,1,0
60rDrfpdmR5DKxz6eDn23C,0,0,1,0
4WU1D2wXWc8EP3tM9ifo8d,0,0,1,0
6m9LruFeLavnCuFe3V7271,0,0,1,0
5jdUtimTcenJIhwz7GhWKw,0,0,1,0
4ayhcFieuYg2ry8Jg6bXch,0,0,1,0
3wM0efkVzTAas5QO2fBdFP,0,0,1,0
032AMsAUHrhMH0IPyq5CV5,0,0,1,0
6ENrBKbnHe1pyXu2u2OL61,0,0,1,0
5DwHlWAV1V8xgxvAEWPzNz,0,0,1,0
4sbmXiPFlZCTqwQpF1JV7h,0,0,1,0
2i6peiqY0YlSYghH9TW420,0,0,1,0
1QPlCVD5EdckEeOE7nk1KI,0,0,1,0
56ymwMEhxm6WRH7Q1Nt462,0,0,1,0
7LJUqYJDjNoPoyB2DFtEjC,0,0,1,0
4aAYsxcEDRYD7ajv9Sckrx,0,0,1,0
2mOVYSO5nA4aHOr0dETX9d,0,0,1,0
3Innccksx3wx5XGbBque2G,0,0,1,0
1Cceqp2lacBEWg75a4ZMj7,0,0,1,0
1Qq8jzWn1gn72o587DdyPe,0,0,1,0
15D1fP4cSgWBTsLlUpvvn5,0,0,1,0
095QZckAJPWiycHvabW6Fo,0,0,1,0
7aIovXTLcDaunjkEDbBbp9,0,0,1,0
5GmtGR3MwrTCgi8UtngNK7,0,0,1,0
42XAHUbaRGdCk6E0DR84GX,0,0,1,0
0PJICXVao6C6mRTymM2T67,0,0,1,0
5MoWpYJwIvUUyi5tSR5mU0,0,0,1,0
5UbpbASVgi1W2uxBMLEOZS,0,0,1,0
4xkgGthBpRodYmfvOfZu6w,0,0,1,0
0Gr6M1j7Xi5V1WsphqxokO,0,0,1,0
3LEhkfB6jYNlhsXhCpIHIc,0,0,1,0
2jngKAKKPHTALpNiortCMN,0,0,1,0
7COJvCDSecQtnZwGm6TT9f,0,0,1,0
5mUpP1SBW5iWQlEeqhxFv6,0,0,1,0
0yd4dRCQJGOhPPKcpOWKKh,0,0,1,0
2jSVkU47Es92KE7xCifZaI,0,0,1,0
7ByGkeYY2yBEaJ7myBZjXV,0,0,1,0
36ICFVuKInsA6xBrri8Dl5,0,0,1,0
7ddCLYeIFFxuOS88lw7csD,0,0,1,0
5Vdsqr9DoZlOZm5Y4nZhXG,0,0,1,0
28o7nObT56xVnJyKYyGM4u,0,0,1,0
2mwkyRqBVYWDF2BLj7G1Je,0,0,1,0
1TYLm02SLgfKESo1yHvRTA,0,0,1,0
3fHWRD98y8tXuOHHT9j10N,0,0,1,0
1i2ULEvuGfr7Z3ODkGH7sN,0,0,1,0
2PlopiPSAauhzWeylC393K,0,0,1,0
79Ln8KfdqJVFohBpPIrrW9,0,0,1,0
3yWTso8csVvlglxxik8EHQ,0,0,1,0
2vuZdHQ53GTmSB0pBE6FE2,0,0,1,0
4SPo8G6qrClxbY6tzpaERh,0,0,1,0
0zF1p5XMSQD01XhOIafLeG,0,0,1,0
6vCavbQRHepIoBmEliQnfM,0,0,1,0
4IX8ybaLmyFiaWl9wPOuON,0,0,1,0
3MRc68o7X6faF1JTi6diF0,0,0,1,0
2CGjT704jKDBXD0eY07zOw,0,0,1,0
54n8ZF7iORM46sEXAMV2uH,0,0,1,0
61B6YnjhnGLZvN3LNP3D27,0,0,1,0
0PY7SlDdAG0CMrPgv4yP1G,0,0,1,0
7fzZRwWLNFSAUzjdDS9Rq3,0,0,1,0
6IbYs1n3TJ70vsvPiVTXmh,0,0,1,0
0TIuHgznNZgxONLL7Wqwdw,0,0,1,0
3bpDJrfXTQO7EJc62IYdDC,0,0,1,0
6fmjV1L5j9EF28IHk1T83E,0,0,1,0
4L6VxgSYWq86yhzUcLlumg,0,0,1,0
7GxdpipQSDQt0N7VObzyF9,0,0,1,0
5SbslkZWtsmsiQZladBKde,0,0,1,0
5gppXDB0UN1HxVN4v5kCAI,0,0,1,0
09RRCxsvoJgFPR2YNh8vZI,0,0,1,0
4ebU8KkXt1hMyHlP1enViH,0,0,1,0
5nP4PNcUigNcHKsnxBkUb9,0,0,1,0
0EhaO4N2Mk052HuEso9Nv0,0,0,1,0
1mJ339SxJNT0ndnNkYvXi4,0,0,1,0
69zLJ3MEtg54IaTdUund8x,0,0,1,0
6lnazE35bUlT8mxwNqHYWg,0,0,1,0
5lx4B5gctEvt6HYgx5ncxD,0,0,1,0
3ihORL3EsTAv2lj5Koi9j8,0,0,1,0
3eZmnyfyDpoHujVpUwoyah,0,0,1,0
05lPYWN8K8PCwjheZWOwBf,0,0,1,0
7kmqQJtSFYZE47rgV5mYj6,0,0,1,0
6lR2elUwXuKi4DfGg08hKd,0,0,1,0
60GMy1s7oMxl9LuokJPRP2,0,0,1,0
3pr7qARA6q4ZOGiX0Q2HyG,0,0,1,0
4YuaqLo6xaE9FJMBRifqA7,0,0,1,0
5Q9XzSaVPU1X6AYxrz4ZvK,0,0,1,0
64gGJiRS6G0fZrqx2sNoH6,0,0,1,0
2oTqS4lGXIhGxXFDfzmBad,0,0,1,0
04eyOSEttXR2v26IXRV4jh,0,0,1,0
1oZqIuG76D2UkCbelULUCa,0,0,1,0
1BcIZSdOTsRD9h5v9xToiw,0,0,1,0
2aTCZc9lvqG4QXiOsTfFq8,0,0,1,0
0G32oMNOeXy1FgpVB8Qh4k,0,0,1,0
2i28pZMRVquw7YK9PIIITV,0,0,1,0
6nLxlAxqTX2RPasymLaaRi,0,0,1,0
1AeO56ZBl2GkxWMpU91hvP,0,0,1,0
1LFugd3N7rdje67b7SohjD,0,0,1,0
1r6t0smKJagQ83WuXaX65x,0,0,1,0
2CxSHaBE85fTOeCJtPInog,0,0,1,0
5zZdSVchvZmtpJ6V3eybxY,0,0,1,0
4MpQSlpniZu39tGI4mdeai,0,0,1,0
7Kn3CNQcKHtegzAdbKxVpT,0,0,1,0
3kUcM8LWD45HeiabwrhcOB,0,0,1,0
6TkIyRdVNg9fSNpsrf2RoT,0,0,1,0
7g1uZoQJLQWDxi8rbqejBx,0,0,1,0
3Kzl8Sq5RoBGsPjUC0r2h5,0,0,1,0
4ofUNXa2UmA7BqwQMfmwm1,0,0,1,0
50040b82vce5NKpOVm9eqm,0,0,1,0
2JDFBYHmLgQKGRtrxakawc,0,0,1,0
3SFaTIsLqzlHQnBUWkMLNl,0,0,1,0
4OcqNhbCMLtgjjKTIxmYbW,0,0,1,0
4fXH782IXmJR6frM09xAYd,0,0,1,0
1pMLDktaiSkPHylCCCr4M3,0,0,1,0
4HWIhKFHHtRr3B0ZV5iA19,0,0,1,0
7eEUfkmo3COwU6dTQTmUry,0,0,1,0
3ch5ihn2Ec3rwfgF78omKr,0,0,1,0
4Qa227VQHO1kTxQBLuR8A5,0,0,1,0
1YH7QfYa6NqPTuChoBMO6z,0,0,1,0
3TMb7QD4W1mN5UD41zLurG,0,0,1,0
0mMx1y2YQShMyN6KkoeaTJ,0,0,1,0
72CpxWybrQLCXpi77iemJ3,0,0,1,0
6RuMCfoiM4dgJPH6UMjRbC,0,0,1,0
1xTevo8E4bD4xmbylikQiH,0,0,1,0
2pUniHyoX3vGNrexrY9Wh9,0,0,1,0
5cqUfZ3grusqodnONcoN8A,0,0,1,0
3W3plrKmzRk7RKt2j0R84x,0,0,1,0
5xXABLihjLyxwIojfpyy98,0,0,1,0
5ocjSxVOyGmsIq4zzzwF7u,0,0,1,0
7G7Z4jKDlCsZiTjo2V0FVA,0,0,1,0
6YwvgoyiPOQmsFmFT7Dos9,0,0,1,0
2ModiKDTQQhILpi2rOuBGc,0,0,1,0
21PNvxiW6r1C3s1bjGExGv,0,0,1,0
3DklVkFOYizEyjb9TkeXEa,0,0,1,0
3CaRhLq0Rmpmcx88oXSHgd,0,0,1,0
7fOpbxGm2WdotdCHzgdSiq,0,0,1,0
22nSW6ImPCHfsuvP9qyEFL,0,0,1,0
3dtC4NVuz5m7oaiwWxItcf,0,0,1,0
7FYV4Nq4IW08XDssxctuyR,0,0,1,0
5NPupgYeO1ND8sz1MXSaOE,0,0,1,0
4skReMVcyYUqZkJSZDs4qV,0,0,1,0
43veYdyQyadrGlqOzKv3vK,0,0,1,0
0oE0vawkPwN9G9ugPZZNjx,0,0,1,0
2yyY0l3uy5zbeaLk3W2hxH,0,0,1,0
77KGdivkhKW90ZDdoTguYU,0,0,1,0
4rDI4cYOygwCewflZmBv0o,0,0,1,0
7qBpwVUrw5VGCalDxXerjo,0,0,1,0
78dBkam8Ph2igkZjMIsUrq,0,0,1,0
7qesPilK5fdt5Sl6iVgjQw,0,0,1,0
0aZUfaAqdeyZNDyKvy6ukQ,0,0,1,0
3eX8BE9YjEODlEFF3dHmVR,0,0,1,0
4kR2xlWBk49aGFwjnvAH4l,0,0,1,0
2b7oGjD0cUe2b6QRDDYgrw,0,0,1,0
7wAWbXsv3USksW1LE2rxqR,0,0,1,0
5vKertjgTL8f5o8hWMVh8m,0,0,1,0
4WT8XlyOutlMCpOWXTmCjz,0,0,1,0
4mJLZguqRp20NW1zybRxWs,0,0,1,0
1I03yTbLH7Z4axowwtCBdK,0,0,1,0
1mC518y2Tzxwo0gyMC8WX5,0,0,1,0
1VTQKfTc5o4T7buMrYIUK7,0,0,1,0
2rRjiUQngQXXtq6e1Fs4Ia,0,0,1,0
4pqtE4BjlhFP4jBZ2LN6fM,0,0,1,0
3ydVJUyjSFzzTso0c0Z22w,0,0,1,0
2OdoM8QkUqbymznSxTp7g4,0,0,1,0
4K75UOcq0w0OXJDkzX3WMn,0,0,1,0
5608oy9dHNLkP3688BFbKc,0,0,1,0
6mXv0xboOCOqxgLwchKbA9,0,0,1,0
0wtfvGS1ycYnpqsfWhi2s8,0,0,1,0
6a5VxuwZVugOibR3fOEgSi,0,0,1,0
4jaM9Sfj44FOxJwcQf5JkP,0,0,1,0
6U1NePHEfTAxA8aJhIB80T,0,0,1,0
1nDtTCA8v6uQKXUfTdb1zQ,0,0,1,0
7sGzaQYDUBb8zty69eFpWL,0,0,1,0
7I6Gb7O1ajkeCvsFBSjBtm,0,0,1,0
1gPd9aHmq0l4UgF7C76o0r,0,0,1,0
5IC0jinJlIc7TcdICpllFH,0,0,1,0
0iWmhUqODS9Dk86DAOUkse,0,0,1,0
01LHNK5HNJEW5iA8yZIj8z,0,0,1,0
6hAJJ7ESxtXVREk9cpO4nW,0,0,1,0
1jg0cdaluH7HaC4RheI2W1,0,0,1,0
3M8RpadHtcnHk2Q0rfjbPF,0,0,1,0
2LigFlCwtZXpisEUpbpazW,0,0,1,0
2OAYOkuvBfGtoNcRtIKOkS,0,0,1,0
6nfGgi35nNnfsEGm4SL0UU,0,0,1,0
50L9Iz0yqrQrchc6c3inxG,0,0,1,0
3C2IjiEVKxRYKoeFDjysWX,0,0,1,0
7oTfaCvqm4LCMfgKPHINw8,0,0,1,0
3ZX2BDMqkLlTwccFZpuctk,0,0,1,0
5EiYWngfFmBYXZe6JFg4S6,0,0,1,0
18PiJQErbOsNMOBXACRFn8,0,0,1,0
2xdaYhaWznXQP87NCrhLt1,0,0,1,0
0Q6gx6qhdE1c8oVNf0goDK,0,0,1,0
6MGqz9eyguBmsIs2odFV1h,0,0,1,0
2mlciAQKweSD3FPdKyomIE,0,0,1,0
1oA7VATGeRwGVy0lgFIuPV,0,0,1,0
4PXJ5qI6z9HUJZtgIgIp9c,0,0,1,0
6HSaAmwkcBvRsbmZEscw8b,0,0,1,0
387elK8ngXIR4WUQUfTMba,0,0,1,0
0pCO5AEY3RXx9y0dLGW1YB,0,0,1,0
0nnnojhTC2EHCHrcwwGayS,0,0,1,0
2JNcSc8IUWX2wCDdrkuWKV,0,0,1,0
5OtGRWdOnFNCQEqIl5uJaW,0,0,1,0
2eeGDl2IFnQw3iyPHdIoNX,0,0,1,0
5cvvTqJWkyEVhDC0btDZqM,0,0,1,0
4rAppDpAbxgJDg53MiYB9b,0,0,1,0
7MOOhp5yAFZtaDRolT9Pwr,0,0,1,0
2p4c6MyQRa9w4OdRunPduz,0,0,1,0
1YXmtqQot8My6RJN5FJoB0,0,0,1,0
63XQAKlZDwweHUzoLeEibo,0,0,1,0
3OSGa4ubJSRTvJdGTABbsJ,0,0,1,0
5XNPxbW8o0GtiRgnXQ44sT,0,0,1,0
6Sv97gjX8Jbq9fw2RVi5e2,0,0,1,0
25rKf5W1Sp9ktMobAKxGQm,0,0,1,0
1TpWDc49pQwtmYwUfH0H7q,0,0,1,0
2ugbyDBSdoRbsGUQf3dF97,0,0,1,0
6bmc3SL19T3emWL2NQDJEC,0,0,1,0
7vtguIaZQj19x0CiuGgkpO,0,0,1,0
4AqanC4Oxcr41pDAwgPNXm,0,0,1,0
6tBytLAetsFJ2JlqpDw8yZ,0,0,1,0
5dGKQEtuwRuzH1jHMzw2Gq,0,0,1,0
0O6crGWCEHoW6lEttcVGtU,0,0,1,0
3On9viZA7ztRxWni5vzF06,0,0,1,0
6s8HoeU6GVAeK3usqH94Wp,0,0,1,0
76KwKuSQ5EYnS5glaXstNH,0,0,1,0
0jrOkw0szKbK28kZcisFzM,0,0,1,0
5pvTqb49U8TWK8gdTaDJ8l,0,0,1,0
6Jsry35qesGLdTQr3op7XI,0,0,1,0
14tw0UPt49Jv00PdcPlMHs,0,0,1,0
6Vj767T5eL1gd2scKuDzAL,0,0,1,0
3NL3VZt9NAl7YHyXTSNRbL,0,0,1,0
1hqTsH63FvlEcvSrYW07qf,0,0,1,0
0WpiRCg59JLWmR3Qfanhxi,0,0,1,0
3CIDXOn6lnldQ3n9u6xC3v,0,0,1,0
6Ij1XEEfR6dMfTvz0AyiWh,0,0,1,0
1AJX86smYtU0DA02cCqAxv,0,0,1,0
5slq3naDVXp9PG5iVHILC7,0,0,1,0
5LWtSKffb1SoHfu0mZZDmf,0,0,1,0
7H66Hi4Z4KBfZFlYtGmoW7,0,0,1,0
3LYV4cTRAvZVDqT4R4mvQL,0,0,1,0
72PgLW3TqW3hYHbqad9RRL,0,0,1,0
5KLIQqDxBgosfC7qDPodW2,0,0,1,0
4zqtKLELsclFLXyUlcqm4P,0,0,1,0
2dI4BDcQ7UCySl847xTOi1,0,0,1,0
2ORgMlhSQeJtFzY977sLqg,0,0,1,0
2LyC6TGbeFVQieZ90QbIPT,0,0,1,0
24tnmwlFP77v1pKv6JdyRY,0,0,1,0
5amvCUK1Vu46EbThsjaZfW,0,0,1,0
4rUcS0J0VDBG4lkWKJVgx4,0,0,1,0
0vHVKtboJuMI4vnBrAxyuu,0,0,1,0
7ED6UuMXRcUGd4yKBrVg4s,0,0,1,0
2wxiHr4BP5C1EPHQxbe2t9,0,0,1,0
60ygzvO4wgnoHR8n5FHgfw,0,0,1,0
6TXIZOz5ay8TgHGPwvczMN,0,0,1,0
4EIg7iPo8PYxxUqugqxZoD,0,0,0,1
0jIGpAXsOuhoPPoO3jaHn1,0,0,0,1
64W6ZfdUYopecGe3FgZpxB,0,0,0,1
1V1WgoqVBQviQUy0fYOVjw,0,0,0,1
5vmaLp7WywYuu1eT67l1gs,0,0,0,1
0H2J02bC16X9rl19p71rnX,0,0,0,1
6CNCXtVJvNaWB26Cn8DfDr,0,0,0,1
2RBPgg8kCL0PLBsIzjjKSn,0,0,0,1
0V7aEJo0ma6lRK4WkyimG5,0,0,0,1
30cGkWtN8YRLISt8TP8sp6,0,0,0,1
4CBHHfdVGMYmHpvICak8as,0,0,0,1
6oDuiOFhaFtqcqTGpTJaqn,0,0,0,1
61RfpfbCyDEvmKVnF8kR44,0,0,0,1
2wuLXx356ZGPVZvrvOruCm,0,0,0,1
5ncMlsOQgLv8J1U65k80Y4,0,0,0,1
2VQV14LavaaJ5hQKKQ6sTx,0,0,0,1
5IC3enG9m5iEvrhJpKG4DH,0,0,0,1
6qybK9MCgf3G7bpHKvq60G,0,0,0,1
5SRWh8DnZrpV2FA3VH4hEJ,0,0,0,1
60RSYi3J5IHSzFm8IzLGgF,0,0,0,1
5EkvuRTfDTWOLUllMUcqnG,0,0,0,1
2RJAzCgRlhFOz9vN0U9cN6,0,0,0,1
7FCG2wIYG1XvGRUMACC2cD,0,0,0,1
0jo4jb9IUvdUXO1cQAuIGo,0,0,0,1
1xX02qngZhqBO5Y1IafLjh,0,0,0,1
3hAcb46VGk1EgghnutztGe,0,0,0,1
3uXEidQ5qUBvN5biu9k0JQ,0,0,0,1
2TM2Uz0AdMsQ6sTs2G9UKF,0,0,0,1
3UQLxlYcYczjBI7UBkY8X9,0,0,0,1
15too0qKnymmFk9TYQPmkY,0,0,0,1
03HSFgkGuMaJjL6wkxdRkP,0,0,0,1
7iRy3Cz2hJ57fGeZvviNGW,0,0,0,1
1F9nDHIPVUMllJohJv2J2w,0,0,0,1
0XPpNjdNRBgSzNZdYnvlyQ,0,0,0,1
4QwhZeM7DZdO4Ly0uxIyql,0,0,0,1
6MNM1Vin9t9w2huwVJyWJC,0,0,0,1
6DE3L3vekFFXxukF45KpB1,0,0,0,1
0bmLVnGY9GVtFBLjm0zpZL,0,0,0,1
2DW5qjUkLWk38BPZZnlFUD,0,0,0,1
683yZ2liClpBq5bLw3g0Qp,0,0,0,1
31R4RbS0CENA9mKooffGQD,0,0,0,1
3gDN389yawaHwpA4B7nSPa,0,0,0,1
4iPeD0NOsu4Hnk1q5NaCmj,0,0,0,1
5b38QOe4yG7ggz3vrOnF6Q,0,0,0,1
6d4Tkwf3VywsJuyAx5ADXw,0,0,0,1
4jeo2CmQ9VnXp9CMLjTFqN,0,0,0,1
1VNaye4eFtGxZsIXvMzHi3,0,0,0,1
3t9OYXg7k80fSmLvQ93XIX,0,0,0,1
50hQFaSXIFA4cfPI1aK4q2,0,0,0,1
1ONDTrUWLxQvMZ2qvczf4l,0,0,0,1
343eEDke9HDeJVWZAaHLfH,0,0,0,1
6mEMcgh7NFO6jMzgye5c7k,0,0,0,1
7KkJy8VlSIIb8duvIzywP5,0,0,0,1
2YZb2R8hZwY14fPj6gpVjJ,0,0,0,1
5mtN7BS4m5k35C4M7X09NV,0,0,0,1
21FYsNUk1p8UIfoDeWwGmU,0,0,0,1
2BnJw2WMQtOcreBBl0hBKg,0,0,0,1
3omHpz9fmngYFdHDRLGeRZ,0,0,0,1
6oB0gLvHtixFQ3hRVpAEIu,0,0,0,1
1kCDTqvIr80hSlGEaMbRqe,0,0,0,1
2amvQefLmjGoiMcurLLRlW,0,0,0,1
2IMBOsilF7L8ivFD5XR8Em,0,0,0,1
50TICcRrQcz2cnU9KPKRWQ,0,0,0,1
5fionU56ZACbrwKYFpsD22,0,0,0,1
0ZWp0Ubb4EbiF1s3hru41S,0,0,0,1
77lD1OTfOjcu50pRMdEvzI,0,0,0,1
3nLrGekeeO3bkOh0VNjwVZ,0,0,0,1
0N2Ki89fOpfdJt4ddZEgh4,0,0,0,1
2DJa1OAujbS7RtmCCaCVXE,0,0,0,1
0TrE3ks5n3US4Xs1HDVX2G,0,0,0,1
32RVEL94lelYvfcLOKl1Gh,0,0,0,1
1uvhthP8C59DPi6vGBEzYV,0,0,0,1
74KOWgfgbYwWFPDXmuLmbG,0,0,0,1
1Yadb4xzfbG2K9Z76z5x46,0,0,0,1
7f9ppLEEv4vNLolmSVNozA,0,0,0,1
52TsnxiyPCfaAF32Ipokeo,0,0,0,1
2Kb3ADjPqHao5geDlcFR4m,0,0,0,1
3Kwy2xECkdHYWHQIw0RPXY,0,0,0,1
3CResmuqYDk1srLXYc1Mwo,0,0,0,1
4P9vbAUGlNGjlARbIRHyWJ,0,0,0,1
2JyIauqRZ03vPjrnIvyxnm,0,0,0,1
2qbsJuzvvJSO24yt1I74ps,0,0,0,1
6WPIGzownjxrWIAO3PWbjn,0,0,0,1
2GkXmPjpHBDcEyv5ncOEQe,0,0,0,1
6jue75pIRyj1mfq0KSt6AD,0,0,0,1
7AaTpVuLfDwNSctrO1pXu4,0,0,0,1
6YkI7zYiuGtJoWyGGO2DJJ,0,0,0,1
5a23J7ezJP0Q92zQxj7HTq,0,0,0,1
2VLkdlZnc4bNqeCJvTuO4v,0,0,0,1
7g511Wi9EbqWiyJbPoklth,0,0,0,1
6Up13b2KQ2p48lDKDb27ru,0,0,0,1
7G9hRCfL6BajF5WD4nijpg,0,0,0,1
2mVI6UMINaziRN5i6l2yFv,0,0,0,1
3pMHjDvslmqDuyPcz3Vvul,0,0,0,1
11RKVbgIk4fAy4GywtKHeV,0,0,0,1
1h3hyj5jRyFumqh6PYw3i7,0,0,0,1
7JwdwhiW3N1eiMfdF6ipmD,0,0,0,1
5UYSM6XRmhwwUsRijKss5B,0,0,0,1
55JgqjleC2fcFdDfhi2gTn,0,0,0,1
3ykrThVyMmnIsKX903oiwD,0,0,0,1
2tEIpLMEMAYXfBSXrqs89p,0,0,0,1
0ZzbiKE4gRG5sv10FziJN0,0,0,0,1
13t2IZChmqHkpEIQ16bIGa,0,0,0,1
3GnpUYbV9yeuTprDwOODrd,0,0,0,1
2ctZnozcK2G7pRvFTdlDiy,0,0,0,1
54q2JPeo1ncciezkN6t5mR,0,0,0,1
7HtNP7dX4jwCYXHUCiUNIh,0,0,0,1
1st8xWbbw6vezzXnBlhSps,0,0,0,1
0BlP7gxMh2JeulkgYAUAUf,0,0,0,1
1svILVzm0tCer9amtKr0Ec,0,0,0,1
3FTjHtzhAV8V8ieBFb9JsN,0,0,0,1
1TmW20K2W8OvV9EiHgw47O,0,0,0,1
64BZLcpzrMrf0Ls8qFT2Qs,0,0,0,1
3q3shVpKdvANOFDglN7uon,0,0,0,1
5AsI6rvhKZJG8ZwodF1WmO,0,0,0,1
1jyWBrgqpZrkFSStuOxHb6,0,0,0,1
6MJbAF4noEh7PqA68sJ9QK,0,0,0,1
44vKa0iKrwNRYzgbscSiUQ,0,0,0,1
4NrWK9eBvwaP2pwk1NiGaj,0,0,0,1
0XAmS3mkYlgRWgVqwFTPI9,0,0,0,1
3v11Uqa4bBhRKINbjDVnK1,0,0,0,1
6wRAjrNPuZtHl8Kwl9ZqRD,0,0,0,1
1DM6ZJouLxAags6xXQ9Zy2,0,0,0,1
3CEix7HFxY5MRd2MwH0ApU,0,0,0,1
3eCIjPi6UnAAmZxlj2mbo7,0,0,0,1
3gL9BbxXxvC2YRBWLjABrv,0,0,0,1
4nfpbpDoExqb4JkvG8wiVI,0,0,0,1
7mS7uiTTTqyid0DsOp2xUX,0,0,0,1
1rND4iuTwAESGh0GiDhnG5,0,0,0,1
3JhuTj4GHU8a2EbzdOBePM,0,0,0,1
2f8puyY6RaMP8dxgTljkIe,0,0,0,1
17jD29T1kGCBDtRHDVdInA,0,0,0,1
3LEleiIm32pj5NYXKkmD0K,0,0,0,1
26wHU5ay0rW781iqkVVzXY,0,0,0,1
5xSdj3XWAvxLNwX9sD0gxT,0,0,0,1
3rP2fnzb3l12ZoTDAgwexU,0,0,0,1
49JwzWE4jaerWNReudLyZv,0,0,0,1
3X5yGDzloO11zXx6ELmvgU,0,0,0,1
40dMUT9OmYUYgEO5OuWZCy,0,0,0,1
3W9t6iiLlDiddeCg1l8P1P,0,0,0,1
3Im38modR0wC3wOoAII8mL,0,0,0,1
6x8Zen6GmkUKhARI0Cotwq,0,0,0,1
7cTtgRky2ZNrAJ7Lmnr89e,0,0,0,1
1RUo9k757sA8DcFqT5Yyme,0,0,0,1
2rl2xbqqJU3fTrH8D3BB99,0,0,0,1
6sDzeD1TJWl1fv6G2Zwlmj,0,0,0,1
41FPLF33OKjBNlGkpZx3lK,0,0,0,1
02ojlT0piwlLIXGNaGh3is,0,0,0,1
1VjlPT4ZViQkPUrPJfeWRB,0,0,0,1
7lJ5gzoqRJfW6YEL5VA0Cn,0,0,0,1
49VOCHPEgwKSvVlXq6ZIwn,0,0,0,1
54McWTPxWADvbXDQao4EWu,0,0,0,1
1napgE6tyfnVdlJaQgxPAi,0,0,0,1
6pzQGbCrDdAXtn0CSffWGs,0,0,0,1
6pEXEy72oBbxvByE8aHKUF,0,0,0,1
0nEDyhXu77JE0KuDiDrSyu,0,0,0,1
6xpemzIGan5uOg7KGR0wfp,0,0,0,1
0XLzrBnszWEVB8TLd6zRvT,0,0,0,1
6tKj87djyTVppD4h59XjEw,0,0,0,1
3TCjoFDiF34HqfG02hs3kB,0,0,0,1
1v2ZGStXrkBnQXuBvSxkTp,0,0,0,1
33sopZ2OFq4iNDLdYxigGz,0,0,0,1
04sKKMqbQwqvz370PmDWVc,0,0,0,1
1xddmaN7Ivc2SQ940oBskZ,0,0,0,1
44tupKuMqwam5T1wx2p1Ok,0,0,0,1
6V1kXaKJh0gCU91FgRA5DE,0,0,0,1
5uvPsx1VjsGgiqVbqbs7Wk,0,0,0,1
58wAMgRoyrOnG4CxnZ9JVt,0,0,0,1
68wDwfXRvvUTCG0KDG6LZn,0,0,0,1
67nvNSOMzlFpqfwT7rSOcQ,0,0,0,1
2ktvOZzqcK7Am5q3Ibu4po,0,0,0,1
1EoadFcM2ckBg5RgrVOaxH,0,0,0,1
24y9fBco0YT0ZAwHV2eh2h,0,0,0,1
5Fpyp7zIuI2KXOrg0q6hxq,0,0,0,1
4GHc8mQeCVWq8MlD1CEmv2,0,0,0,1
1FD7IrEvZ9XDBv2btNUFPh,0,0,0,1
0rMPuJOlzosCSfpVvo5hH3,0,0,0,1
4zeA84guOZHs6Og5mronwz,0,0,0,1
1w1vTqaR0d1u87Rn4fCK4u,0,0,0,1
5cSE0ZwUOfgAR8DQJ3vczJ,0,0,0,1
5CkamEPOMAcwMx7gi7oTv8,0,0,0,1
5dHos3xhs2VuzarTnZc6ir,0,0,0,1
6Cjvge6xACyVrRnMlGkIJz,0,0,0,1
5JdjtAWWk7deEcBJLEUIOl,0,0,0,1
1o1BSIMKTpwzY6ADSnu6do,0,0,0,1
5zSybrXiOMyLfmeznFOnSZ,0,0,0,1
1v8bBiV7ZDsdt4Tq0otjVX,0,0,0,1
3MEJxD3VoLX9YQgyrlY1PH,0,0,0,1
0ohY5rsPGUtLXVv9uGPS5b,0,0,0,1
2oLxvLvtwiHqH1awZvW8t0,0,0,0,1
5SxL7nBEVF55VV5Tv3kb4A,0,0,0,1
4gK55TzRICC9JpVR45ehRM,0,0,0,1
0hOCoQLoc98xTjtNdu2Gec,0,0,0,1
7E9pTH9wq3oB2AYEU3eTXw,0,0,0,1
6Cz4F99HhoPtW4V8tgKcvu,0,0,0,1
3cTBOLhsvQsqWp6C2Y642Y,0,0,0,1
6d9yI9eTzsprw0oQUdm74A,0,0,0,1
6oQjwmehwMUefQZGfasrps,0,0,0,1
2pgUEPX3Zo5BmDvp49MiNr,0,0,0,1
1Amm0QndfFp8RHBStwP2k5,0,0,0,1
3faTgRwp9LxGVlMclSAgjV,0,0,0,1
6TvMaizEYuIVRwBxWV5ZwR,0,0,0,1
5ZVz7kGvX64flws2avBplo,0,0,0,1
2tO1PzXRghzMNkFheWKNEE,0,0,0,1
38ttpr006JwJ4eBHOM4tKu,0,0,0,1
3CeCOIXVOwfoUHZhymt5wi,0,0,0,1
5oq9k5u9MvUgqs5eHIWIm7,0,0,0,1
2x0c94Zl7dqgSiE4hsMCgz,0,0,0,1
0PePngA6bYRaLYHOSevKHT,0,0,0,1
00G9JbHRx6G6QVn0DYFpgu,0,0,0,1
0iKSo4QvMToxvfssxjAkse,0,0,0,1
2Sl7YaNXPsYmHmt5xpp2Ne,0,0,0,1
6yfXxbPEm6uu7Al638RhSL,0,0,0,1
1zPobBYRRbK8ubClJw4is2,0,0,0,1
0MENzCGz4zbs80r365Ipgr,0,0,0,1
4AERUScIZ00uaQGRFAzExW,0,0,0,1
6nbqTfpQfjPSjR0sZAvIV8,0,0,0,1
1PZNjXFU2U8zgPeHByaDk6,0,0,0,1
7g6QcPk3Gi0Yn56K5MSOYQ,0,0,0,1
1jsze6GDhNPykWoeM15aEf,0,0,0,1
3DswHvHiblRsBKqaK0S3Sq,0,0,0,1
62VDaXyDKsvmZ5PyQ2shd4,0,0,0,1
372CnGTdhb9LPs6SkHAA8Z,0,0,0,1
46ecCazSzxaZm4BVj5Cejv,0,0,0,1
0iLkfNlM19saLN0i2xKrma,0,0,0,1
4ZcYkOxDQPMzBRRzauD2YI,0,0,0,1
0gQviLf1mhbYZ3TiF7MkrZ,0,0,0,1
6K9DuwwpEtU2KWZLWZE0Or,0,0,0,1
5eFvR7vvpGVDLVXTJpVTbi,0,0,0,1
12RdkGAQPaYA1ZGoxU7HTf,0,0,0,1
2KVTHFD6cH8IYQfLwH0Zxy,0,0,0,1
1Aav59urAyFxmqAJw1OYt8,0,0,0,1
1H7RtMsBolaiXGmadZDqPJ,0,0,0,1
4rFMeo2Q3RItStb2l1UvPs,0,0,0,1
1vJSWVdedJXHwkjB6DnOLu,0,0,0,1
5eiJqm2UABn4Ts9KyG0TWa,0,0,0,1
4a9Rt94QLLNzuPWJbsCRSh,0,0,0,1
0Hlqm8NUXzJFRWEfeMRL2k,0,0,0,1
0KjwYPSOmPGwR03q9BXdqr,0,0,0,1
67XibYaRe8rjUAsOBB06B7,0,0,0,1
4onEuQRcjD1d1ajhCP4IWt,0,0,0,1
1JbS5LOGI9rLxJLgIAIShM,0,0,0,1
0MbcJKQobc5JYje2lpQg7C,0,0,0,1
1ShWHEgisDGPl9G3g85ANu,0,0,0,1
7IkjCkwhgVYOOTIl6Zkf1b,0,0,0,1
6Yw1esNJCQ6LQD984zAJYg,0,0,0,1
1bKmLi3hH7h5aMjPonouge,0,0,0,1
70067f5mpmsXDXUHx5FM3m,0,0,0,1
4Z3Hpmdt1niYMK6w2jQfgR,0,0,0,1
1peACdIRQpEdbclLBhi5Bu,0,0,0,1
3sfXYAAKPqqWGk35l5gyn9,0,0,0,1
2Kuya4XnYtF4EotOtW4fiB,0,0,0,1
6JULVZGFvvuzjrfC0rC2FU,0,0,0,1
1ntzbwtwoEAvOPIosnrvfe,0,0,0,1
6hubG71kNCJ9mbSMP00bbn,0,0,0,1
2JJr90geh7f9dY4WNA7Qj8,0,0,0,1
5lOg7NFCyvHiNMa7PJXPJA,0,0,0,1
1w1Bs46nRXtHwVtqeg9o0s,0,0,0,1
0NUKR5qUbTpJxKkHXMNSrE,0,0,0,1
7ndyqLBqQGj37G0528hR55,0,0,0,1
1I5yDkgWPTEFh2kRGpsXnV,0,0,0,1
1ro3HoGJmKCMeuBhj8eAaK,0,0,0,1
5PLFfCe4VKh6T49yUhWQ62,0,0,0,1
2wKXTNIpu4UZykzCFguZ8L,0,0,0,1
0xNsdpzhqkWO7Kb0hUD9lL,0,0,0,1
1BtfwMz7jsO7ltyiGT7jhe,0,0,0,1
4uWVsQ8aM9GVENQalbvq75,0,0,0,1
1s0ZJIdgQPlMayjYZZVTGe,0,0,0,1
4u0uiZrczBz2Teto8XNL8l,0,0,0,1
3KrHmqraeW3Mma1PCbI5uU,0,0,0,1
4EzXMevYacfWa9uLQbZcA2,0,0,0,1
797qm60g08XbZm0ylZFCP4,0,0,0,1
5NjFTKQe08qkzfYIYg2hMf,0,0,0,1
1eOy9xTEJcvIJWOfI9f0FC,0,0,0,1
61pepqijpsmI7JvuI9Dj7q,0,0,0,1
75B90cZTRXolGNy3PZU9mv,0,0,0,1
7na5riDLVrPQZrvaAIdRcc,0,0,0,1
6vFyRbV2eHhJiHTKfZqfRG,0,0,0,1
6zluQDM5cBfexm7IQOV2mp,0,0,0,1
2f5ORSiZOM6RZwclCqC6Hl,0,0,0,1
10z0RsrMrAKbGTl0Djzd1c,0,0,0,1
7xHPuSGGsMoVFpnAulkJqT,0,0,0,1
5daEiFBu7X683P6KD3W3em,0,0,0,1
3jsDLsL6d5VXyhLY98moJb,0,0,0,1
2AH4hZOjgTek9iJiQpG7bD,0,0,0,1
1TxxNTAelfOmJAdDqolVxK,0,0,0,1
3XqDwNA3Mw0nn6bJhpIIj2,0,0,0,1
1Cevh2olxW3CeAgHf6pRHU,0,0,0,1
22yjlDogrsxQgwTvJDdUYL,0,0,0,1
1BLlpxt0LXVhES9Q9c7hQz,0,0,0,1
54fzR73QJSqSOf45yQQc0d,0,0,0,1
4rHs7uqWmdbL2XC8KSn1L4,0,0,0,1
5OBhzy9yZU6cHGIKDTfzHl,0,0,0,1
151GEMGpMFI3ukxvRAyixi,0,0,0,1
6j02P8vRd5RkjRC9TmOk1q,0,0,0,1
1A0SEmUMyR0OgqidxjLtpS,0,0,0,1
5VaNQ8k1Hw4gUYjtzjkPFo,0,0,0,1
4DWW1z1OFyPKGzbMzj5bur,0,0,0,1
2NPyuKraNOIOhpO05AQN6q,0,0,0,1
3idXyDyRIMqoksEsNovxhW,0,0,0,1
3CvhHtOQmr12FpcIWW7vXK,0,0,0,1
0bz58Vk3BP2fdTpWYHn0CQ,0,0,0,1
3kt7McrC1QCukoCD8obydS,0,0,0,1
3lBoK9pRTLDNhfXwA7yazG,0,0,0,1
0Du8d325zDdt3GPlZbixnS,0,0,0,1
0yD4eilzKMHCe5Fhh7qeeC,0,0,0,1
4gXtBACuxDhLFQ4ZFtajdW,0,0,0,1
0lnWfdM9IN6CfjL15inv36,0,0,0,1
576SMa3FMAR7V1EeBocVqK,0,0,0,1
06powZ8RRRD7YS2UwQOvkY,0,0,0,1
1SIQqSE0P63y5z97Y7BNFm,0,0,0,1
7aclzZDvsi3NUDEIcqB1ft,0,0,0,1
43EIQ1oPhhqtBiDD2x8JIp,0,0,0,1
6FATp6uuXTdgfYNLLvHPah,0,0,0,1
68jPjfBhiA9IbkPoqK0WKt,0,0,0,1
5xJJvUQaCph8BaD6f12nHW,0,0,0,1
0Lyltf80wTLykNZD3SLZE7,0,0,0,1
330SY2CVaa831egpQrFXLL,0,0,0,1
1r8ujfJ0hvXJifOQSlTLXR,0,0,0,1
16RybucxAqEx8lJMJJj8xT,0,0,0,1
7tyYNJGa6LoV9QAk3r0Xbo,0,0,0,1
5ITuuH579Upfxmb7snNsEI,0,0,0,1
48QBmzln850B9ZebBtyUr7,0,0,0,1
3rgvemwLyaddRgWncEZuC2,0,0,0,1
7F9Q3YIS9zWrEMSEh9YFho,0,0,0,1
3lF0SK1Ij20P1bia1IME8q,0,0,0,1
0dPEKVZkFO52ncVhZy0qyV,0,0,0,1
3U1LS6PgyPiMFShymgjTQb,0,0,0,1
01gKomcmHGYYIVQ4S60Db8,0,0,0,1
2FSO5KqvCfmvR8pKa6bMQh,0,0,0,1
0hpJieykbkU0UfPu7kN4Je,0,0,0,1
1waPLg9jZ7AB73IJsnUnMM,0,0,0,1
26JZN2evYQu6dMHq1QZKPd,0,0,0,1
4IpI0EXtcHl99UXaiocQSP,0,0,0,1
2jqyf4PaL65RSyC37R3LNf,0,0,0,1
1GBaWWnEha7kTNIMLHpiH0,0,0,0,1
3DtiBVOc1FGJMgN1ygCu10,0,0,0,1
4y2UcYHkZyeLaSnWQ8o5HE,0,0,0,1
3vRxNd0PBWJWaLWpkekiiV,0,0,0,1
0pkWO4KvCIipJuntgZbREl,0,0,0,1
4gwH16T9XQ4iBm7mTl5hBr,0,0,0,1
08erQEwcNRcSXLUma3mb6V,0,0,0,1
0KCGFSe9rtAliGlEwEWaza,0,0,0,1
5uSwucgc38zGLeHW55zVcz,0,0,0,1
0LhE5oplfKc5gaaYPFNWqr,0,0,0,1
3lUmizoyRJdvUS9K33fxur,0,0,0,1
7oq3AbzN555r3HMPO8APSc,0,0,0,1
2BKw69UX1oXOqfljFWtJjW,0,0,0,1
6zFG7ZNgTscJwH9eWcGX2x,0,0,0,1
6e6MQnyNSRrVVg2dLqdbW3,0,0,0,1
7dBmgGttrroKwvPOmdv1nj,0,0,0,1
4cXDKQaf5rsS2DhDpOkOss,0,0,0,1
6SfcWg8CIynpoZRF6mALeS,0,0,0,1
4koiKX3qu8B1ENF1mICkak,0,0,0,1
3ykrBzDD5jNTBghis7BOTW,0,0,0,1
36YSPCa1cjkkzrP855Ik20,0,0,0,1
3mwGifPTf919AKRAsr3l9C,0,0,0,1
1U89gkaq3Bidllnsm3KETE,0,0,0,1
5GNWCVCSWLBHU3ZqEVKnoa,0,0,0,1
48EYXd4n04LuvxE8FT65cI,0,0,0,1
2TWnCMPho5mgPu52rpeJLe,0,0,0,1
5vGQxSF8rV3RNzOWAZo0Av,0,0,0,1
3Cu8fURNcuvpKstYn1UTe1,0,0,0,1
1PhmJkqxO3bcLrZde0ugwq,0,0,0,1
2limavoN3Lo521Mt77P06N,0,0,0,1
2n8tAiRhfTVOXNyOnCSatx,0,0,0,1
3kdoh7gAz8SFXJDlHs8iKg,0,0,0,1
1MfhbtzIoja7HQ08YdOWgg,0,0,0,1
4pwgzLrGyN7XahuaZaxi3R,0,0,0,1
702haygwUYFEspcBcv7URg,0,0,0,1
2Lxj5TCyK3rSzsMxphEeiy,0,0,0,1
6b0rTbqP2CqZx1nMjBvBVE,0,0,0,1
0OYUJnmTRu7Qimz9bDng0D,0,0,0,1
3UEz2uIQIUPhuGhtrZBDiJ,0,0,0,1
0xYyNwAq1tNp4WAmguunLe,0,0,0,1
5RP5099t29D9vV3KAECGFo,0,0,0,1
5OoHBxnq8JLVEYTy2iNgWS,0,0,0,1
4No2BK4umh7kGO7r3LA3rX,0,0,0,1
6PRgsdNr6NIs2SCdqPoGCg,0,0,0,1
4b1LqDMq5y7YX5cyickMp7,0,0,0,1
6K1YXdTbgoQt3o39dYxx9P,0,0,0,1
4IhnA2ulOW9jyTDEkJSBEj,0,0,0,1
0buUL1nSZRKFkIRpmzEJLs,0,0,0,1
5l8twJzdnTSjd7aMqNsAQg,0,0,0,1
0sGGsnvKja5e8NJQDeV9DA,0,0,0,1
53sCpqLOuxNmqaGJIakXPQ,0,0,0,1
7lA75yWK2rQ5fagf3P0ZrX,0,0,0,1
0Jau9bDBsKljp9xMyGO2OS,0,0,0,1
47PV3dSDi7ARU0CjyNqPPj,0,0,0,1
3zjb5FaMtI3GF2kgyUPGeb,0,0,0,1
2KnQeZQMx7OgU5RwnY5PXk,0,0,0,1
3A3ZtfpRtuIr7HKPlSolsp,0,0,0,1
3jecyTvOZg3NUIIsOIiIDs,0,0,0,1
4nLQrLLhb9ZrVRxHem9bwF,0,0,0,1
67NCN5pE6VpYJMwZw3xeuF,0,0,0,1
1Q8f6g8uV7aISEyhYF98lg,0,0,0,1
3AjjHVYEiOANCBe4LHXMjm,0,0,0,1
2okR1poVW1gDDXr60hdzCh,0,0,0,1
4nyZKeN3ZPGwDAjIxqmGpJ,0,0,0,1
5sV8W8onhMPiB9wlI2XFo3,0,0,0,1
3Tde5wJC3Y5D66SskCpNnX,0,0,0,1
4QdDYoBHwTDPDQirIdB3ip,0,0,0,1
3VfYc2rN6Lrd5jxArixhs9,0,0,0,1
47pqGaEUi6S8ij85QTblk0,0,0,0,1
2RBl4p2cH4ufwahsNHKHGX,0,0,0,1
5rPT99w1VaZVwGhjqMlVmV,0,0,0,1
71raGgVWCkbbeboCwHyGDb,0,0,0,1
5quMb1z5HEFWZ2j5NbHARn,0,0,0,1
1QBHBbf2NL3gZvranipOFZ,0,0,0,1
6QAo3dxAouydySVzsTjRVK,0,0,0,1
60sYyNbC3sf4JVXaCuGs6h,0,0,0,1
2gtvlCpbnDyVBpt8idWw1s,0,0,0,1
5cOZls6YBwTsmLTtoy84TE,0,0,0,1
01ouzP8uJagWS2pndVGy0s,0,0,0,1
4qXQi1FQEMTqYUeKLxOily,0,0,0,1
1v0w7Zv4Nkg93meWJUzm67,0,0,0,1
1ILGLNIctkVXAKlrfDgI4d,0,0,0,1
4XJRNhq5rmVWzIeXRPfdpC,0,0,0,1
6K2vf523wmVdk3eUrwmBas,0,0,0,1
0kaO5dW56HvJjh6l41IH3F,0,0,0,1
6cD1LkOeLCuCDbDCQXqUvP,0,0,0,1
3LPXCXtk4lOTnHxQ3rekHA,0,0,0,1
4nem26iLmAMLICncKCGcxJ,0,0,0,1
73hiAqz8b4Cy6X8MFxIHSF,0,0,0,1
4iBgu7SJc00ANeBsqtZts4,0,0,0,1
3DDY4cmuAS1UW2FhC5yv7R,0,0,0,1
6qpYhCxkYwUT1kj1VMYqHw,0,0,0,1
4pAKYGDX9IGEOgoxpNmtgK,0,0,0,1
3i7lx5BcWz6VwzPLbgdJGO,0,0,0,1
2gNfkNrY9XIw7t2m2cYpA8,0,0,0,1
3zbWTohPmCfo15y22ALaTQ,0,0,0,1
24M5RdZfb0NemvHqVQb2IN,0,0,0,1
1NQOSG4NpeJGFgl44WLP3y,0,0,0,1
3YOSMhIYTYAE2PM2qjaouJ,0,0,0,1
2mysIsOeID7Ymb9a680VKI,0,0,0,1
3tPJPi09unKn7peGRby5A3,0,0,0,1
0qe9SYZsYpO9UdrwtBHGgY,0,0,0,1
0c2jXCprsLys2uFbHwMCZu,0,0,0,1
4Yog4fmOWvBVgBNCBi8yeJ,0,0,0,1
5VBoiqA9IP4ENh0mpQlLaZ,0,0,0,1
0PX92t6zyTWC2QsOPoDu6l,0,0,0,1
4apvplwWBoKFWHme45gpjK,0,0,0,1
6G36LfbI3DjNIM9Bb7KVBV,0,0,0,1
5c4YPGxx9LTbYu4UG0OGWR,0,0,0,1
7JdgmRWjYdFZnkm8ERZXuE,0,0,0,1
3twjwSVN9Yx6BqKATHq2po,0,0,0,1
7zEoRwiXCVFW3xA07RJGBS,0,0,0,1
0CgMwTUfJDajAnSItQ7AT2,0,0,0,1
4zYaZt2OutTlwj1KxvUV60,0,0,0,1
3pUYKkjGqHYcPCka7JTqPY,0,0,0,1
5SAuMTkw7Pk5crJPzzbEMB,0,0,0,1
2NPxHe8d2ovz33R5o8P7M0,0,0,0,1
1yW1Xk37cRLnIW5AKsuSjs,0,0,0,1
2pUCe4tzQ52xb0UWZ20mF0,0,0,0,1
5JLwCop39tWMQGpoiULcM4,0,0,0,1
4LnSGaK6G7zEonSxh2dilK,0,0,0,1
0XB1azPAuS7KpAbtal2Ftx,0,0,0,1
4S7YHiwZ61g1ZTJffm7m3U,0,0,0,1
41Gx77bctM18y9q5Mfka2W,0,0,0,1
5dCPmOtYupwZIIJojrZZzY,0,0,0,1
1tuYO9sPP2fQ4r5KrSswjx,0,0,0,1
4pZFrb3yCyQqH2FlQD7eyt,0,0,0,1
03NaCSvXBYFoIJgB52e5C4,0,0,0,1
6PIHkj5Cjaj3ciHL9akbvj,0,0,0,1
66JzFwveIEng2ZOA0iCMGD,0,0,0,1
2SzhvgnAYqy0iTygc468qE,0,0,0,1
2wz2g1kFJWv3kQRO5zhZbw,0,0,0,1
5bZeAS6JEpkqdOEq6YQr3W,0,0,0,1
2pYHs4miXJZX0EJWHm9pkj,0,0,0,1
1F0vaPtoO5qMi6gz8qQRcP,0,0,0,1
1vBkAihkk524sWRDug9zY3,0,0,0,1
0WNXzzrmEU0T6z9lIH7Iyf,0,0,0,1
6e7qWSj2AQOIsZO1UP6OB2,0,0,0,1
624lQ814HEhpKNopX0m6pQ,0,0,0,1
5gaMXpcvd5kUscDvnlggaQ,0,0,0,1
3YmpMSdQW2wqppQBPEkku4,0,0,0,1
5oZ1wEJ7giZiuoztVhOffi,0,0,0,1
1HAXsrWOmOVzo6YiZtP1S4,0,0,0,1
0B5O4e4IZD3Nusr6EAcjic,0,0,0,1
2WG2XT3POAuJJ6HCEbUrPH,0,0,0,1
6OK7OQyyvNPd2XQIHCB1wz,0,0,0,1
7FmXYS6FU0TgcTpQkxVClO,0,0,0,1
0fiOD1iXhfRJgX84L4h253,0,0,0,1
3VGS1C6HCYEoFRL6lO0XKV,0,0,0,1
7woEwaOrIkdZOP4LMrAEtg,0,0,0,1
28cGsKu4tqxW4R1XD4EzQJ,0,0,0,1
1xHao8Q0CcoAyW1rGBNIGF,0,0,0,1
0INoYbQS6vKlzMVqkL37nP,0,0,0,1
0BpA3TJPmyPaH2ZNtxyWis,0,0,0,1
6hgJNqr7xa9qGNZWHclft7,0,0,0,1
3LtzoY6Zz94sFA3d6OXOG5,0,0,0,1
75OvIxRyoZX4JEoeUukGxR,0,0,0,1
6gEKEhRKNHQdKeSUaVNxj0,0,0,0,1
7msTrs1LTJVMXiG2BHgCOb,0,0,0,1
5WFCcscb7dXzOqESurEsrs,0,0,0,1
2vLmUM75Jzm8Iz5YvxddvA,0,0,0,1
3mc3LNMB9SVydmB63EBybx,0,0,0,1
1EDE9Ab31rci1Ioa5XuCZq,0,0,0,1
7xJAI8TXQYDBwdVENvKmlp,0,0,0,1
0bl8NhdCv0jOypijciolgE,0,0,0,1
1zGsX8eEX3LHgb1zaqoGmR,0,0,0,1
7lvZBwkgj6LKK8Slvd0lXc,0,0,0,1
7tSrY4m9BdbUi4QuaByY4I,0,0,0,1
3EnjHY8OZZGPwRi0L6BVbC,0,0,0,1
5LMUuyHyCd1x8RBXWhsKZA,0,0,0,1
536U728aadWGV86KDvQs0m,0,0,0,1
0Tq8gjo80EeC5hy8HBGozc,0,0,0,1
3THbCOOsUboMu83Ubd3sSR,0,0,0,1
5wWYX1TT59KSarghL6nUho,0,0,0,1
06WwAE8l68nwCcP79XXMgn,0,0,0,1
2U1nXqJ986omGnpdS6HbcU,0,0,0,1
3862X25Bh4ix0WkKO61xRy,0,0,0,1
75BopQaowMNQpbzxTs7KPD,0,0,0,1
0QuJvQ4vXRdSWT2VlpH3nz,0,0,0,1
52QMimGGnZkjTQxJQaZBQn,0,0,0,1
61j4xnqExAaAJYB7jmL589,0,0,0,1
2obbSA9DRATbhIjYTV8vJw,0,0,0,1
043RQwdeLTq8fWQYsbDAOL,0,0,0,1
0rUvf3IbtpgE2CjvDDe7SD,0,0,0,1
4yx9PSyGIVq1Jw6oKN77js,0,0,0,1
006Fw80ErgoNNk4Q2ZndRM,0,0,0,1
13Z9Bzr4Qrez0g2lOoBZ9B,0,0,0,1
38I91hrh3R7hzNLdJFDs8N,0,0,0,1
1k7fXjLhykCbnFuHkYOd6j,0,0,0,1
4jGRYaVtDAB57YG85gznAj,0,0,0,1
09TEdU2fKKmPxxjUwj693J,0,0,0,1
1KVjGL8eh2Fhoo3huZipyT,0,0,0,1
1w0pypK20GoxJFIfZrTpEK,0,0,0,1
5yH5RHY6rfvjRAlc8Bh8jf,0,0,0,1
1RPtLEPHzCP6kdHt9xphW1,0,0,0,1
0bNaftfvm1ss2EcOOJbnOD,0,0,0,1
3f8wF0Uo0M4g3R9mMf7mmE,0,0,0,1
6k0QOr4SPZ3DjNs5Z8bmib,0,0,0,1
44Spwql0UQ9YewIh9tVi4g,0,0,0,1
4CWGmh2h4OCUQc8wBQ4iEW,0,0,0,1
6UipoC8k4WGOmFLu4zRsej,0,0,0,1
7DpnQWXFNXjzG04lqrcfb2,0,0,0,1
6RLhS056PArQCWMl8yQhON,0,0,0,1
7GkOaInv7PhecyDulawO7m,0,0,0,1
0wxVqURznwLIRdFkJJAYj5,0,0,0,1
7fVzhwmcCmpKyaEBvHHN99,0,0,0,1
7xtLx9W3KFIM8e3ME8zhf8,0,0,0,1
581H5Sh3PHmWfgqcOlw1Qa,0,0,0,1
28lRAaRioJjOzeNMSIzrpz,0,0,0,1
7KLzsWzCXSVg0iRrgRD11P,0,0,0,1
3dsS7OQFbafmvLd34YsQwS,0,0,0,1
75gEAWIfUqvWrbxBk7uMH5,0,0,0,1
4uyz9sYrBWJQC3zTvyM0S6,0,0,0,1
3F9yTY87haeNOoPZzNRHN9,0,0,0,1
5wiQo5oKzFQkAo9oLHYdfc,0,0,0,1
0JDSpQSV2PwuK3EOjWTBy6,0,0,0,1
1CqwBxGihcEAHs2y9Im3eu,0,0,0,1
2GXNlNNpML4DTIiE55qFhE,0,0,0,1
2HrVVkDPKEccjjDZz8ckZM,0,0,0,1
0cAD2PmdVgeT3NaUorPcNN,0,0,0,1
3aetXK7HY44B5szDUJv5ZD,0,0,0,1
5bMDmLbv8LX4m2wZC4zlOJ,0,0,0,1
60tKKSUCyuDSoQHkW5yHGM,0,0,0,1
2xWevHeeiwFkQcGA59W6H4,0,0,0,1
1ztqL8VSHlH1mDROPcngni,0,0,0,1
5Ll1ZGsU5JactkEOVtfqFR,0,0,0,1
1b7dfxWtEeMLBfm2NLGygp,0,0,0,1
3Dwmd5fqjPrIsB7BFz5BFP,0,0,0,1
4uatUqDR0kWUQzpTJ4Z9wA,0,0,0,1
0Lb6b39tj1YT8yNBJHNrcG,0,0,0,1
1pWSgRaARv3B3KLQubZvYs,0,0,0,1
5DKk1zKgCpDKPhxrdNhIA8,0,0,0,1
33L4MvPfWHkDohbs5oXQCQ,0,0,0,1
7pXIZdMtHvmM8JLMR0MuoN,0,0,0,1
0cw3IKC64NHpWuvI9vRUls,0,0,0,1
1E20IV5GG5EcBcq07JWZ24,0,0,0,1
0N5gRmYavvcsE05yrqdvjy,0,0,0,1
7tZJjZqlJEVGa1RkvQ5X1w,0,0,0,1
3lEA6QRjcleURF7h0I1TEu,0,0,0,1
3vaqtMy2vzK4898GznpZTY,0,0,0,1
69VGMw4WAJtCkA5ciKWG74,0,0,0,1
7nRxYs7JtDvb2OBWeuhDEJ,0,0,0,1
5e3gxJkLY8lhHYxhyvsT3U,0,0,0,1
2GwVTLKHQhTIl6KK7o8xYi,0,0,0,1
4Pvv8s9P9bRggeLz02Yarn,0,0,0,1
6A6tzgp1y8mDUhqNhMentP,0,0,0,1
6COwi6fAquGjFjh6XNNQ4Z,0,0,0,1
2QvFEwOJD3pjvnnEbBj2Ek,0,0,0,1
0Mc1Ps8dwb4IEWagJgxs3y,0,0,0,1
0Z4wYAPCL1xsUpWj9lC3kh,0,0,0,1
2alDalhotF1t7ldnToc0Ec,0,0,0,1
77uPSjY2Ej1XuRULldU1yh,0,0,0,1
2dRQJ1TuXz6t9TQHROTtsO,0,0,0,1
4hfq0230ZbxIATyNHFFCKX,0,0,0,1
2GfSor1HN1SaA1oCDIXKtV,0,0,0,1
1ZdsG17ozZSVdtiuAcDZh7,0,0,0,1
0EoQ7h5FO3IqafGxHYOHcY,0,0,0,1
0zSeyxcKJh2ThiZLeMqtvy,0,0,0,1
0gjnx24XntzkQW4tw5WUv4,0,0,0,1
4xQ2kZjuDxBTCSUm6oJ8eq,0,0,0,1
5amUj0gGOIbdxYY8aRSU0H,0,0,0,1
23Oh2sLRVjxoQ8eK3AotlC,0,0,0,1
3WS55DSi8gdVZbKXoynSIa,0,0,0,1
6NwwDhsFIq0kxI2AOxsUiw,0,0,0,1
26hr0iCUmyMEfFaKIwH7GK,0,0,0,1
1zoXrJ0kPuyITHzlqwrf9H,0,0,0,1
3FC30Hinm58drRxFtyPxaJ,0,0,0,1
7gG1eVj4xxmlCut8Pe97KZ,0,0,0,1
2EFnwuVqBx69WJzggpmDS1,0,0,0,1
7wiQr7AXUDu74YZ4yevdiR,0,0,0,1
6Y9nGZVaGB1B6dJBaRTidV,0,0,0,1
00HasuOpMDHsaOJhnqUDlP,0,0,0,1
5P0VJKarelRxnWc6iB7cm7,0,0,0,1
586808josoG1wZM84nMv39,0,0,0,1
6NusS8yySBMNQ1YrA7QVld,0,0,0,1
0ACv0X2UlUhOyFxoa9kRaW,0,0,0,1
2yP1Yh5P8rJwAcOnLmAeEN,0,0,0,1
4x4wv9uDM0kqiCPHaqq0G9,0,0,0,1
0ofKkmaHbLG5hSgZLI78RJ,0,0,0,1
78IoIAMNDZ8YqsPtgwpS6E,0,0,0,1
288K8l7XRahThQcZKjXGKP,0,0,0,1
7r2J0SfMm3NIekpg6g96Dx,0,0,0,1
7HmBY28ysxzprSFAAWYUtB,0,0,0,1
6DZkT0XhlGYm8atx30P4BP,0,0,0,1
4OLnzvnGWECuXYUlk4b2Z4,0,0,0,1
1OcDoQaHG1UfDEf5ykzBH0,0,0,0,1
4fmneRvIzXQcgEqh9OrkK3,0,0,0,1
09orc6ijxiAEAmXPTZIlR4,0,0,0,1
3QttqOA2zCfqVIQfcwZQLE,0,0,0,1
4xmuUKHwoZniqQAabJy8lb,0,0,0,1
1Yazv320VEEn44L7DpXtxZ,0,0,0,1
0sfYFm39WVEmvzBkEiP8p8,0,0,0,1
7rDoWOq4nE52xB2Elwe5Ek,0,0,0,1
1kSkUgVNU5SOtvfDS4Vwxv,0,0,0,1
4QZPjuBx0NvmQPRgLgAb0W,0,0,0,1
3M6fj5w4v0rLXyFwSTEAz0,0,0,0,1
4QMArn6XH41qtsul0SrvM2,0,0,0,1
7dDB8iKhduS4HAEk05dUXt,0,0,0,1
4pP374PxHFLs34CIr69xbi,0,0,0,1
3plRd43r22mtmYz2Qte6hF,0,0,0,1
0hSOFd7KUoins4a8b07fvy,0,0,0,1
1mWfRF7g52Bx4Nuznux8Vr,0,0,0,1
7C5PuesvoQrI9AbXzhPY5q,0,0,0,1
25BDAKiGczHYvfIqRBqV27,0,0,0,1
04IWuiN5obeuAUVJJgUSnc,0,0,0,1
4vyJsEKBxzVTZvXKEApxRZ,0,0,0,1
7Jt4eQN7oiHopem0Y9Sfjr,0,0,0,1
5ooGpe7SVkEb3HWzCLfGzt,0,0,0,1
7hlYd8GPiSepHsqHSVaMkg,0,0,0,1
52UBbcGSwpqGHDGXdlYcwe,0,0,0,1
4PY5gOdhbbBvSrROQV4FOE,0,0,0,1
2PpHwVwuFq8SQsxuvDTVf2,0,0,0,1
6Y4Ef6gxJ2KcCe58kk0nEk,0,0,0,1
7s9Vn0r7etXsUtLbtgqT3p,0,0,0,1
1QXyy6ymabptpuT5v9SoWf,0,0,0,1
0feezuqPiJU4ywYlzrqIoO,0,0,0,1
5Dy6D5C8Q30PRM5j2ZSYc2,0,0,0,1
7xzvpSIDj3nVgeVKBIMYvw,0,0,0,1
5I0jFDM4Ds8a5ypyq1vK1o,0,0,0,1
2ikrn9KCmvywrHhVe7DX4n,0,0,0,1
0X8WKWU9TfXJdntZ7G97XB,0,0,0,1
2avD8RzkBNBBE0DfSX4c4d,0,0,0,1
3VrVMpyaCgffuTGazFibb0,0,0,0,1
2EBC5V8U58hU4kaekshg4j,0,0,0,1
6tJ9WYuFf55mjBFIf3cC9e,0,0,0,1
3cAKXrQ5ZnSvIaZgogddh1,0,0,0,1
3mUl9uBbG3IHr90NYdKovi,0,0,0,1
54g6q4GdmZAm6c2sGRkGD6,0,0,0,1
6GPRuZvvHBBMCa5zL83pAR,0,0,0,1
1bsqFPTbJi2PopPSKvWTgR,0,0,0,1
7tOodg3meP0U2Tl25yOJGj,0,0,0,1
0H1hyWSDSGGMmWTPQLK4eI,0,0,0,1
5zonetzGludGzwBijxkBJh,0,0,0,1
0vGeYWBd6ObHeBEQdRfeiz,0,0,0,1
6L8MSvTFDajjlIlgsDLg9J,0,0,0,1
3MFAW05kCLjMDJ6h9dhPZP,0,0,0,1
5BTQneEutJsgtR8aYxtrnA,0,0,0,1
6GKrthu2t0cYz0nojAL2LV,0,0,0,1
28uL3aeph85GbQesK44yPL,0,0,0,1
0dRJCkEWfNQQypvY8OEDOr,0,0,0,1
5lQc6Apaji8tsVd9cqAnam,0,0,0,1
6gB7Yakk1UNOXNQWuuRGPF,0,0,0,1
53tbRtBaflHFDjKbMsKLqa,0,0,0,1
2z4TKCcjas1rXrKfqH5lxN,0,0,0,1
3qbFNrAVnauXg4E6mTnZgL,0,0,0,1
1fSb5P8t5wEPFUMUfzZnck,0,0,0,1
0TlrT1nIvL9bo96fiSFDBX,0,0,0,1
7kAduE7x9aOXQhqD5d6LNm,0,0,0,1
2v30qD7yaBCAHy92RVxcrh,0,0,0,1
1BA06flw71O1WaynTuRGVM,0,0,0,1
1ElMNe6vx9nyhJtEJaMmJ0,0,0,0,1
2OFzTqgJpQ2uMvt33GGQBl,0,0,0,1
7A9HHue476m7J1LwH1loZF,0,0,0,1
50dwPTMDp9a0FhtST2bl2j,0,0,0,1
7cDitgeDu16XqWAsV2DUFB,0,0,0,1
2dWLjvjipnZ0sQbyaAUBvR,0,0,0,1
6nGcPjLoAB0b0BuHutmo17,0,0,0,1
1ukVNrKjpzzpqeb54jDyfW,0,0,0,1
4YFQ65hoiWeawFOd0kn8vm,0,0,0,1
3tnFEQLrUiB0UlRFmucdcd,0,0,0,1
34Mm1jCG76SLeYXKllThQZ,0,0,0,1
2tgz4j6cklJcBsokQ6WCBq,0,0,0,1
42OHYIT0NIsB3u3PnO4mHH,0,0,0,1
0ftS7xC955F1Wk1OwbsmBK,0,0,0,1
2cRYyRXn6Dh3CyozYZWwpD,0,0,0,1
28ekxkI6LJhCQCwCygJkDY,0,0,0,1
65mUKgk62pjgfz4AXqq0Ox,0,0,0,1
6o1hd4EFGbuRHqBqMUkCHr,0,0,0,1
4Kyxmui7saEeiSSmsvT3Ju,0,0,0,1
40LMs5XtbbVFKTDiKDtMdv,0,0,0,1
4kwFB90FyanSgyckgRUL08,0,0,0,1
2dvc1D3SgjmtQmkNYybLnE,0,0,0,1
4VRhDEEoPPEa9fysH8gfBj,0,0,0,1
3ZlzTyUVxAFxUhKC5QEm6x,0,0,0,1
5vqRKAS3QJhYF57Ipp58wp,0,0,0,1
07nWKdL9CUwzAQjk5pQNpA,0,0,0,1
7uPoO2taaY4j3nyGDkqrTM,0,0,0,1
6LKwvkHFON9D9NMpcyAKe6,0,0,0,1
0VGrnTLa5WIewHoaFaMNDr,0,0,0,1
3fnwwmIK1eKOyHMNXZod2c,0,0,0,1
6dy9RNRcbXVeJcqoxfWbg3,0,0,0,1
3Z6626Z2dW2f7gSg90ReHD,0,0,0,1
5G6lahez8pFqFdCsQeirR1,0,0,0,1
3JUR5BED2qPxvyWx6l7cwi,0,0,0,1
6CqrjDSuz3cbQBXpfWX2iZ,0,0,0,1
664O3gDscnjeDUPrTElc3z,0,0,0,1
6Dut4f8bLs70ihPVRKRp97,0,0,0,1
4lWVu8wbuXD36kbsZGd1Zp,0,0,0,1
2HznTGhBF9jcHiyb0ghLsy,0,0,0,1
6IOHrrVdioG2rUAykOykuc,0,0,0,1
0nRkRiNOiUASEqqupH4lL9,0,0,0,1
3Ho2FJutH67enqPLYc1K51,0,0,0,1
6UtFxQThtNHPmkv06Q5Xvk,0,0,0,1
1G0Vz8zgLRPGUxO1uB8wnZ,0,0,0,1
16KY6mCfmJUbhzg63GnWFH,0,0,0,1
0BY0CkzL1Rnhvui0tQmpJt,0,0,0,1
7f86X8eO8WazvWs3rA7um9,0,0,0,1
1UyY93usILyk6ZgHUvXs59,0,0,0,1
6UaBdBUTnjRRRbntHHI84J,0,0,0,1
2tQsdDDki0Kc4V6IyTWUnw,0,0,0,1
72S2vgOmfhJSEz8Fpgtogu,0,0,0,1
5a3jFNXS2AXzN4H6RhB5tr,0,0,0,1
5EDd0kiI3UNu3c2wc9jXPQ,0,0,0,1
2PLyn4oTYL8Q6vB59mZIKI,0,0,0,1
4QTTHsOoyyynKxMnvgajaL,0,0,0,1
7xdtWrKksjAGaAhPl0TyU4,0,0,0,1
07ImPoPqKNwqucuPEZooBj,0,0,0,1
1AmLcxd6xBytdX6GGQOcqR,0,0,0,1
2nfxTnusLJzEh9l9g67ovc,0,0,0,1
0Qk6GaU2dBF5TFxSmQoex6,0,0,0,1
4j1kCLxPTg0Eoe9ORTCPVJ,0,0,0,1
7CSwXJySpabh38hjAeqZgI,0,0,0,1
1lPs427bW6bUghDUMT8ucm,0,0,0,1
27NcyoHRkIb1R9yjSqU507,0,0,0,1
5vyKkp7LEu9kiJLfkv8BtN,0,0,0,1
3F9JcvVxuCZWQ6wvF0HG7P,0,0,0,1
4Zd6VYnvLWeshvWukzAy3W,0,0,0,1
7j3PxnBN3eerC2g2qZy9w0,0,0,0,1
4ewW63LrxZ6GOuLNsBICrv,0,0,0,1
3NovkZZC936PA9jSk4lEeB,0,0,0,1
3Ur4EAG7kvd1dgbedjZt3k,0,0,0,1
6ctHgxzYLELyH5Zzog00ck,0,0,0,1
2whMN2n9bjPocajJbpz721,0,0,0,1
41WI97T0pw5R8l1BTCZDRZ,0,0,0,1
6xCf5NFpvYimDYFiaUKCC8,0,0,0,1
6UOl745lWAneeE6BhdemYm,0,0,0,1
5aqTu4rUdR7VXH4qAIWy4E,0,0,0,1
5iSf5396OkQJK3QvWzodUd,0,0,0,1
6vsOz0pDjRJ5hAp2QmhFd7,0,0,0,1
1tamQQEUVaF9cqgouWWB7t,0,0,0,1
0YlecbYT8lvQCh8GXzTp90,0,0,0,1
7fT2W0mIDsoEucPZItrpGe,0,0,0,1
0rGzq8bEBpYsLlLASM823y,0,0,0,1
78TJ7E2XAd1iRFjoqxcvra,0,0,0,1
2UimzG7RoWyL0GavqSzhh0,0,0,0,1
2vGzEyDpvl17bmckfNNF5m,0,0,0,1
1x4Rq4qy6TkJJq5XdL9Wgb,0,0,0,1
2A63PJwt0O9ITfFjzJbUbc,0,0,0,1
0Vzt6j8bNOjU7ZJ2R2uKt2,0,0,0,1
02UQriBM9oIDmZ3WoD25SJ,0,0,0,1
6MBHwtNQUXcHfxjeRepUiR,0,0,0,1
4UkdYxAlmV9dkwOobBOMUV,0,0,0,1
2AE1wlmd5Y0Dn2YrZDom8y,0,0,0,1
3NduOtmD4HdqKV17n9POr7,0,0,0,1
0wEsTphQGO8a4t323nwfdB,0,0,0,1
4PWHw52GEa9VB2fqcV1GqO,0,0,0,1
0Q1SpWbcx5iGds9akBl1Hv,0,0,0,1
6zDiQzRXnbiTE2kbtEcWu0,0,0,0,1
6DK6aMPFNxW9SfAGjDIatY,0,0,0,1
2BC0uELlz8aFiH8wSsqm0p,0,0,0,1
57qULBDHlarL4D7wfINH6R,0,0,0,1
3zOTF279scyCK3Z1wHEVeL,0,0,0,1
1XTu4YZ9H3z74VFybjMdry,0,0,0,1
7lXtTR5YIAvXnkVt91UPUN,0,0,0,1
15fv3R746wmdwQBpG8AYeF,0,0,0,1
2IzkNumeK1P6wlIM0vAlEs,0,0,0,1
0Q6asheLdIXEB1Qiue2yZA,0,0,0,1
42sPBDV0oxrfng1VALIfdb,0,0,0,1
7ei0ySZ1R4rwtc49s0kZpN,0,0,0,1
4QlPk6sAuaMQd89d2S7TTG,0,0,0,1
1Kx3C9wkyTOs0X1KxFYIaR,0,0,0,1
4B2DJnZ20FVumdfVcKTpVI,0,0,0,1
1z2IqQwtstCmlvJ6d1eIyu,0,0,0,1
4FIxVrVMeLh5YdTjEdiA9V,0,0,0,1
7FKWN9v4TGrfF6XXlMCCde,0,0,0,1
0rfqYQB0pQo9tshjyRoJ2k,0,0,0,1
60MEmpgwOEf00ENAmPo2pz,0,0,0,1
33TMidOhn1lN4ciGTyAIbz,0,0,0,1
6cqUviiU5xpqGjJd6efxm1,0,0,0,1
2F1sDu1MCUQjbaMQCCd2jw,0,0,0,1
1OT5P8JMq3WmyO96dfeKeO,0,0,0,1
6P7q90ByoZsTMSwBhHu36P,0,0,0,1
34iGTrWnGsbYhp10hSdAiU,0,0,0,1
40mBY9i3W96hbzStzXi0hO,0,0,0,1
3moGHZtD3upkS6wmqOn38S,0,0,0,1
39iOoeJ0g2pG8GABj62jv2,0,0,0,1
1u7QauBwkUCafRSAApgSxu,0,0,0,1
2ULuxkpMgwvG8gVCyX8Ud1,0,0,0,1
0LMhyaOF59sLsJAEDJm1a5,0,0,0,1
2vdCwhdEXKh2vpvCbzrsSW,0,0,0,1
1mJEHZXco7QJ6IpOfyIBnE,0,0,0,1
2CqUHMCMCZfNv6I8ce0em6,0,0,0,1
1HaxZbrg1m0TGrBvavxUTE,0,0,0,1
6XOhDSWhXxAyV64NmBswgC,0,0,0,1
1mHm12W5zx16s8EIFyUrdM,0,0,0,1
3wEvUj1F9IdnBBH0a6cSbO,0,0,0,1
0IwG00X33PLSWPaws1DuiT,0,0,0,1
16Y19VNOxx6kosVKfNNRBW,0,0,0,1
3WpVFbbRj8XWpKta4UUPNz,0,0,0,1
0qH2LsUXMCUMYAiO3Vkupk,0,0,0,1
54N8mvQT10vE873ocicPCX,0,0,0,1
5ZkURWjMIadH1RqtdfCRK6,0,0,0,1
70yz1JSS6BbKBDBE0paTUJ,0,0,0,1
4TKGQkD9Vz5eqzpwBgjZ0u,0,0,0,1
4rnJC21xxK4Fi9tvBMTjYD,0,0,0,1
6Ikz9Z78N3XbWBSe7tjs2i,0,0,0,1
5oD8G26zC90vYyFMuWGoHh,0,0,0,1
5rPQrEna0tAFl4JNSLz4H8,0,0,0,1
6s2jTgY6eUh753afA4i7ST,0,0,0,1
2gM7SQ2etWyjr4DFLaoxPY,0,0,0,1
1MBCgs008nJplZjyrcdIab,0,0,0,1
3mhX3UoA6JmShmw1qJtp0P,0,0,0,1
3dvp1f1bbe8O7HmSjfqTsy,0,0,0,1
3vKupLtqsJkXnEr3agmENP,0,0,0,1
6qfr3MfWMGqjv5gWytUhDQ,0,0,0,1
28dkjDxyActwKZJqY9vpQB,0,0,0,1
2Y5KoFwYBoJW0b6FGtmSG7,0,0,0,1
4XrJaUPWAyWROOh9VDOSV5,0,0,0,1
4Y3wfes2jxXw8BAyHm7SAS,0,0,0,1
27S5gca2JtOWI3rLcAsx98,0,0,0,1
1PCoxGVML5Tw3crENqYBv9,0,0,0,1
3RpVPPIUL4TXy84KeHIHd2,0,0,0,1
43f0NtfRWiHrYSgkMojvSE,0,0,0,1
56zb1h0VpXmqImGc25p7Zq,0,0,0,1
5Aqq7fEqhrdEW8M6qu2C3r,0,0,0,1
6ZZcwrCVoKuox7reNxvuLK,0,0,0,1
6uymiV8dJU9PScOlUaRohp,0,0,0,1
2HWM5R7lKEfWyz0XxeAPOf,0,0,0,1
3QSWlqgyZZ5qMWuoB6wMJ9,0,0,0,1
5WjdnfKanCGcxmdHx0OE8J,0,0,0,1
0nPQdUIX8vGPP9B2C5AlXT,0,0,0,1
5rR6H08lsHLWOXrMVbh8tl,0,0,0,1
2gA6PJXEgkhas39jJu2lKY,0,0,0,1
0kgzKp74PQoGfzQS6h65yg,0,0,0,1
2isnyc6WIs4lgwgPOZpabv,0,0,0,1
3J8yzIWjH4lXfjivYEmPpm,0,0,0,1
5ptFIakczPnVbavCKjJU01,0,0,0,1
7JbeYWiY3yp2vHvTkoJrP1,0,0,0,1
3rTqv3caxC7NM5Y2Iak8AM,0,0,0,1
6AqYigQMnw35rUv99h124S,0,0,0,1
22EdaWVna7HTU4fykbJofZ,0,0,0,1
2zbltsuMBnuKdxVOoswask,0,0,0,1
2CIEl7wwiK9W2nTVASeH4n,0,0,0,1
3Wpqt2qSi2Pc6yW6izEgsp,0,0,0,1
4qPf0SBcxDUwX2erMBoOoq,0,0,0,1
16z62Q5uyucvc8CkwqX9nP,0,0,0,1
5JlpUZ9IA1yk6STaJ61jj5,0,0,0,1
5sPeXji6lQOJDBpzXfMuBq,0,0,0,1
2FChJq6Regso69jtdLYe5b,0,0,0,1
0G0S0ivZ9LWuTlznwazqEV,0,0,0,1
5QrBxa7TPTyr1b2a8HPGfZ,0,0,0,1
0TCiocLUJEGqXfsRZq3O4C,0,0,0,1
47NJZ473d48ocwt69SvXs0,0,0,0,1
7ITHyEqNd9e0xWSUgFBDSI,0,0,0,1
6s8FsSGRYTLpeubjwsZugc,0,0,0,1
7nDgGZbmdYQVIskaZnIXaB,0,0,0,1
1BqPtAGmm28PxxFIjUQPKh,0,0,0,1
22zhZ65x6uGwW7UzEZ3a0y,0,0,0,1
0pmVJFysNhoYJ5fi8wccFl,0,0,0,1
3bzKPyiWG76mehCKEx6K3s,0,0,0,1
5CwLni9QDW1otAu8gytLMq,0,0,0,1
6xbSSYb8sL3J9mHvvpq3su,0,0,0,1
2YAu6OtsBN3wipUQKX5rmo,0,0,0,1
0LE1JMAbt1LHqn7A61n8qW,0,0,0,1
5mkIiqTICicu1v5H1UQvwV,0,0,0,1
3DDIqY49FP0IpkzbQ4YVpc,0,0,0,1
0EWh0qAcAFGO39Gr0xXSPD,0,0,0,1
1AXV9pe20iRU68GAOx7fDL,0,0,0,1
7fW7ReIHvhdyx6532NQuig,0,0,0,1
58yEy01JpTZLg2htySpLQh,0,0,0,1
1SiBj2JPUnKz70FdAhS9Bv,0,0,0,1
5d7ySP9KFeAf19W7IAMySg,0,0,0,1
5XNYcv9ImEG5mT9nGGZVAU,0,0,0,1
0RNaCAZUBuhoTalCxu5WL7,0,0,0,1
0pLIGv6eTxUcA5MahcCxue,0,0,0,1
3xBvx0imMcfQjZkiNDJmLL,0,0,0,1
1kOSC411EB429tPTbvSge3,0,0,0,1
37ucOmpLYpMmcA2pbCYNQu,0,0,0,1
5mXOwDsc6SPrORDOkDYEJU,0,0,0,1
2XeSXJZL85L6422O1ikmeJ,0,0,0,1
43kMmPzLMe3aszupAUnoe2,0,0,0,1
6DyYd4ILJtSsI96a3aY7aO,0,0,0,1
2oQClkEEazT6IDwgskKa5g,0,0,0,1
5iQuI4ARtSEgJAcRlDRDD3,0,0,0,1
3G1c3eBalhPWScGJ8y4LT3,0,0,0,1
78sgW5XyufsRbVUZMrYobn,0,0,0,1
4sKM9xmLp99t6DHGx6v8eV,0,0,0,1
0hn5LqhUXZHpGjn9jfahEv,0,0,0,1
4vbuyMgCpcn089Aj5US0I9,0,0,0,1
4JEGiusqg6p0lceTkAqgEh,0,0,0,1
2FXnfgUmPm5PdQ5MkjIZ7Z,0,0,0,1
17e8gSJIKoCLgf86GNfj9A,0,0,0,1
1G7Q3Qd0vlhvNbTw7oexzN,0,0,0,1
714ggv139JArcPeDvwICwp,0,0,0,1
6eBKJmLBVnmvofvMtZUXpv,0,0,0,1
0sVCo3fM1PBy6b2YJWdfuf,0,0,0,1
0O7ryslSDYGicvX2qB1AIo,0,0,0,1
1peA4SDV9Z9MOxNvSCWhNR,0,0,0,1
0ru6HVlgSFc4nBfRkComnd,0,0,0,1
7clYzUF8em3HPrVbshNTxu,0,0,0,1
5pJYaR1230G92h1nYEOu3J,0,0,0,1
4siUFil8gpPEWDd4aHcsEq,0,0,0,1
3plmVD8vv9dnKqvpYu67cx,0,0,0,1
76UhKhXzdmhe9B24BXFPWk,0,0,0,1
4U2ICl0ufOq0MLpzw1B6nl,0,0,0,1
3sbc5hzkXkgXyl7OU2qYBk,0,0,0,1
5ltZUU3RHGT0PuC3gBdTw4,0,0,0,1
5MasKeznccpG4jQIgTumzy,0,0,0,1
1fmiiQjQOokbnAC2e0CGpc,0,0,0,1
0IK1l0VMJV1H0tbpW5KYDD,0,0,0,1
3bRL7GxR0gVQCGwFhOXKdF,0,0,0,1
2OA5rCMvPD4nbu6sdqwTWf,0,0,0,1
6AYnbeZ7jVC0bVu3sst9y9,0,0,0,1
3szr68lB7oHGw6uxZ294vd,0,0,0,1
0XdGivXUctYXvWlbAlo6JJ,0,0,0,1
3peUU9RfZmnpP1szY1eyUO,0,0,0,1
6CpdfVbRS4Tlapc8ovtdxB,0,0,0,1
68ihU6mEhVFpT1Af7zkprc,0,0,0,1
5FHNP6Cm6M1JuksviFMWS0,0,0,0,1
1hOm7MHEYhQdWEz4Evhp9r,0,0,0,1
0iXsMmWrvMnfJongPs8B1I,0,0,0,1
5qBEszumuurgx5WkRLwCOS,0,0,0,1
4poGlk7GORVIXl3Pw3w2un,0,0,0,1
33RHxLC8srdRBv2B4DeiEm,0,0,0,1
337zON0ylItb7GNHN6QATt,0,0,0,1
1oMw42mCNbiMuEsny8Mkkw,0,0,0,1
77L8GSBEiEPAPrK9vN2NAb,0,0,0,1
6wm8EFiFisGJAHI8R4TSMk,0,0,0,1
5kD5m6ABZzq14HcKYzWceh,0,0,0,1
2rfHCPzXCEYL5B7Z2j4yiE,0,0,0,1
0DcGfYCWPhGYgvgoeiwJRD,0,0,0,1
1tndktY8ZFXapGYIeHUGR2,0,0,0,1
5Q2GNjGVkwYgkoz8VmOQUT,0,0,0,1
13nj6I5sBzpjU70BWiUblH,0,0,0,1
06VEPrbfEctyP1Se2fW3aN,0,0,0,1
6rk1uz1MSS85LBHCQpzeLW,0,0,0,1
25BmrVnoGek0ZIJz4dJT13,0,0,0,1
5X71hAK1EKUJ3gtN6sprIe,0,0,0,1
6AtjpAMiccwHgZkH2HV1WO,0,0,0,1
5uHxjMaNx4woK6u5JjZoYl,0,0,0,1
6I8FEXtJxUKucqLrFrVgKo,0,0,0,1
3fUVK1tmT7jLOdpht6zDjY,0,0,0,1
5mNotnwIS7KEceUUKSs6au,0,0,0,1
2t6tKBi6pRY0S4Gk5dIPeJ,0,0,0,1
5gQgqEnMixMCX8RdcZDLPK,0,0,0,1
0ewXBc3LcidxVILiS43AWv,0,0,0,1
18sb8IAD8R7QRUyWfyGJP3,0,0,0,1
1USVppldbm099byZkmF2UI,0,0,0,1
5yvtWBPubPozpxPFlT90K9,0,0,0,1
7cjnyOxLkTjmCN010QCSgE,0,0,0,1
7GiVpctaguQibGEYTShcX8,0,0,0,1
1kihZhLNE2kj0tsIo4VfUr,0,0,0,1
2LwF4sBuyh4t1XyRJPR7WR,0,0,0,1
2WGQOJ6qsTCLhkV010XBqF,0,0,0,1
0BbTjvHmtmYU3LoiuvMIYU,0,0,0,1
7jPduSrQ9r7ei9LybC5vwD,0,0,0,1
2cNy5IzBfQZ3oVUTOuTfN1,0,0,0,1
60Lt5nS9YZ4lWVGnoouGMZ,0,0,0,1
7dfmk5AwnW9pyoH4hnY3fg,0,0,0,1
6Qn2s4ij2tbOoittmKmLwT,0,0,0,1
2nZmS2uxOIlAEf1eWngPno,0,0,0,1
0ulw3x2dNFEFtWA0d9pN29,0,0,0,1
1yX2xY2HSoUxxQKJxlWrM3,0,0,0,1
5dUhYaBxIXolszXu3XTVHL,0,0,0,1
